binding_f1,cost,critical_recall,cvsr,difficulty,evaluator_hash,evaluator_version,evidence_precision,latency_ms,llm_calls,method,object_f1,relation_f1,replay_success,task_id,task_type,technical_failure,tokens
0.0,0.0,1.0,True,hard,8b7d4695f32523c96c79e649252f6f7b9f85eab9a7f6973a565553a740c47c5f,evaluator_v2.3,1.0,1.1,0,KAFarmTwin-TypedRepair,0.0,0.0,0.0,EXT-MQ-047,memory_query,False,0
0.0,0.0,1.0,True,hard,8b7d4695f32523c96c79e649252f6f7b9f85eab9a7f6973a565553a740c47c5f,evaluator_v2.3,1.0,0.9,0,SingleAgent-AllTools,0.0,0.0,0.0,EXT-MQ-047,memory_query,False,0
1.0,0.00015162,1.0,True,easy,8b7d4695f32523c96c79e649252f6f7b9f85eab9a7f6973a565553a740c47c5f,evaluator_v2.3,1.0,2517.9,1,SingleAgent-AllTools,1.0,1.0,0.0,EXT-DB-003,data_binding,False,977
1.0,0.00035266,1.0,True,easy,8b7d4695f32523c96c79e649252f6f7b9f85eab9a7f6973a565553a740c47c5f,evaluator_v2.3,1.0,3665.0,2,KAFarmTwin-TypedRepair,1.0,1.0,1.0,EXT-DB-003,data_binding,False,2382
1.0,0.00032983999999999997,1.0,False,easy,8b7d4695f32523c96c79e649252f6f7b9f85eab9a7f6973a565553a740c47c5f,evaluator_v2.3,1.0,4568.0,2,KAFarmTwin-TypedRepair,0.1515,1.0,1.0,EXT-AR-013,asset_routing,False,2237
0.0,0.0007105,1.0,False,easy,8b7d4695f32523c96c79e649252f6f7b9f85eab9a7f6973a565553a740c47c5f,evaluator_v2.3,1.0,22698.5,3,SingleAgent-AllTools,0.0588,0.2,0.8889,EXT-AR-013,asset_routing,False,3769
0.0,0.00065226,1.0,False,medium,8b7d4695f32523c96c79e649252f6f7b9f85eab9a7f6973a565553a740c47c5f,evaluator_v2.3,1.0,25297.5,3,SingleAgent-AllTools,0.9841,0.7273,0.625,EXT-SC-031,scene_construction,False,3580
0.0,0.0006405,1.0,False,medium,8b7d4695f32523c96c79e649252f6f7b9f85eab9a7f6973a565553a740c47c5f,evaluator_v2.3,1.0,18174.0,3,KAFarmTwin-TypedRepair,0.9841,0.7273,1.0,EXT-SC-031,scene_construction,False,3538
0.6667,0.00054124,1.0,False,hard,8b7d4695f32523c96c79e649252f6f7b9f85eab9a7f6973a565553a740c47c5f,evaluator_v2.3,1.0,7099.4,2,KAFarmTwin-TypedRepair,1.0,1.0,1.0,EXT-DB-048,data_binding,False,3534
1.0,0.00023898,1.0,True,hard,8b7d4695f32523c96c79e649252f6f7b9f85eab9a7f6973a565553a740c47c5f,evaluator_v2.3,1.0,5999.8,1,SingleAgent-AllTools,1.0,1.0,0.0,EXT-DB-048,data_binding,False,1354
0.0,0.0,1.0,False,easy,8b7d4695f32523c96c79e649252f6f7b9f85eab9a7f6973a565553a740c47c5f,evaluator_v2.3,1.0,0.0,0,SingleAgent-AllTools,1.0,0.0,1.0,EXT-RR-011,rule_repair,False,0
1.0,0.00016464,1.0,True,easy,8b7d4695f32523c96c79e649252f6f7b9f85eab9a7f6973a565553a740c47c5f,evaluator_v2.3,1.0,814.0,1,KAFarmTwin-TypedRepair,1.0,1.0,1.0,EXT-RR-011,rule_repair,False,1169
0.6667,0.00054824,1.0,False,hard,8b7d4695f32523c96c79e649252f6f7b9f85eab9a7f6973a565553a740c47c5f,evaluator_v2.3,1.0,13535.5,2,KAFarmTwin-TypedRepair,1.0,1.0,1.0,EXT-DB-052,data_binding,False,3570
0.6667,0.00021574,1.0,False,hard,8b7d4695f32523c96c79e649252f6f7b9f85eab9a7f6973a565553a740c47c5f,evaluator_v2.3,1.0,4912.1,1,SingleAgent-AllTools,1.0,1.0,0.0,EXT-DB-052,data_binding,False,1270
0.0,0.0,1.0,False,hard,8b7d4695f32523c96c79e649252f6f7b9f85eab9a7f6973a565553a740c47c5f,evaluator_v2.3,1.0,0.0,0,SingleAgent-AllTools,1.0,0.0,1.0,EXT-RR-058,rule_repair,False,0
1.0,0.0001988,1.0,True,hard,8b7d4695f32523c96c79e649252f6f7b9f85eab9a7f6973a565553a740c47c5f,evaluator_v2.3,1.0,725.6,1,KAFarmTwin-TypedRepair,1.0,1.0,1.0,EXT-RR-058,rule_repair,False,1413
1.0,0.00034748,1.0,True,easy,8b7d4695f32523c96c79e649252f6f7b9f85eab9a7f6973a565553a740c47c5f,evaluator_v2.3,1.0,7536.9,2,KAFarmTwin-TypedRepair,1.0,1.0,1.0,EXT-DB-006,data_binding,False,2351
1.0,0.00014896,1.0,True,easy,8b7d4695f32523c96c79e649252f6f7b9f85eab9a7f6973a565553a740c47c5f,evaluator_v2.3,1.0,2348.8,1,SingleAgent-AllTools,1.0,1.0,0.0,EXT-DB-006,data_binding,False,964
0.0,0.0006494599999999999,1.0,False,medium,8b7d4695f32523c96c79e649252f6f7b9f85eab9a7f6973a565553a740c47c5f,evaluator_v2.3,1.0,17842.2,3,SingleAgent-AllTools,0.9877,0.7273,0.625,EXT-SC-034,scene_construction,False,3568
0.0,0.00066318,1.0,False,medium,8b7d4695f32523c96c79e649252f6f7b9f85eab9a7f6973a565553a740c47c5f,evaluator_v2.3,1.0,25951.2,3,KAFarmTwin-TypedRepair,0.9877,0.7273,1.0,EXT-SC-034,scene_construction,False,3617
1.0,0.00018004,1.0,True,medium,8b7d4695f32523c96c79e649252f6f7b9f85eab9a7f6973a565553a740c47c5f,evaluator_v2.3,1.0,909.0,1,KAFarmTwin-TypedRepair,1.0,1.0,1.0,EXT-RR-031,rule_repair,False,1279
0.0,0.0,1.0,False,medium,8b7d4695f32523c96c79e649252f6f7b9f85eab9a7f6973a565553a740c47c5f,evaluator_v2.3,1.0,0.0,0,SingleAgent-AllTools,1.0,0.0,1.0,EXT-RR-031,rule_repair,False,0
0.0,0.0,1.0,True,medium,8b7d4695f32523c96c79e649252f6f7b9f85eab9a7f6973a565553a740c47c5f,evaluator_v2.3,1.0,1.4,0,SingleAgent-AllTools,0.0,0.0,0.0,EXT-MQ-018,memory_query,False,0
0.0,0.0,1.0,True,medium,8b7d4695f32523c96c79e649252f6f7b9f85eab9a7f6973a565553a740c47c5f,evaluator_v2.3,1.0,1.1,0,KAFarmTwin-TypedRepair,0.0,0.0,0.0,EXT-MQ-018,memory_query,False,0
1.0,0.00036568,1.0,False,medium,8b7d4695f32523c96c79e649252f6f7b9f85eab9a7f6973a565553a740c47c5f,evaluator_v2.3,1.0,3450.7,2,KAFarmTwin-TypedRepair,0.4737,1.0,1.0,EXT-AR-028,asset_routing,False,2467
0.0,0.00111678,1.0,False,medium,8b7d4695f32523c96c79e649252f6f7b9f85eab9a7f6973a565553a740c47c5f,evaluator_v2.3,1.0,40355.6,3,SingleAgent-AllTools,0.1463,0.25,0.9286,EXT-AR-028,asset_routing,False,5297
1.0,0.000182,1.0,True,medium,8b7d4695f32523c96c79e649252f6f7b9f85eab9a7f6973a565553a740c47c5f,evaluator_v2.3,1.0,3766.3,1,SingleAgent-AllTools,1.0,1.0,0.0,EXT-DB-043,data_binding,False,1119
1.0,0.0004291,1.0,True,medium,8b7d4695f32523c96c79e649252f6f7b9f85eab9a7f6973a565553a740c47c5f,evaluator_v2.3,1.0,4546.9,2,KAFarmTwin-TypedRepair,1.0,1.0,1.0,EXT-DB-043,data_binding,False,2876
1.0,0.0005511800000000001,1.0,True,hard,8b7d4695f32523c96c79e649252f6f7b9f85eab9a7f6973a565553a740c47c5f,evaluator_v2.3,1.0,6505.3,2,KAFarmTwin-TypedRepair,1.0,1.0,1.0,EXT-DB-057,data_binding,False,3581
1.0,0.00023828,1.0,True,hard,8b7d4695f32523c96c79e649252f6f7b9f85eab9a7f6973a565553a740c47c5f,evaluator_v2.3,1.0,5650.3,1,SingleAgent-AllTools,1.0,1.0,0.0,EXT-DB-057,data_binding,False,1353
0.0,0.0004466,0.0,False,hard,8b7d4695f32523c96c79e649252f6f7b9f85eab9a7f6973a565553a740c47c5f,evaluator_v2.3,0.0,21123.5,1,SingleAgent-AllTools,0.0,0.0,0.0,EXT-AR-048,asset_routing,False,1990
1.0,0.00039900000000000005,1.0,False,hard,8b7d4695f32523c96c79e649252f6f7b9f85eab9a7f6973a565553a740c47c5f,evaluator_v2.3,1.0,4144.5,2,KAFarmTwin-TypedRepair,0.1765,1.0,1.0,EXT-AR-048,asset_routing,False,2679
1.0,0.00034734,1.0,True,easy,8b7d4695f32523c96c79e649252f6f7b9f85eab9a7f6973a565553a740c47c5f,evaluator_v2.3,1.0,4975.0,2,KAFarmTwin-TypedRepair,1.0,1.0,1.0,EXT-DB-008,data_binding,False,2353
1.0,0.00015498,1.0,True,easy,8b7d4695f32523c96c79e649252f6f7b9f85eab9a7f6973a565553a740c47c5f,evaluator_v2.3,1.0,2709.0,1,SingleAgent-AllTools,1.0,1.0,0.0,EXT-DB-008,data_binding,False,985
0.0,0.0004956,1.0,False,easy,8b7d4695f32523c96c79e649252f6f7b9f85eab9a7f6973a565553a740c47c5f,evaluator_v2.3,1.0,14320.9,3,SingleAgent-AllTools,0.9697,0.5714,0.8333,EXT-SC-005,scene_construction,False,2979
0.0,0.00052248,1.0,False,easy,8b7d4695f32523c96c79e649252f6f7b9f85eab9a7f6973a565553a740c47c5f,evaluator_v2.3,1.0,13467.4,3,KAFarmTwin-TypedRepair,0.9697,0.5714,1.0,EXT-SC-005,scene_construction,False,3082
0.0,0.00069076,1.0,True,hard,8b7d4695f32523c96c79e649252f6f7b9f85eab9a7f6973a565553a740c47c5f,evaluator_v2.3,1.0,20545.0,3,KAFarmTwin-TypedRepair,1.0,1.0,1.0,EXT-SC-054,scene_construction,False,3725
0.0,0.0006972,1.0,True,hard,8b7d4695f32523c96c79e649252f6f7b9f85eab9a7f6973a565553a740c47c5f,evaluator_v2.3,1.0,20993.6,3,SingleAgent-AllTools,1.0,1.0,0.625,EXT-SC-054,scene_construction,False,3749
0.0,0.00063154,1.0,True,medium,8b7d4695f32523c96c79e649252f6f7b9f85eab9a7f6973a565553a740c47c5f,evaluator_v2.3,1.0,16886.8,3,SingleAgent-AllTools,1.0,1.0,0.5714,EXT-SC-042,scene_construction,False,3499
0.0,0.00063042,1.0,True,medium,8b7d4695f32523c96c79e649252f6f7b9f85eab9a7f6973a565553a740c47c5f,evaluator_v2.3,1.0,18916.2,3,KAFarmTwin-TypedRepair,1.0,0.9091,1.0,EXT-SC-042,scene_construction,False,3495
1.0,0.00034454,1.0,True,easy,8b7d4695f32523c96c79e649252f6f7b9f85eab9a7f6973a565553a740c47c5f,evaluator_v2.3,1.0,4503.9,2,KAFarmTwin-TypedRepair,1.0,1.0,1.0,EXT-DB-015,data_binding,False,2349
1.0,0.0001575,1.0,True,easy,8b7d4695f32523c96c79e649252f6f7b9f85eab9a7f6973a565553a740c47c5f,evaluator_v2.3,1.0,2499.3,1,SingleAgent-AllTools,1.0,1.0,0.0,EXT-DB-015,data_binding,False,997
0.0,0.0,1.0,True,hard,8b7d4695f32523c96c79e649252f6f7b9f85eab9a7f6973a565553a740c47c5f,evaluator_v2.3,1.0,2.5,0,SingleAgent-AllTools,0.0,0.0,0.0,EXT-MQ-060,memory_query,False,0
0.0,0.0,1.0,True,hard,8b7d4695f32523c96c79e649252f6f7b9f85eab9a7f6973a565553a740c47c5f,evaluator_v2.3,1.0,1.4,0,KAFarmTwin-TypedRepair,0.0,0.0,0.0,EXT-MQ-060,memory_query,False,0
1.0,0.0001953,1.0,True,hard,8b7d4695f32523c96c79e649252f6f7b9f85eab9a7f6973a565553a740c47c5f,evaluator_v2.3,1.0,1026.3,1,KAFarmTwin-TypedRepair,1.0,1.0,1.0,EXT-RR-059,rule_repair,False,1388
0.0,0.0,1.0,False,hard,8b7d4695f32523c96c79e649252f6f7b9f85eab9a7f6973a565553a740c47c5f,evaluator_v2.3,1.0,0.0,0,SingleAgent-AllTools,1.0,0.0,1.0,EXT-RR-059,rule_repair,False,0
1.0,0.00019894,1.0,True,medium,8b7d4695f32523c96c79e649252f6f7b9f85eab9a7f6973a565553a740c47c5f,evaluator_v2.3,1.0,5204.2,1,SingleAgent-AllTools,1.0,1.0,0.0,EXT-DB-040,data_binding,False,1158
1.0,0.00039284,1.0,True,medium,8b7d4695f32523c96c79e649252f6f7b9f85eab9a7f6973a565553a740c47c5f,evaluator_v2.3,1.0,4913.0,2,KAFarmTwin-TypedRepair,1.0,1.0,1.0,EXT-DB-040,data_binding,False,2623
1.0,0.00033474,1.0,False,easy,8b7d4695f32523c96c79e649252f6f7b9f85eab9a7f6973a565553a740c47c5f,evaluator_v2.3,1.0,3297.4,2,KAFarmTwin-TypedRepair,0.3043,1.0,1.0,EXT-AR-009,asset_routing,False,2259
0.0,0.00044352,1.0,False,easy,8b7d4695f32523c96c79e649252f6f7b9f85eab9a7f6973a565553a740c47c5f,evaluator_v2.3,0.0,38503.1,1,SingleAgent-AllTools,0.0,0.0,0.0,EXT-AR-009,asset_routing,False,1968
0.0,0.0,1.0,False,medium,8b7d4695f32523c96c79e649252f6f7b9f85eab9a7f6973a565553a740c47c5f,evaluator_v2.3,1.0,0.0,0,SingleAgent-AllTools,1.0,0.0,1.0,EXT-RR-030,rule_repair,False,0
1.0,0.00018256,1.0,True,medium,8b7d4695f32523c96c79e649252f6f7b9f85eab9a7f6973a565553a740c47c5f,evaluator_v2.3,1.0,946.0,1,KAFarmTwin-TypedRepair,1.0,1.0,1.0,EXT-RR-030,rule_repair,False,1297
1.0,0.00036274,1.0,False,medium,8b7d4695f32523c96c79e649252f6f7b9f85eab9a7f6973a565553a740c47c5f,evaluator_v2.3,1.0,3712.6,2,KAFarmTwin-TypedRepair,0.1935,1.0,1.0,EXT-AR-019,asset_routing,False,2446
0.0,0.0008206799999999998,1.0,False,medium,8b7d4695f32523c96c79e649252f6f7b9f85eab9a7f6973a565553a740c47c5f,evaluator_v2.3,1.0,28745.6,3,SingleAgent-AllTools,0.1875,0.5,0.9,EXT-AR-019,asset_routing,False,4200
0.0,0.00068138,1.0,False,medium,8b7d4695f32523c96c79e649252f6f7b9f85eab9a7f6973a565553a740c47c5f,evaluator_v2.3,1.0,26157.5,3,SingleAgent-AllTools,0.9905,0.7273,0.625,EXT-SC-029,scene_construction,False,3688
0.0,0.0006525400000000001,1.0,False,medium,8b7d4695f32523c96c79e649252f6f7b9f85eab9a7f6973a565553a740c47c5f,evaluator_v2.3,1.0,18678.2,3,KAFarmTwin-TypedRepair,0.9905,0.7273,1.0,EXT-SC-029,scene_construction,False,3586
0.0,0.0006014400000000001,1.0,False,easy,8b7d4695f32523c96c79e649252f6f7b9f85eab9a7f6973a565553a740c47c5f,evaluator_v2.3,1.0,16742.6,3,KAFarmTwin-TypedRepair,0.9744,0.6667,1.0,EXT-SC-011,scene_construction,False,3399
0.0,0.00063112,1.0,False,easy,8b7d4695f32523c96c79e649252f6f7b9f85eab9a7f6973a565553a740c47c5f,evaluator_v2.3,1.0,19014.5,3,SingleAgent-AllTools,0.9744,0.6667,0.7143,EXT-SC-011,scene_construction,False,3508
0.0,0.0,1.0,False,medium,8b7d4695f32523c96c79e649252f6f7b9f85eab9a7f6973a565553a740c47c5f,evaluator_v2.3,1.0,0.1,0,SingleAgent-AllTools,1.0,0.0,1.0,EXT-RR-016,rule_repair,False,0
1.0,0.00018438,1.0,True,medium,8b7d4695f32523c96c79e649252f6f7b9f85eab9a7f6973a565553a740c47c5f,evaluator_v2.3,1.0,779.9,1,KAFarmTwin-TypedRepair,1.0,1.0,1.0,EXT-RR-016,rule_repair,False,1310
1.0,0.00036162,1.0,False,medium,8b7d4695f32523c96c79e649252f6f7b9f85eab9a7f6973a565553a740c47c5f,evaluator_v2.3,1.0,3786.5,2,KAFarmTwin-TypedRepair,0.2647,1.0,1.0,EXT-AR-040,asset_routing,False,2442
0.0,0.00044576,0.0,False,medium,8b7d4695f32523c96c79e649252f6f7b9f85eab9a7f6973a565553a740c47c5f,evaluator_v2.3,0.0,23601.0,1,SingleAgent-AllTools,0.0,0.0,0.0,EXT-AR-040,asset_routing,False,1984
0.0,0.0,1.0,False,easy,8b7d4695f32523c96c79e649252f6f7b9f85eab9a7f6973a565553a740c47c5f,evaluator_v2.3,1.0,0.2,0,SingleAgent-AllTools,1.0,0.0,1.0,EXT-RR-014,rule_repair,False,0
1.0,0.00016814,1.0,True,easy,8b7d4695f32523c96c79e649252f6f7b9f85eab9a7f6973a565553a740c47c5f,evaluator_v2.3,1.0,2155.7,1,KAFarmTwin-TypedRepair,1.0,1.0,1.0,EXT-RR-014,rule_repair,False,1194
1.0,0.00053956,1.0,True,hard,8b7d4695f32523c96c79e649252f6f7b9f85eab9a7f6973a565553a740c47c5f,evaluator_v2.3,1.0,6399.2,2,KAFarmTwin-TypedRepair,1.0,1.0,1.0,EXT-DB-059,data_binding,False,3560
1.0,0.00024038,1.0,True,hard,8b7d4695f32523c96c79e649252f6f7b9f85eab9a7f6973a565553a740c47c5f,evaluator_v2.3,1.0,6101.5,1,SingleAgent-AllTools,1.0,1.0,0.0,EXT-DB-059,data_binding,False,1364
1.0,0.0001631,1.0,True,easy,8b7d4695f32523c96c79e649252f6f7b9f85eab9a7f6973a565553a740c47c5f,evaluator_v2.3,1.0,6225.8,1,SingleAgent-AllTools,1.0,1.0,0.0,EXT-DB-005,data_binding,False,1018
1.0,0.00034874,1.0,True,easy,8b7d4695f32523c96c79e649252f6f7b9f85eab9a7f6973a565553a740c47c5f,evaluator_v2.3,1.0,5198.0,2,KAFarmTwin-TypedRepair,1.0,1.0,1.0,EXT-DB-005,data_binding,False,2362
1.0,0.00035182,1.0,True,easy,8b7d4695f32523c96c79e649252f6f7b9f85eab9a7f6973a565553a740c47c5f,evaluator_v2.3,1.0,7763.4,2,KAFarmTwin-TypedRepair,1.0,1.0,1.0,EXT-DB-014,data_binding,False,2376
1.0,0.00015806,1.0,True,easy,8b7d4695f32523c96c79e649252f6f7b9f85eab9a7f6973a565553a740c47c5f,evaluator_v2.3,1.0,2797.6,1,SingleAgent-AllTools,1.0,1.0,0.0,EXT-DB-014,data_binding,False,999
0.0,0.0006420400000000001,1.0,True,hard,8b7d4695f32523c96c79e649252f6f7b9f85eab9a7f6973a565553a740c47c5f,evaluator_v2.3,1.0,19196.0,3,SingleAgent-AllTools,1.0,1.0,0.625,EXT-SC-049,scene_construction,False,3549
0.0,0.0008701,1.0,True,hard,8b7d4695f32523c96c79e649252f6f7b9f85eab9a7f6973a565553a740c47c5f,evaluator_v2.3,1.0,20129.8,4,KAFarmTwin-TypedRepair,1.0,1.0,1.0,EXT-SC-049,scene_construction,False,5114
1.0,0.00020048,1.0,True,hard,8b7d4695f32523c96c79e649252f6f7b9f85eab9a7f6973a565553a740c47c5f,evaluator_v2.3,1.0,912.5,1,KAFarmTwin-TypedRepair,1.0,1.0,1.0,EXT-RR-048,rule_repair,False,1425
0.0,0.0,1.0,False,hard,8b7d4695f32523c96c79e649252f6f7b9f85eab9a7f6973a565553a740c47c5f,evaluator_v2.3,1.0,0.1,0,SingleAgent-AllTools,1.0,0.0,1.0,EXT-RR-048,rule_repair,False,0
0.0,0.0006241199999999999,1.0,True,hard,8b7d4695f32523c96c79e649252f6f7b9f85eab9a7f6973a565553a740c47c5f,evaluator_v2.3,1.0,18687.9,3,SingleAgent-AllTools,1.0,1.0,0.625,EXT-SC-050,scene_construction,False,3489
0.0,0.00064568,1.0,True,hard,8b7d4695f32523c96c79e649252f6f7b9f85eab9a7f6973a565553a740c47c5f,evaluator_v2.3,1.0,18819.0,3,KAFarmTwin-TypedRepair,1.0,1.0,1.0,EXT-SC-050,scene_construction,False,3566
0.0,0.0,1.0,True,medium,8b7d4695f32523c96c79e649252f6f7b9f85eab9a7f6973a565553a740c47c5f,evaluator_v2.3,1.0,2.3,0,KAFarmTwin-TypedRepair,0.0,0.0,0.0,EXT-MQ-039,memory_query,False,0
0.0,0.0,1.0,True,medium,8b7d4695f32523c96c79e649252f6f7b9f85eab9a7f6973a565553a740c47c5f,evaluator_v2.3,1.0,1.2,0,SingleAgent-AllTools,0.0,0.0,0.0,EXT-MQ-039,memory_query,False,0
0.0,0.0006892199999999999,1.0,False,easy,8b7d4695f32523c96c79e649252f6f7b9f85eab9a7f6973a565553a740c47c5f,evaluator_v2.3,1.0,35064.9,3,SingleAgent-AllTools,0.0833,0.25,0.6667,EXT-AR-002,asset_routing,False,3695
1.0,0.00032956,1.0,False,easy,8b7d4695f32523c96c79e649252f6f7b9f85eab9a7f6973a565553a740c47c5f,evaluator_v2.3,1.0,3232.3,2,KAFarmTwin-TypedRepair,0.2727,1.0,1.0,EXT-AR-002,asset_routing,False,2235
1.0,0.00018326,1.0,True,medium,8b7d4695f32523c96c79e649252f6f7b9f85eab9a7f6973a565553a740c47c5f,evaluator_v2.3,1.0,815.5,1,KAFarmTwin-TypedRepair,1.0,1.0,1.0,EXT-RR-042,rule_repair,False,1302
0.0,0.0,1.0,False,medium,8b7d4695f32523c96c79e649252f6f7b9f85eab9a7f6973a565553a740c47c5f,evaluator_v2.3,1.0,0.0,0,SingleAgent-AllTools,1.0,0.0,1.0,EXT-RR-042,rule_repair,False,0
0.0,0.0011783800000000001,1.0,False,hard,8b7d4695f32523c96c79e649252f6f7b9f85eab9a7f6973a565553a740c47c5f,evaluator_v2.3,1.0,46920.5,3,SingleAgent-AllTools,0.2609,0.3158,0.625,EXT-AR-059,asset_routing,False,5515
1.0,0.00039382,1.0,False,hard,8b7d4695f32523c96c79e649252f6f7b9f85eab9a7f6973a565553a740c47c5f,evaluator_v2.3,1.0,3976.4,2,KAFarmTwin-TypedRepair,0.3667,1.0,1.0,EXT-AR-059,asset_routing,False,2650
1.0,0.00036428000000000003,1.0,False,medium,8b7d4695f32523c96c79e649252f6f7b9f85eab9a7f6973a565553a740c47c5f,evaluator_v2.3,1.0,3639.9,2,KAFarmTwin-TypedRepair,0.4444,1.0,1.0,EXT-AR-021,asset_routing,False,2459
0.0,0.00089348,1.0,False,medium,8b7d4695f32523c96c79e649252f6f7b9f85eab9a7f6973a565553a740c47c5f,evaluator_v2.3,1.0,33091.9,3,SingleAgent-AllTools,0.1026,0.4286,0.9167,EXT-AR-021,asset_routing,False,4470
0.0,0.0004452,0.0,False,medium,8b7d4695f32523c96c79e649252f6f7b9f85eab9a7f6973a565553a740c47c5f,evaluator_v2.3,0.0,19364.9,1,SingleAgent-AllTools,0.0,0.0,0.0,EXT-AR-041,asset_routing,False,1980
1.0,0.00036414,1.0,False,medium,8b7d4695f32523c96c79e649252f6f7b9f85eab9a7f6973a565553a740c47c5f,evaluator_v2.3,1.0,3704.5,2,KAFarmTwin-TypedRepair,0.2632,1.0,1.0,EXT-AR-041,asset_routing,False,2455
1.0,0.0003808,1.0,True,medium,8b7d4695f32523c96c79e649252f6f7b9f85eab9a7f6973a565553a740c47c5f,evaluator_v2.3,1.0,3606.9,2,KAFarmTwin-TypedRepair,1.0,1.0,1.0,EXT-DB-026,data_binding,False,2577
1.0,0.0001729,1.0,True,medium,8b7d4695f32523c96c79e649252f6f7b9f85eab9a7f6973a565553a740c47c5f,evaluator_v2.3,1.0,3118.6,1,SingleAgent-AllTools,1.0,1.0,0.0,EXT-DB-026,data_binding,False,1065
1.0,0.00017752,1.0,True,medium,8b7d4695f32523c96c79e649252f6f7b9f85eab9a7f6973a565553a740c47c5f,evaluator_v2.3,1.0,4085.5,1,SingleAgent-AllTools,1.0,1.0,0.0,EXT-DB-024,data_binding,False,1085
1.0,0.00039858,1.0,True,medium,8b7d4695f32523c96c79e649252f6f7b9f85eab9a7f6973a565553a740c47c5f,evaluator_v2.3,1.0,5471.0,2,KAFarmTwin-TypedRepair,1.0,1.0,1.0,EXT-DB-024,data_binding,False,2657
1.0,0.00033306,1.0,False,easy,8b7d4695f32523c96c79e649252f6f7b9f85eab9a7f6973a565553a740c47c5f,evaluator_v2.3,1.0,4555.5,2,KAFarmTwin-TypedRepair,0.3158,1.0,1.0,EXT-AR-008,asset_routing,False,2253
0.0,0.00087136,1.0,False,easy,8b7d4695f32523c96c79e649252f6f7b9f85eab9a7f6973a565553a740c47c5f,evaluator_v2.3,1.0,41087.8,3,SingleAgent-AllTools,0.1,0.3636,0.9,EXT-AR-008,asset_routing,False,4362
0.0,0.000665,1.0,True,hard,8b7d4695f32523c96c79e649252f6f7b9f85eab9a7f6973a565553a740c47c5f,evaluator_v2.3,1.0,19178.2,3,SingleAgent-AllTools,1.0,1.0,0.625,EXT-SC-046,scene_construction,False,3614
0.0,0.0008723399999999999,1.0,False,hard,8b7d4695f32523c96c79e649252f6f7b9f85eab9a7f6973a565553a740c47c5f,evaluator_v2.3,1.0,19040.2,4,KAFarmTwin-TypedRepair,0.9888,0.6667,1.0,EXT-SC-046,scene_construction,False,5080
0.0,0.0,1.0,True,medium,8b7d4695f32523c96c79e649252f6f7b9f85eab9a7f6973a565553a740c47c5f,evaluator_v2.3,1.0,1.1,0,KAFarmTwin-TypedRepair,0.0,0.0,0.0,EXT-MQ-029,memory_query,False,0
0.0,0.0,1.0,True,medium,8b7d4695f32523c96c79e649252f6f7b9f85eab9a7f6973a565553a740c47c5f,evaluator_v2.3,1.0,0.8,0,SingleAgent-AllTools,0.0,0.0,0.0,EXT-MQ-029,memory_query,False,0
0.0,0.0,1.0,True,easy,8b7d4695f32523c96c79e649252f6f7b9f85eab9a7f6973a565553a740c47c5f,evaluator_v2.3,1.0,0.7,0,SingleAgent-AllTools,0.0,0.0,0.0,EXT-MQ-008,memory_query,False,0
0.0,0.0,1.0,True,easy,8b7d4695f32523c96c79e649252f6f7b9f85eab9a7f6973a565553a740c47c5f,evaluator_v2.3,1.0,0.6,0,KAFarmTwin-TypedRepair,0.0,0.0,0.0,EXT-MQ-008,memory_query,False,0
1.0,0.00020048,1.0,True,hard,8b7d4695f32523c96c79e649252f6f7b9f85eab9a7f6973a565553a740c47c5f,evaluator_v2.3,1.0,1056.3,1,KAFarmTwin-TypedRepair,1.0,1.0,1.0,EXT-RR-052,rule_repair,False,1425
0.0,0.0,1.0,False,hard,8b7d4695f32523c96c79e649252f6f7b9f85eab9a7f6973a565553a740c47c5f,evaluator_v2.3,1.0,0.0,0,SingleAgent-AllTools,1.0,0.0,1.0,EXT-RR-052,rule_repair,False,0
1.0,0.00019516,1.0,True,medium,8b7d4695f32523c96c79e649252f6f7b9f85eab9a7f6973a565553a740c47c5f,evaluator_v2.3,1.0,4598.6,1,SingleAgent-AllTools,1.0,1.0,0.0,EXT-DB-021,data_binding,False,1164
1.0,0.00043918,1.0,True,medium,8b7d4695f32523c96c79e649252f6f7b9f85eab9a7f6973a565553a740c47c5f,evaluator_v2.3,1.0,6069.4,2,KAFarmTwin-TypedRepair,1.0,1.0,1.0,EXT-DB-021,data_binding,False,2900
1.0,0.00016464,1.0,True,easy,8b7d4695f32523c96c79e649252f6f7b9f85eab9a7f6973a565553a740c47c5f,evaluator_v2.3,1.0,924.4,1,KAFarmTwin-TypedRepair,1.0,1.0,1.0,EXT-RR-003,rule_repair,False,1169
0.0,0.0,1.0,False,easy,8b7d4695f32523c96c79e649252f6f7b9f85eab9a7f6973a565553a740c47c5f,evaluator_v2.3,1.0,0.0,0,SingleAgent-AllTools,1.0,0.0,1.0,EXT-RR-003,rule_repair,False,0
0.0,0.0,1.0,False,medium,8b7d4695f32523c96c79e649252f6f7b9f85eab9a7f6973a565553a740c47c5f,evaluator_v2.3,1.0,0.1,0,SingleAgent-AllTools,1.0,0.0,1.0,EXT-RR-029,rule_repair,False,0
1.0,0.00018116,1.0,True,medium,8b7d4695f32523c96c79e649252f6f7b9f85eab9a7f6973a565553a740c47c5f,evaluator_v2.3,1.0,697.2,1,KAFarmTwin-TypedRepair,1.0,1.0,1.0,EXT-RR-029,rule_repair,False,1287
1.0,0.00018382,1.0,True,medium,8b7d4695f32523c96c79e649252f6f7b9f85eab9a7f6973a565553a740c47c5f,evaluator_v2.3,1.0,781.9,1,KAFarmTwin-TypedRepair,1.0,1.0,1.0,EXT-RR-038,rule_repair,False,1306
0.0,0.0,1.0,False,medium,8b7d4695f32523c96c79e649252f6f7b9f85eab9a7f6973a565553a740c47c5f,evaluator_v2.3,1.0,0.0,0,SingleAgent-AllTools,1.0,0.0,1.0,EXT-RR-038,rule_repair,False,0
0.0,0.0,1.0,False,easy,8b7d4695f32523c96c79e649252f6f7b9f85eab9a7f6973a565553a740c47c5f,evaluator_v2.3,1.0,0.1,0,SingleAgent-AllTools,1.0,0.0,1.0,EXT-RR-009,rule_repair,False,0
1.0,0.00016604,1.0,True,easy,8b7d4695f32523c96c79e649252f6f7b9f85eab9a7f6973a565553a740c47c5f,evaluator_v2.3,1.0,695.0,1,KAFarmTwin-TypedRepair,1.0,1.0,1.0,EXT-RR-009,rule_repair,False,1179
0.0,0.00069524,1.0,True,hard,8b7d4695f32523c96c79e649252f6f7b9f85eab9a7f6973a565553a740c47c5f,evaluator_v2.3,1.0,29961.2,3,KAFarmTwin-TypedRepair,1.0,1.0,1.0,EXT-SC-051,scene_construction,False,3745
0.0,0.00071232,1.0,True,hard,8b7d4695f32523c96c79e649252f6f7b9f85eab9a7f6973a565553a740c47c5f,evaluator_v2.3,1.0,31691.8,3,SingleAgent-AllTools,1.0,1.0,0.625,EXT-SC-051,scene_construction,False,3806
0.0,0.0,1.0,False,medium,8b7d4695f32523c96c79e649252f6f7b9f85eab9a7f6973a565553a740c47c5f,evaluator_v2.3,1.0,0.1,0,SingleAgent-AllTools,1.0,0.0,1.0,EXT-RR-037,rule_repair,False,0
1.0,0.00018088,1.0,True,medium,8b7d4695f32523c96c79e649252f6f7b9f85eab9a7f6973a565553a740c47c5f,evaluator_v2.3,1.0,1107.7,1,KAFarmTwin-TypedRepair,1.0,1.0,1.0,EXT-RR-037,rule_repair,False,1285
1.0,0.00018312,1.0,True,medium,8b7d4695f32523c96c79e649252f6f7b9f85eab9a7f6973a565553a740c47c5f,evaluator_v2.3,1.0,880.0,1,KAFarmTwin-TypedRepair,1.0,1.0,1.0,EXT-RR-034,rule_repair,False,1301
0.0,0.0,1.0,False,medium,8b7d4695f32523c96c79e649252f6f7b9f85eab9a7f6973a565553a740c47c5f,evaluator_v2.3,1.0,0.0,0,SingleAgent-AllTools,1.0,0.0,1.0,EXT-RR-034,rule_repair,False,0
0.0,0.00061264,1.0,True,medium,8b7d4695f32523c96c79e649252f6f7b9f85eab9a7f6973a565553a740c47c5f,evaluator_v2.3,1.0,18501.4,3,SingleAgent-AllTools,1.0,0.9091,0.5714,EXT-SC-022,scene_construction,False,3421
0.0,0.00063532,1.0,False,medium,8b7d4695f32523c96c79e649252f6f7b9f85eab9a7f6973a565553a740c47c5f,evaluator_v2.3,1.0,18655.1,3,KAFarmTwin-TypedRepair,1.0,0.8,1.0,EXT-SC-022,scene_construction,False,3502
0.0,0.0,1.0,True,medium,8b7d4695f32523c96c79e649252f6f7b9f85eab9a7f6973a565553a740c47c5f,evaluator_v2.3,1.0,2.3,0,KAFarmTwin-TypedRepair,0.0,0.0,0.0,EXT-MQ-032,memory_query,False,0
0.0,0.0,1.0,True,medium,8b7d4695f32523c96c79e649252f6f7b9f85eab9a7f6973a565553a740c47c5f,evaluator_v2.3,1.0,1.7,0,SingleAgent-AllTools,0.0,0.0,0.0,EXT-MQ-032,memory_query,False,0
1.0,0.00019586,1.0,True,medium,8b7d4695f32523c96c79e649252f6f7b9f85eab9a7f6973a565553a740c47c5f,evaluator_v2.3,1.0,5101.0,1,SingleAgent-AllTools,1.0,1.0,0.0,EXT-DB-037,data_binding,False,1167
1.0,0.00044043999999999995,1.0,True,medium,8b7d4695f32523c96c79e649252f6f7b9f85eab9a7f6973a565553a740c47c5f,evaluator_v2.3,1.0,4982.4,2,KAFarmTwin-TypedRepair,1.0,1.0,1.0,EXT-DB-037,data_binding,False,2906
1.0,0.00019922,1.0,True,hard,8b7d4695f32523c96c79e649252f6f7b9f85eab9a7f6973a565553a740c47c5f,evaluator_v2.3,1.0,1039.1,1,KAFarmTwin-TypedRepair,1.0,1.0,1.0,EXT-RR-056,rule_repair,False,1416
0.0,0.0,1.0,False,hard,8b7d4695f32523c96c79e649252f6f7b9f85eab9a7f6973a565553a740c47c5f,evaluator_v2.3,1.0,0.1,0,SingleAgent-AllTools,1.0,0.0,1.0,EXT-RR-056,rule_repair,False,0
0.0,0.0,1.0,False,medium,8b7d4695f32523c96c79e649252f6f7b9f85eab9a7f6973a565553a740c47c5f,evaluator_v2.3,1.0,0.1,0,SingleAgent-AllTools,1.0,0.0,1.0,EXT-RR-021,rule_repair,False,0
1.0,0.00018046,1.0,True,medium,8b7d4695f32523c96c79e649252f6f7b9f85eab9a7f6973a565553a740c47c5f,evaluator_v2.3,1.0,2247.3,1,KAFarmTwin-TypedRepair,1.0,1.0,1.0,EXT-RR-021,rule_repair,False,1282
0.0,0.0,1.0,True,easy,8b7d4695f32523c96c79e649252f6f7b9f85eab9a7f6973a565553a740c47c5f,evaluator_v2.3,1.0,1.9,0,KAFarmTwin-TypedRepair,0.0,0.0,0.0,EXT-MQ-004,memory_query,False,0
0.0,0.0,1.0,True,easy,8b7d4695f32523c96c79e649252f6f7b9f85eab9a7f6973a565553a740c47c5f,evaluator_v2.3,1.0,1.5,0,SingleAgent-AllTools,0.0,0.0,0.0,EXT-MQ-004,memory_query,False,0
0.0,0.00044548,0.0,False,medium,8b7d4695f32523c96c79e649252f6f7b9f85eab9a7f6973a565553a740c47c5f,evaluator_v2.3,0.0,22261.2,1,SingleAgent-AllTools,0.0,0.0,0.0,EXT-AR-045,asset_routing,False,1982
1.0,0.000364,1.0,False,medium,8b7d4695f32523c96c79e649252f6f7b9f85eab9a7f6973a565553a740c47c5f,evaluator_v2.3,1.0,3629.3,2,KAFarmTwin-TypedRepair,0.2963,1.0,1.0,EXT-AR-045,asset_routing,False,2458
1.0,0.00039032,1.0,False,hard,8b7d4695f32523c96c79e649252f6f7b9f85eab9a7f6973a565553a740c47c5f,evaluator_v2.3,1.0,7612.4,2,KAFarmTwin-TypedRepair,0.1935,1.0,1.0,EXT-AR-054,asset_routing,False,2625
0.0,0.00044618,0.0,False,hard,8b7d4695f32523c96c79e649252f6f7b9f85eab9a7f6973a565553a740c47c5f,evaluator_v2.3,0.0,21147.1,1,SingleAgent-AllTools,0.0,0.0,0.0,EXT-AR-054,asset_routing,False,1987
0.0,0.0,1.0,True,medium,8b7d4695f32523c96c79e649252f6f7b9f85eab9a7f6973a565553a740c47c5f,evaluator_v2.3,1.0,2.1,0,SingleAgent-AllTools,0.0,0.0,0.0,EXT-MQ-043,memory_query,False,0
0.0,0.0,1.0,True,medium,8b7d4695f32523c96c79e649252f6f7b9f85eab9a7f6973a565553a740c47c5f,evaluator_v2.3,1.0,1.6,0,KAFarmTwin-TypedRepair,0.0,0.0,0.0,EXT-MQ-043,memory_query,False,0
1.0,0.00016996,1.0,True,easy,8b7d4695f32523c96c79e649252f6f7b9f85eab9a7f6973a565553a740c47c5f,evaluator_v2.3,1.0,910.5,1,KAFarmTwin-TypedRepair,1.0,1.0,1.0,EXT-RR-004,rule_repair,False,1207
0.0,0.0,1.0,False,easy,8b7d4695f32523c96c79e649252f6f7b9f85eab9a7f6973a565553a740c47c5f,evaluator_v2.3,1.0,0.0,0,SingleAgent-AllTools,1.0,0.0,1.0,EXT-RR-004,rule_repair,False,0
1.0,0.000182,1.0,True,medium,8b7d4695f32523c96c79e649252f6f7b9f85eab9a7f6973a565553a740c47c5f,evaluator_v2.3,1.0,3547.6,1,SingleAgent-AllTools,1.0,1.0,0.0,EXT-DB-019,data_binding,False,1119
1.0,0.00042882,1.0,True,medium,8b7d4695f32523c96c79e649252f6f7b9f85eab9a7f6973a565553a740c47c5f,evaluator_v2.3,1.0,8580.4,2,KAFarmTwin-TypedRepair,1.0,1.0,1.0,EXT-DB-019,data_binding,False,2875
0.0,0.00058464,1.0,True,easy,8b7d4695f32523c96c79e649252f6f7b9f85eab9a7f6973a565553a740c47c5f,evaluator_v2.3,1.0,22532.3,3,KAFarmTwin-TypedRepair,1.0,0.8889,1.0,EXT-SC-008,scene_construction,False,3327
0.0,0.00058856,1.0,True,easy,8b7d4695f32523c96c79e649252f6f7b9f85eab9a7f6973a565553a740c47c5f,evaluator_v2.3,1.0,17236.4,3,SingleAgent-AllTools,1.0,0.8889,0.6667,EXT-SC-008,scene_construction,False,3341
0.0,0.00094738,1.0,False,hard,8b7d4695f32523c96c79e649252f6f7b9f85eab9a7f6973a565553a740c47c5f,evaluator_v2.3,1.0,41510.0,3,SingleAgent-AllTools,0.127,0.5333,0.75,EXT-AR-052,asset_routing,False,4679
1.0,0.00039088,1.0,False,hard,8b7d4695f32523c96c79e649252f6f7b9f85eab9a7f6973a565553a740c47c5f,evaluator_v2.3,1.0,7969.8,2,KAFarmTwin-TypedRepair,0.3448,1.0,1.0,EXT-AR-052,asset_routing,False,2628
0.0,0.00068278,1.0,False,medium,8b7d4695f32523c96c79e649252f6f7b9f85eab9a7f6973a565553a740c47c5f,evaluator_v2.3,1.0,27840.5,3,KAFarmTwin-TypedRepair,0.9877,0.7273,1.0,EXT-SC-019,scene_construction,False,3695
0.0,0.00066486,1.0,False,medium,8b7d4695f32523c96c79e649252f6f7b9f85eab9a7f6973a565553a740c47c5f,evaluator_v2.3,1.0,19854.4,3,SingleAgent-AllTools,0.9877,0.7273,0.625,EXT-SC-019,scene_construction,False,3622
0.0,0.0005895399999999999,1.0,True,easy,8b7d4695f32523c96c79e649252f6f7b9f85eab9a7f6973a565553a740c47c5f,evaluator_v2.3,1.0,16573.5,3,SingleAgent-AllTools,1.0,0.8889,0.6667,EXT-SC-007,scene_construction,False,3337
0.0,0.0006178199999999999,1.0,False,easy,8b7d4695f32523c96c79e649252f6f7b9f85eab9a7f6973a565553a740c47c5f,evaluator_v2.3,1.0,15719.4,3,KAFarmTwin-TypedRepair,0.9767,0.6667,1.0,EXT-SC-007,scene_construction,False,3444
1.0,0.0001806,1.0,True,medium,8b7d4695f32523c96c79e649252f6f7b9f85eab9a7f6973a565553a740c47c5f,evaluator_v2.3,1.0,2262.8,1,KAFarmTwin-TypedRepair,1.0,1.0,1.0,EXT-RR-033,rule_repair,False,1283
0.0,0.0,1.0,False,medium,8b7d4695f32523c96c79e649252f6f7b9f85eab9a7f6973a565553a740c47c5f,evaluator_v2.3,1.0,0.0,0,SingleAgent-AllTools,1.0,0.0,1.0,EXT-RR-033,rule_repair,False,0
0.0,0.0006714399999999999,1.0,False,medium,8b7d4695f32523c96c79e649252f6f7b9f85eab9a7f6973a565553a740c47c5f,evaluator_v2.3,1.0,21620.3,3,SingleAgent-AllTools,0.0755,0.6,0.875,EXT-AR-016,asset_routing,False,3644
1.0,0.0003605,1.0,False,medium,8b7d4695f32523c96c79e649252f6f7b9f85eab9a7f6973a565553a740c47c5f,evaluator_v2.3,1.0,4118.1,2,KAFarmTwin-TypedRepair,0.36,1.0,1.0,EXT-AR-016,asset_routing,False,2435
1.0,0.00016548,1.0,True,easy,8b7d4695f32523c96c79e649252f6f7b9f85eab9a7f6973a565553a740c47c5f,evaluator_v2.3,1.0,869.8,1,KAFarmTwin-TypedRepair,1.0,1.0,1.0,EXT-RR-013,rule_repair,False,1175
0.0,0.0,1.0,False,easy,8b7d4695f32523c96c79e649252f6f7b9f85eab9a7f6973a565553a740c47c5f,evaluator_v2.3,1.0,0.0,0,SingleAgent-AllTools,1.0,0.0,1.0,EXT-RR-013,rule_repair,False,0
1.0,0.00018046,1.0,True,medium,8b7d4695f32523c96c79e649252f6f7b9f85eab9a7f6973a565553a740c47c5f,evaluator_v2.3,1.0,3838.1,1,SingleAgent-AllTools,1.0,1.0,0.0,EXT-DB-027,data_binding,False,1111
1.0,0.00042559999999999994,1.0,True,medium,8b7d4695f32523c96c79e649252f6f7b9f85eab9a7f6973a565553a740c47c5f,evaluator_v2.3,1.0,4824.6,2,KAFarmTwin-TypedRepair,1.0,1.0,1.0,EXT-DB-027,data_binding,False,2855
1.0,0.00044043999999999995,1.0,True,medium,8b7d4695f32523c96c79e649252f6f7b9f85eab9a7f6973a565553a740c47c5f,evaluator_v2.3,1.0,7477.8,2,KAFarmTwin-TypedRepair,1.0,1.0,1.0,EXT-DB-017,data_binding,False,2906
1.0,0.00019586,1.0,True,medium,8b7d4695f32523c96c79e649252f6f7b9f85eab9a7f6973a565553a740c47c5f,evaluator_v2.3,1.0,4590.6,1,SingleAgent-AllTools,1.0,1.0,0.0,EXT-DB-017,data_binding,False,1167
1.0,0.0001638,1.0,True,medium,8b7d4695f32523c96c79e649252f6f7b9f85eab9a7f6973a565553a740c47c5f,evaluator_v2.3,1.0,7783.8,1,SingleAgent-AllTools,1.0,1.0,0.0,EXT-DB-016,data_binding,False,1032
1.0,0.00039242,1.0,True,medium,8b7d4695f32523c96c79e649252f6f7b9f85eab9a7f6973a565553a740c47c5f,evaluator_v2.3,1.0,4261.0,2,KAFarmTwin-TypedRepair,1.0,1.0,1.0,EXT-DB-016,data_binding,False,2621
0.0,0.0,1.0,True,medium,8b7d4695f32523c96c79e649252f6f7b9f85eab9a7f6973a565553a740c47c5f,evaluator_v2.3,1.0,2.3,0,KAFarmTwin-TypedRepair,0.0,0.0,0.0,EXT-MQ-025,memory_query,False,0
0.0,0.0,1.0,True,medium,8b7d4695f32523c96c79e649252f6f7b9f85eab9a7f6973a565553a740c47c5f,evaluator_v2.3,1.0,1.9,0,SingleAgent-AllTools,0.0,0.0,0.0,EXT-MQ-025,memory_query,False,0
0.0,0.00044618,0.0,False,hard,8b7d4695f32523c96c79e649252f6f7b9f85eab9a7f6973a565553a740c47c5f,evaluator_v2.3,0.0,18847.0,1,SingleAgent-AllTools,0.0,0.0,0.0,EXT-AR-060,asset_routing,False,1987
1.0,0.00041538,1.0,False,hard,8b7d4695f32523c96c79e649252f6f7b9f85eab9a7f6973a565553a740c47c5f,evaluator_v2.3,1.0,16688.1,2,KAFarmTwin-TypedRepair,0.1429,0.6,1.0,EXT-AR-060,asset_routing,False,2695
1.0,0.0003409,1.0,True,easy,8b7d4695f32523c96c79e649252f6f7b9f85eab9a7f6973a565553a740c47c5f,evaluator_v2.3,1.0,2882.9,2,KAFarmTwin-TypedRepair,1.0,1.0,1.0,EXT-DB-002,data_binding,False,2327
1.0,0.00015554,1.0,True,easy,8b7d4695f32523c96c79e649252f6f7b9f85eab9a7f6973a565553a740c47c5f,evaluator_v2.3,1.0,2297.3,1,SingleAgent-AllTools,1.0,1.0,0.0,EXT-DB-002,data_binding,False,987
0.0,0.0,1.0,True,hard,8b7d4695f32523c96c79e649252f6f7b9f85eab9a7f6973a565553a740c47c5f,evaluator_v2.3,1.0,2.6,0,SingleAgent-AllTools,0.0,0.0,0.0,EXT-MQ-049,memory_query,False,0
0.0,0.0,1.0,True,hard,8b7d4695f32523c96c79e649252f6f7b9f85eab9a7f6973a565553a740c47c5f,evaluator_v2.3,1.0,2.1,0,KAFarmTwin-TypedRepair,0.0,0.0,0.0,EXT-MQ-049,memory_query,False,0
0.0,0.0,1.0,True,hard,8b7d4695f32523c96c79e649252f6f7b9f85eab9a7f6973a565553a740c47c5f,evaluator_v2.3,1.0,2.5,0,KAFarmTwin-TypedRepair,0.0,0.0,0.0,EXT-MQ-051,memory_query,False,0
0.0,0.0,1.0,True,hard,8b7d4695f32523c96c79e649252f6f7b9f85eab9a7f6973a565553a740c47c5f,evaluator_v2.3,1.0,2.1,0,SingleAgent-AllTools,0.0,0.0,0.0,EXT-MQ-051,memory_query,False,0
0.0,0.0,1.0,False,hard,8b7d4695f32523c96c79e649252f6f7b9f85eab9a7f6973a565553a740c47c5f,evaluator_v2.3,1.0,0.0,0,SingleAgent-AllTools,1.0,0.0,1.0,EXT-RR-060,rule_repair,False,0
1.0,0.0001995,1.0,True,hard,8b7d4695f32523c96c79e649252f6f7b9f85eab9a7f6973a565553a740c47c5f,evaluator_v2.3,1.0,889.6,1,KAFarmTwin-TypedRepair,1.0,1.0,1.0,EXT-RR-060,rule_repair,False,1418
1.0,0.00039382,1.0,True,medium,8b7d4695f32523c96c79e649252f6f7b9f85eab9a7f6973a565553a740c47c5f,evaluator_v2.3,1.0,8944.8,2,KAFarmTwin-TypedRepair,1.0,1.0,1.0,EXT-DB-032,data_binding,False,2626
1.0,0.00017416,1.0,True,medium,8b7d4695f32523c96c79e649252f6f7b9f85eab9a7f6973a565553a740c47c5f,evaluator_v2.3,1.0,4445.6,1,SingleAgent-AllTools,1.0,1.0,0.0,EXT-DB-032,data_binding,False,1069
0.0,0.0006167,1.0,False,hard,8b7d4695f32523c96c79e649252f6f7b9f85eab9a7f6973a565553a740c47c5f,evaluator_v2.3,1.0,19763.0,3,SingleAgent-AllTools,0.9877,0.7273,0.5714,EXT-SC-060,scene_construction,False,3446
0.0,0.00061222,1.0,False,hard,8b7d4695f32523c96c79e649252f6f7b9f85eab9a7f6973a565553a740c47c5f,evaluator_v2.3,1.0,17330.5,3,KAFarmTwin-TypedRepair,0.9877,0.6667,1.0,EXT-SC-060,scene_construction,False,3430
1.0,0.00036246,1.0,False,medium,8b7d4695f32523c96c79e649252f6f7b9f85eab9a7f6973a565553a740c47c5f,evaluator_v2.3,1.0,3678.4,2,KAFarmTwin-TypedRepair,0.2381,1.0,1.0,EXT-AR-030,asset_routing,False,2445
0.0,0.00044576,0.0,False,medium,8b7d4695f32523c96c79e649252f6f7b9f85eab9a7f6973a565553a740c47c5f,evaluator_v2.3,0.0,23891.6,1,SingleAgent-AllTools,0.0,0.0,0.0,EXT-AR-030,asset_routing,False,1984
1.0,0.00021686,1.0,True,hard,8b7d4695f32523c96c79e649252f6f7b9f85eab9a7f6973a565553a740c47c5f,evaluator_v2.3,1.0,7033.4,1,SingleAgent-AllTools,1.0,1.0,0.0,EXT-DB-056,data_binding,False,1274
1.0,0.00053116,1.0,True,hard,8b7d4695f32523c96c79e649252f6f7b9f85eab9a7f6973a565553a740c47c5f,evaluator_v2.3,1.0,7148.1,2,KAFarmTwin-TypedRepair,1.0,1.0,1.0,EXT-DB-056,data_binding,False,3512
0.0,0.0007117600000000001,1.0,True,hard,8b7d4695f32523c96c79e649252f6f7b9f85eab9a7f6973a565553a740c47c5f,evaluator_v2.3,1.0,31624.0,3,KAFarmTwin-TypedRepair,1.0,1.0,1.0,EXT-SC-059,scene_construction,False,3811
0.0,0.00060284,1.0,True,hard,8b7d4695f32523c96c79e649252f6f7b9f85eab9a7f6973a565553a740c47c5f,evaluator_v2.3,1.0,19214.3,3,SingleAgent-AllTools,1.0,1.0,0.625,EXT-SC-059,scene_construction,False,3411
0.0,0.00062538,1.0,True,medium,8b7d4695f32523c96c79e649252f6f7b9f85eab9a7f6973a565553a740c47c5f,evaluator_v2.3,1.0,18853.9,3,SingleAgent-AllTools,1.0,1.0,0.5714,EXT-SC-033,scene_construction,False,3486
0.0,0.0006592600000000001,1.0,False,medium,8b7d4695f32523c96c79e649252f6f7b9f85eab9a7f6973a565553a740c47c5f,evaluator_v2.3,1.0,28964.9,3,KAFarmTwin-TypedRepair,0.9811,0.7273,1.0,EXT-SC-033,scene_construction,False,3613
1.0,0.00018564,1.0,True,medium,8b7d4695f32523c96c79e649252f6f7b9f85eab9a7f6973a565553a740c47c5f,evaluator_v2.3,1.0,968.8,1,KAFarmTwin-TypedRepair,1.0,1.0,1.0,EXT-RR-020,rule_repair,False,1315
0.0,0.0,1.0,False,medium,8b7d4695f32523c96c79e649252f6f7b9f85eab9a7f6973a565553a740c47c5f,evaluator_v2.3,1.0,0.0,0,SingleAgent-AllTools,1.0,0.0,1.0,EXT-RR-020,rule_repair,False,0
0.0,0.0,1.0,True,medium,8b7d4695f32523c96c79e649252f6f7b9f85eab9a7f6973a565553a740c47c5f,evaluator_v2.3,1.0,0.9,0,SingleAgent-AllTools,0.0,0.0,0.0,EXT-MQ-024,memory_query,False,0
0.0,0.0,1.0,True,medium,8b7d4695f32523c96c79e649252f6f7b9f85eab9a7f6973a565553a740c47c5f,evaluator_v2.3,1.0,0.6,0,KAFarmTwin-TypedRepair,0.0,0.0,0.0,EXT-MQ-024,memory_query,False,0
0.6667,0.00053844,1.0,False,hard,8b7d4695f32523c96c79e649252f6f7b9f85eab9a7f6973a565553a740c47c5f,evaluator_v2.3,1.0,6168.4,2,KAFarmTwin-TypedRepair,1.0,1.0,1.0,EXT-DB-060,data_binding,False,3518
0.6667,0.00023198,1.0,False,hard,8b7d4695f32523c96c79e649252f6f7b9f85eab9a7f6973a565553a740c47c5f,evaluator_v2.3,1.0,5898.6,1,SingleAgent-AllTools,1.0,1.0,0.0,EXT-DB-060,data_binding,False,1327
0.0,0.0,1.0,True,easy,8b7d4695f32523c96c79e649252f6f7b9f85eab9a7f6973a565553a740c47c5f,evaluator_v2.3,1.0,1.7,0,SingleAgent-AllTools,0.0,0.0,0.0,EXT-MQ-013,memory_query,False,0
0.0,0.0,1.0,True,easy,8b7d4695f32523c96c79e649252f6f7b9f85eab9a7f6973a565553a740c47c5f,evaluator_v2.3,1.0,1.3,0,KAFarmTwin-TypedRepair,0.0,0.0,0.0,EXT-MQ-013,memory_query,False,0
0.0,0.0,1.0,True,medium,8b7d4695f32523c96c79e649252f6f7b9f85eab9a7f6973a565553a740c47c5f,evaluator_v2.3,1.0,2.0,0,KAFarmTwin-TypedRepair,0.0,0.0,0.0,EXT-MQ-042,memory_query,False,0
0.0,0.0,1.0,True,medium,8b7d4695f32523c96c79e649252f6f7b9f85eab9a7f6973a565553a740c47c5f,evaluator_v2.3,1.0,1.6,0,SingleAgent-AllTools,0.0,0.0,0.0,EXT-MQ-042,memory_query,False,0
1.0,0.000182,1.0,True,medium,8b7d4695f32523c96c79e649252f6f7b9f85eab9a7f6973a565553a740c47c5f,evaluator_v2.3,1.0,3522.1,1,SingleAgent-AllTools,1.0,1.0,0.0,EXT-DB-023,data_binding,False,1119
1.0,0.00042882,1.0,True,medium,8b7d4695f32523c96c79e649252f6f7b9f85eab9a7f6973a565553a740c47c5f,evaluator_v2.3,1.0,4675.5,2,KAFarmTwin-TypedRepair,1.0,1.0,1.0,EXT-DB-023,data_binding,False,2875
0.0,0.00057428,1.0,True,easy,8b7d4695f32523c96c79e649252f6f7b9f85eab9a7f6973a565553a740c47c5f,evaluator_v2.3,1.0,15147.2,3,KAFarmTwin-TypedRepair,1.0,1.0,1.0,EXT-SC-015,scene_construction,False,3296
0.0,0.000602,1.0,False,easy,8b7d4695f32523c96c79e649252f6f7b9f85eab9a7f6973a565553a740c47c5f,evaluator_v2.3,1.0,24012.9,3,SingleAgent-AllTools,0.9714,0.6667,0.7143,EXT-SC-015,scene_construction,False,3401
0.0,0.0,1.0,True,medium,8b7d4695f32523c96c79e649252f6f7b9f85eab9a7f6973a565553a740c47c5f,evaluator_v2.3,1.0,0.9,0,SingleAgent-AllTools,0.0,0.0,0.0,EXT-MQ-020,memory_query,False,0
0.0,0.0,1.0,True,medium,8b7d4695f32523c96c79e649252f6f7b9f85eab9a7f6973a565553a740c47c5f,evaluator_v2.3,1.0,0.6,0,KAFarmTwin-TypedRepair,0.0,0.0,0.0,EXT-MQ-020,memory_query,False,0
0.0,0.00062594,1.0,True,easy,8b7d4695f32523c96c79e649252f6f7b9f85eab9a7f6973a565553a740c47c5f,evaluator_v2.3,1.0,9993.0,4,KAFarmTwin-TypedRepair,1.0,0.8571,1.0,EXT-SC-001,scene_construction,False,4002
0.0,0.00046521999999999997,1.0,True,easy,8b7d4695f32523c96c79e649252f6f7b9f85eab9a7f6973a565553a740c47c5f,evaluator_v2.3,1.0,9602.8,3,SingleAgent-AllTools,1.0,1.0,0.8,EXT-SC-001,scene_construction,False,2854
1.0,0.00015652,1.0,True,easy,8b7d4695f32523c96c79e649252f6f7b9f85eab9a7f6973a565553a740c47c5f,evaluator_v2.3,1.0,5632.3,1,SingleAgent-AllTools,1.0,1.0,0.0,EXT-DB-007,data_binding,False,992
1.0,0.00034244,1.0,True,easy,8b7d4695f32523c96c79e649252f6f7b9f85eab9a7f6973a565553a740c47c5f,evaluator_v2.3,1.0,3419.0,2,KAFarmTwin-TypedRepair,1.0,1.0,1.0,EXT-DB-007,data_binding,False,2337
1.0,0.0003808,1.0,True,medium,8b7d4695f32523c96c79e649252f6f7b9f85eab9a7f6973a565553a740c47c5f,evaluator_v2.3,1.0,3750.6,2,KAFarmTwin-TypedRepair,1.0,1.0,1.0,EXT-DB-022,data_binding,False,2577
1.0,0.00016338,1.0,True,medium,8b7d4695f32523c96c79e649252f6f7b9f85eab9a7f6973a565553a740c47c5f,evaluator_v2.3,1.0,2951.2,1,SingleAgent-AllTools,1.0,1.0,0.0,EXT-DB-022,data_binding,False,1031
0.0,0.00044282,1.0,False,easy,8b7d4695f32523c96c79e649252f6f7b9f85eab9a7f6973a565553a740c47c5f,evaluator_v2.3,0.0,20429.4,1,SingleAgent-AllTools,0.0,0.0,0.0,EXT-AR-005,asset_routing,False,1963
1.0,0.000329,1.0,False,easy,8b7d4695f32523c96c79e649252f6f7b9f85eab9a7f6973a565553a740c47c5f,evaluator_v2.3,1.0,3370.4,2,KAFarmTwin-TypedRepair,0.2647,1.0,1.0,EXT-AR-005,asset_routing,False,2232
1.0,0.00018018,1.0,True,medium,8b7d4695f32523c96c79e649252f6f7b9f85eab9a7f6973a565553a740c47c5f,evaluator_v2.3,1.0,805.9,1,KAFarmTwin-TypedRepair,1.0,1.0,1.0,EXT-RR-039,rule_repair,False,1280
0.0,0.0,1.0,False,medium,8b7d4695f32523c96c79e649252f6f7b9f85eab9a7f6973a565553a740c47c5f,evaluator_v2.3,1.0,0.0,0,SingleAgent-AllTools,1.0,0.0,1.0,EXT-RR-039,rule_repair,False,0
0.0,0.0007543200000000001,1.0,False,easy,8b7d4695f32523c96c79e649252f6f7b9f85eab9a7f6973a565553a740c47c5f,evaluator_v2.3,1.0,25578.7,3,SingleAgent-AllTools,0.1212,0.3636,0.7,EXT-AR-007,asset_routing,False,3943
1.0,0.0003297,1.0,False,easy,8b7d4695f32523c96c79e649252f6f7b9f85eab9a7f6973a565553a740c47c5f,evaluator_v2.3,1.0,3129.4,2,KAFarmTwin-TypedRepair,0.3333,1.0,1.0,EXT-AR-007,asset_routing,False,2236
0.0,0.00066948,1.0,False,medium,8b7d4695f32523c96c79e649252f6f7b9f85eab9a7f6973a565553a740c47c5f,evaluator_v2.3,1.0,24437.5,3,KAFarmTwin-TypedRepair,0.9877,0.7273,1.0,EXT-SC-026,scene_construction,False,3642
0.0,0.0006689199999999999,1.0,False,medium,8b7d4695f32523c96c79e649252f6f7b9f85eab9a7f6973a565553a740c47c5f,evaluator_v2.3,1.0,21279.1,3,SingleAgent-AllTools,0.9877,0.7273,0.625,EXT-SC-026,scene_construction,False,3640
0.0,0.0008055599999999999,1.0,False,medium,8b7d4695f32523c96c79e649252f6f7b9f85eab9a7f6973a565553a740c47c5f,evaluator_v2.3,1.0,29069.0,3,SingleAgent-AllTools,0.1224,0.5,0.7,EXT-AR-022,asset_routing,False,4149
1.0,0.0003619,1.0,False,medium,8b7d4695f32523c96c79e649252f6f7b9f85eab9a7f6973a565553a740c47c5f,evaluator_v2.3,1.0,3798.6,2,KAFarmTwin-TypedRepair,0.4091,1.0,1.0,EXT-AR-022,asset_routing,False,2441
0.0,0.0004902800000000001,1.0,False,easy,8b7d4695f32523c96c79e649252f6f7b9f85eab9a7f6973a565553a740c47c5f,evaluator_v2.3,1.0,11801.8,3,KAFarmTwin-TypedRepair,0.9778,0.5714,1.0,EXT-SC-003,scene_construction,False,2960
0.0,0.0005166,1.0,False,easy,8b7d4695f32523c96c79e649252f6f7b9f85eab9a7f6973a565553a740c47c5f,evaluator_v2.3,1.0,13977.7,3,SingleAgent-AllTools,0.9778,0.5714,0.8333,EXT-SC-003,scene_construction,False,3054
0.0,0.00044548,0.0,False,medium,8b7d4695f32523c96c79e649252f6f7b9f85eab9a7f6973a565553a740c47c5f,evaluator_v2.3,0.0,19546.6,1,SingleAgent-AllTools,0.0,0.0,0.0,EXT-AR-025,asset_routing,False,1982
1.0,0.00036078,1.0,False,medium,8b7d4695f32523c96c79e649252f6f7b9f85eab9a7f6973a565553a740c47c5f,evaluator_v2.3,1.0,4930.6,2,KAFarmTwin-TypedRepair,0.2143,1.0,1.0,EXT-AR-025,asset_routing,False,2436
0.0,0.0,1.0,True,hard,8b7d4695f32523c96c79e649252f6f7b9f85eab9a7f6973a565553a740c47c5f,evaluator_v2.3,1.0,1.6,0,KAFarmTwin-TypedRepair,0.0,0.0,0.0,EXT-MQ-048,memory_query,False,0
0.0,0.0,1.0,True,hard,8b7d4695f32523c96c79e649252f6f7b9f85eab9a7f6973a565553a740c47c5f,evaluator_v2.3,1.0,1.3,0,SingleAgent-AllTools,0.0,0.0,0.0,EXT-MQ-048,memory_query,False,0
0.0,0.00058128,1.0,True,easy,8b7d4695f32523c96c79e649252f6f7b9f85eab9a7f6973a565553a740c47c5f,evaluator_v2.3,1.0,16282.9,3,SingleAgent-AllTools,1.0,0.8889,0.6667,EXT-SC-010,scene_construction,False,3303
0.0,0.00058072,1.0,True,easy,8b7d4695f32523c96c79e649252f6f7b9f85eab9a7f6973a565553a740c47c5f,evaluator_v2.3,1.0,16813.3,3,KAFarmTwin-TypedRepair,1.0,1.0,1.0,EXT-SC-010,scene_construction,False,3301
0.0,0.0006728400000000001,1.0,False,medium,8b7d4695f32523c96c79e649252f6f7b9f85eab9a7f6973a565553a740c47c5f,evaluator_v2.3,1.0,31949.0,3,KAFarmTwin-TypedRepair,0.9888,0.7273,1.0,EXT-SC-017,scene_construction,False,3654
0.0,0.00068068,1.0,False,medium,8b7d4695f32523c96c79e649252f6f7b9f85eab9a7f6973a565553a740c47c5f,evaluator_v2.3,1.0,21656.1,3,SingleAgent-AllTools,0.9888,0.7273,0.625,EXT-SC-017,scene_construction,False,3687
0.0,0.0,1.0,False,medium,8b7d4695f32523c96c79e649252f6f7b9f85eab9a7f6973a565553a740c47c5f,evaluator_v2.3,1.0,0.0,0,SingleAgent-AllTools,1.0,0.0,1.0,EXT-RR-041,rule_repair,False,0
1.0,0.00018046,1.0,True,medium,8b7d4695f32523c96c79e649252f6f7b9f85eab9a7f6973a565553a740c47c5f,evaluator_v2.3,1.0,897.0,1,KAFarmTwin-TypedRepair,1.0,1.0,1.0,EXT-RR-041,rule_repair,False,1282
1.0,0.00036498,1.0,False,medium,8b7d4695f32523c96c79e649252f6f7b9f85eab9a7f6973a565553a740c47c5f,evaluator_v2.3,1.0,4086.7,2,KAFarmTwin-TypedRepair,0.2222,1.0,1.0,EXT-AR-027,asset_routing,False,2434
0.0,0.00076398,1.0,False,medium,8b7d4695f32523c96c79e649252f6f7b9f85eab9a7f6973a565553a740c47c5f,evaluator_v2.3,1.0,27994.7,3,SingleAgent-AllTools,0.0779,0.4,0.6364,EXT-AR-027,asset_routing,False,4012
0.0,0.0006773199999999999,1.0,False,medium,8b7d4695f32523c96c79e649252f6f7b9f85eab9a7f6973a565553a740c47c5f,evaluator_v2.3,1.0,20323.6,3,SingleAgent-AllTools,0.9778,0.7273,0.625,EXT-SC-021,scene_construction,False,3673
0.0,0.0006034,1.0,True,medium,8b7d4695f32523c96c79e649252f6f7b9f85eab9a7f6973a565553a740c47c5f,evaluator_v2.3,1.0,16613.3,3,KAFarmTwin-TypedRepair,1.0,1.0,1.0,EXT-SC-021,scene_construction,False,3403
1.0,0.00034944,1.0,True,easy,8b7d4695f32523c96c79e649252f6f7b9f85eab9a7f6973a565553a740c47c5f,evaluator_v2.3,1.0,3650.3,2,KAFarmTwin-TypedRepair,1.0,1.0,1.0,EXT-DB-009,data_binding,False,2366
1.0,0.0001638,1.0,True,easy,8b7d4695f32523c96c79e649252f6f7b9f85eab9a7f6973a565553a740c47c5f,evaluator_v2.3,1.0,2900.8,1,SingleAgent-AllTools,1.0,1.0,0.0,EXT-DB-009,data_binding,False,1021
0.0,0.00063532,1.0,False,medium,8b7d4695f32523c96c79e649252f6f7b9f85eab9a7f6973a565553a740c47c5f,evaluator_v2.3,1.0,20623.3,3,SingleAgent-AllTools,0.9709,0.5455,0.8333,EXT-SC-044,scene_construction,False,3508
0.0,0.00061936,1.0,False,medium,8b7d4695f32523c96c79e649252f6f7b9f85eab9a7f6973a565553a740c47c5f,evaluator_v2.3,1.0,17567.0,3,KAFarmTwin-TypedRepair,0.9905,0.7273,1.0,EXT-SC-044,scene_construction,False,3463
1.0,0.00018326,1.0,True,medium,8b7d4695f32523c96c79e649252f6f7b9f85eab9a7f6973a565553a740c47c5f,evaluator_v2.3,1.0,1125.5,1,KAFarmTwin-TypedRepair,1.0,1.0,1.0,EXT-RR-022,rule_repair,False,1302
0.0,0.0,1.0,False,medium,8b7d4695f32523c96c79e649252f6f7b9f85eab9a7f6973a565553a740c47c5f,evaluator_v2.3,1.0,0.0,0,SingleAgent-AllTools,1.0,0.0,1.0,EXT-RR-022,rule_repair,False,0
0.0,0.00044618,0.0,False,hard,8b7d4695f32523c96c79e649252f6f7b9f85eab9a7f6973a565553a740c47c5f,evaluator_v2.3,0.0,18404.9,1,SingleAgent-AllTools,0.0,0.0,0.0,EXT-AR-053,asset_routing,False,1987
1.0,0.00039326,1.0,False,hard,8b7d4695f32523c96c79e649252f6f7b9f85eab9a7f6973a565553a740c47c5f,evaluator_v2.3,1.0,4253.3,2,KAFarmTwin-TypedRepair,0.3333,1.0,1.0,EXT-AR-053,asset_routing,False,2647
0.0,0.00061292,1.0,False,medium,8b7d4695f32523c96c79e649252f6f7b9f85eab9a7f6973a565553a740c47c5f,evaluator_v2.3,1.0,24563.1,3,KAFarmTwin-TypedRepair,1.0,0.8,1.0,EXT-SC-027,scene_construction,False,3437
0.0,0.00069972,1.0,False,medium,8b7d4695f32523c96c79e649252f6f7b9f85eab9a7f6973a565553a740c47c5f,evaluator_v2.3,1.0,20545.3,3,SingleAgent-AllTools,0.9796,0.7273,0.625,EXT-SC-027,scene_construction,False,3753
1.0,0.00017948,1.0,True,medium,8b7d4695f32523c96c79e649252f6f7b9f85eab9a7f6973a565553a740c47c5f,evaluator_v2.3,1.0,3295.3,1,SingleAgent-AllTools,1.0,1.0,0.0,EXT-DB-035,data_binding,False,1107
1.0,0.00042434000000000005,1.0,True,medium,8b7d4695f32523c96c79e649252f6f7b9f85eab9a7f6973a565553a740c47c5f,evaluator_v2.3,1.0,4210.8,2,KAFarmTwin-TypedRepair,1.0,1.0,1.0,EXT-DB-035,data_binding,False,2849
1.0,0.00036624,1.0,False,medium,8b7d4695f32523c96c79e649252f6f7b9f85eab9a7f6973a565553a740c47c5f,evaluator_v2.3,1.0,3419.7,2,KAFarmTwin-TypedRepair,0.2667,1.0,1.0,EXT-AR-039,asset_routing,False,2469
0.0,0.00068404,1.0,False,medium,8b7d4695f32523c96c79e649252f6f7b9f85eab9a7f6973a565553a740c47c5f,evaluator_v2.3,1.0,21449.1,3,SingleAgent-AllTools,0.2222,0.3636,0.8889,EXT-AR-039,asset_routing,False,3702
0.0,0.0,1.0,False,medium,8b7d4695f32523c96c79e649252f6f7b9f85eab9a7f6973a565553a740c47c5f,evaluator_v2.3,1.0,0.0,0,SingleAgent-AllTools,1.0,0.0,1.0,EXT-RR-023,rule_repair,False,0
1.0,0.00017976,1.0,True,medium,8b7d4695f32523c96c79e649252f6f7b9f85eab9a7f6973a565553a740c47c5f,evaluator_v2.3,1.0,795.7,1,KAFarmTwin-TypedRepair,1.0,1.0,1.0,EXT-RR-023,rule_repair,False,1277
1.0,0.00036134000000000003,1.0,False,medium,8b7d4695f32523c96c79e649252f6f7b9f85eab9a7f6973a565553a740c47c5f,evaluator_v2.3,1.0,7320.3,2,KAFarmTwin-TypedRepair,0.5,1.0,1.0,EXT-AR-035,asset_routing,False,2440
0.0,0.0008680000000000001,1.0,False,medium,8b7d4695f32523c96c79e649252f6f7b9f85eab9a7f6973a565553a740c47c5f,evaluator_v2.3,1.0,42546.1,3,SingleAgent-AllTools,0.0789,0.2857,0.75,EXT-AR-035,asset_routing,False,4370
0.0,0.0,1.0,True,medium,8b7d4695f32523c96c79e649252f6f7b9f85eab9a7f6973a565553a740c47c5f,evaluator_v2.3,1.0,1.3,0,SingleAgent-AllTools,0.0,0.0,0.0,EXT-MQ-045,memory_query,False,0
0.0,0.0,1.0,True,medium,8b7d4695f32523c96c79e649252f6f7b9f85eab9a7f6973a565553a740c47c5f,evaluator_v2.3,1.0,0.9,0,KAFarmTwin-TypedRepair,0.0,0.0,0.0,EXT-MQ-045,memory_query,False,0
0.0,0.00046619999999999995,1.0,True,easy,8b7d4695f32523c96c79e649252f6f7b9f85eab9a7f6973a565553a740c47c5f,evaluator_v2.3,1.0,9380.5,3,KAFarmTwin-TypedRepair,1.0,1.0,1.0,EXT-SC-002,scene_construction,False,2865
0.0,0.00047851999999999997,1.0,True,easy,8b7d4695f32523c96c79e649252f6f7b9f85eab9a7f6973a565553a740c47c5f,evaluator_v2.3,1.0,10740.5,3,SingleAgent-AllTools,1.0,1.0,0.8,EXT-SC-002,scene_construction,False,2909
1.0,0.00017416,1.0,True,medium,8b7d4695f32523c96c79e649252f6f7b9f85eab9a7f6973a565553a740c47c5f,evaluator_v2.3,1.0,3632.6,1,SingleAgent-AllTools,1.0,1.0,0.0,EXT-DB-036,data_binding,False,1069
1.0,0.00039242,1.0,True,medium,8b7d4695f32523c96c79e649252f6f7b9f85eab9a7f6973a565553a740c47c5f,evaluator_v2.3,1.0,8208.6,2,KAFarmTwin-TypedRepair,1.0,1.0,1.0,EXT-DB-036,data_binding,False,2621
1.0,0.00019614,1.0,True,hard,8b7d4695f32523c96c79e649252f6f7b9f85eab9a7f6973a565553a740c47c5f,evaluator_v2.3,1.0,962.3,1,KAFarmTwin-TypedRepair,1.0,1.0,1.0,EXT-RR-049,rule_repair,False,1394
0.0,0.0,1.0,False,hard,8b7d4695f32523c96c79e649252f6f7b9f85eab9a7f6973a565553a740c47c5f,evaluator_v2.3,1.0,0.1,0,SingleAgent-AllTools,1.0,0.0,1.0,EXT-RR-049,rule_repair,False,0
0.0,0.0,1.0,True,medium,8b7d4695f32523c96c79e649252f6f7b9f85eab9a7f6973a565553a740c47c5f,evaluator_v2.3,1.0,2.7,0,SingleAgent-AllTools,0.0,0.0,0.0,EXT-MQ-031,memory_query,False,0
0.0,0.0,1.0,True,medium,8b7d4695f32523c96c79e649252f6f7b9f85eab9a7f6973a565553a740c47c5f,evaluator_v2.3,1.0,1.9,0,KAFarmTwin-TypedRepair,0.0,0.0,0.0,EXT-MQ-031,memory_query,False,0
0.0,0.0,1.0,True,medium,8b7d4695f32523c96c79e649252f6f7b9f85eab9a7f6973a565553a740c47c5f,evaluator_v2.3,1.0,2.6,0,KAFarmTwin-TypedRepair,0.0,0.0,0.0,EXT-MQ-035,memory_query,False,0
0.0,0.0,1.0,True,medium,8b7d4695f32523c96c79e649252f6f7b9f85eab9a7f6973a565553a740c47c5f,evaluator_v2.3,1.0,1.6,0,SingleAgent-AllTools,0.0,0.0,0.0,EXT-MQ-035,memory_query,False,0
0.0,0.0,1.0,False,hard,8b7d4695f32523c96c79e649252f6f7b9f85eab9a7f6973a565553a740c47c5f,evaluator_v2.3,1.0,0.0,0,SingleAgent-AllTools,1.0,0.0,1.0,EXT-RR-054,rule_repair,False,0
1.0,0.0001981,1.0,True,hard,8b7d4695f32523c96c79e649252f6f7b9f85eab9a7f6973a565553a740c47c5f,evaluator_v2.3,1.0,1571.9,1,KAFarmTwin-TypedRepair,1.0,1.0,1.0,EXT-RR-054,rule_repair,False,1408
0.0,0.0009115400000000001,1.0,False,medium,8b7d4695f32523c96c79e649252f6f7b9f85eab9a7f6973a565553a740c47c5f,evaluator_v2.3,1.0,30286.2,4,KAFarmTwin-TypedRepair,0.9825,0.7273,1.0,EXT-SC-040,scene_construction,False,5271
0.0,0.00061684,1.0,False,medium,8b7d4695f32523c96c79e649252f6f7b9f85eab9a7f6973a565553a740c47c5f,evaluator_v2.3,1.0,23801.8,3,SingleAgent-AllTools,0.9825,0.7273,0.625,EXT-SC-040,scene_construction,False,3442
1.0,0.00017458,1.0,True,medium,8b7d4695f32523c96c79e649252f6f7b9f85eab9a7f6973a565553a740c47c5f,evaluator_v2.3,1.0,7268.2,1,SingleAgent-AllTools,1.0,1.0,0.0,EXT-DB-018,data_binding,False,1073
1.0,0.00039424,1.0,True,medium,8b7d4695f32523c96c79e649252f6f7b9f85eab9a7f6973a565553a740c47c5f,evaluator_v2.3,1.0,8540.3,2,KAFarmTwin-TypedRepair,1.0,1.0,1.0,EXT-DB-018,data_binding,False,2631
1.0,0.00017052,1.0,True,easy,8b7d4695f32523c96c79e649252f6f7b9f85eab9a7f6973a565553a740c47c5f,evaluator_v2.3,1.0,829.0,1,KAFarmTwin-TypedRepair,1.0,1.0,1.0,EXT-RR-008,rule_repair,False,1211
0.0,0.0,1.0,False,easy,8b7d4695f32523c96c79e649252f6f7b9f85eab9a7f6973a565553a740c47c5f,evaluator_v2.3,1.0,0.0,0,SingleAgent-AllTools,1.0,0.0,1.0,EXT-RR-008,rule_repair,False,0
0.0,0.0,1.0,True,easy,8b7d4695f32523c96c79e649252f6f7b9f85eab9a7f6973a565553a740c47c5f,evaluator_v2.3,1.0,2.0,0,SingleAgent-AllTools,0.0,0.0,0.5,EXT-MQ-009,memory_query,False,0
0.0,0.0,1.0,True,easy,8b7d4695f32523c96c79e649252f6f7b9f85eab9a7f6973a565553a740c47c5f,evaluator_v2.3,1.0,1.4,0,KAFarmTwin-TypedRepair,0.0,0.0,0.5,EXT-MQ-009,memory_query,False,0
0.0,0.0,1.0,True,medium,8b7d4695f32523c96c79e649252f6f7b9f85eab9a7f6973a565553a740c47c5f,evaluator_v2.3,1.0,2.0,0,KAFarmTwin-TypedRepair,0.0,0.0,0.0,EXT-MQ-040,memory_query,False,0
0.0,0.0,1.0,True,medium,8b7d4695f32523c96c79e649252f6f7b9f85eab9a7f6973a565553a740c47c5f,evaluator_v2.3,1.0,1.7,0,SingleAgent-AllTools,0.0,0.0,0.0,EXT-MQ-040,memory_query,False,0
1.0,0.00021574,1.0,True,hard,8b7d4695f32523c96c79e649252f6f7b9f85eab9a7f6973a565553a740c47c5f,evaluator_v2.3,1.0,4955.5,1,SingleAgent-AllTools,1.0,1.0,0.0,EXT-DB-058,data_binding,False,1270
1.0,0.00052864,1.0,True,hard,8b7d4695f32523c96c79e649252f6f7b9f85eab9a7f6973a565553a740c47c5f,evaluator_v2.3,1.0,6421.7,2,KAFarmTwin-TypedRepair,1.0,1.0,1.0,EXT-DB-058,data_binding,False,3497
1.0,0.0005285,1.0,True,hard,8b7d4695f32523c96c79e649252f6f7b9f85eab9a7f6973a565553a740c47c5f,evaluator_v2.3,1.0,7020.0,2,KAFarmTwin-TypedRepair,1.0,1.0,1.0,EXT-DB-046,data_binding,False,3496
1.0,0.0002156,1.0,True,hard,8b7d4695f32523c96c79e649252f6f7b9f85eab9a7f6973a565553a740c47c5f,evaluator_v2.3,1.0,10717.0,1,SingleAgent-AllTools,1.0,1.0,0.0,EXT-DB-046,data_binding,False,1269
1.0,0.00015666,1.0,True,easy,8b7d4695f32523c96c79e649252f6f7b9f85eab9a7f6973a565553a740c47c5f,evaluator_v2.3,1.0,2603.1,1,SingleAgent-AllTools,1.0,1.0,0.0,EXT-DB-011,data_binding,False,993
1.0,0.0003493,1.0,True,easy,8b7d4695f32523c96c79e649252f6f7b9f85eab9a7f6973a565553a740c47c5f,evaluator_v2.3,1.0,3735.0,2,KAFarmTwin-TypedRepair,1.0,1.0,1.0,EXT-DB-011,data_binding,False,2362
0.0,0.0006475,1.0,True,medium,8b7d4695f32523c96c79e649252f6f7b9f85eab9a7f6973a565553a740c47c5f,evaluator_v2.3,1.0,25345.6,3,KAFarmTwin-TypedRepair,1.0,1.0,1.0,EXT-SC-018,scene_construction,False,3556
0.0,0.0005928999999999999,1.0,True,medium,8b7d4695f32523c96c79e649252f6f7b9f85eab9a7f6973a565553a740c47c5f,evaluator_v2.3,1.0,24093.3,3,SingleAgent-AllTools,1.0,0.9091,0.5714,EXT-SC-018,scene_construction,False,3361
0.0,0.00130466,1.0,False,hard,8b7d4695f32523c96c79e649252f6f7b9f85eab9a7f6973a565553a740c47c5f,evaluator_v2.3,1.0,58222.8,3,SingleAgent-AllTools,0.0889,0.2727,0.7368,EXT-AR-056,asset_routing,False,5984
1.0,0.0003927,1.0,False,hard,8b7d4695f32523c96c79e649252f6f7b9f85eab9a7f6973a565553a740c47c5f,evaluator_v2.3,1.0,4243.3,2,KAFarmTwin-TypedRepair,0.4444,1.0,1.0,EXT-AR-056,asset_routing,False,2643
1.0,0.00019516,1.0,True,hard,8b7d4695f32523c96c79e649252f6f7b9f85eab9a7f6973a565553a740c47c5f,evaluator_v2.3,1.0,925.8,1,KAFarmTwin-TypedRepair,1.0,1.0,1.0,EXT-RR-055,rule_repair,False,1387
0.0,0.0,1.0,False,hard,8b7d4695f32523c96c79e649252f6f7b9f85eab9a7f6973a565553a740c47c5f,evaluator_v2.3,1.0,0.0,0,SingleAgent-AllTools,1.0,0.0,1.0,EXT-RR-055,rule_repair,False,0
0.0,0.00064008,1.0,False,hard,8b7d4695f32523c96c79e649252f6f7b9f85eab9a7f6973a565553a740c47c5f,evaluator_v2.3,1.0,20404.7,3,SingleAgent-AllTools,0.9905,0.6667,0.5714,EXT-SC-058,scene_construction,False,3519
0.0,0.00068684,1.0,True,hard,8b7d4695f32523c96c79e649252f6f7b9f85eab9a7f6973a565553a740c47c5f,evaluator_v2.3,1.0,30282.7,3,KAFarmTwin-TypedRepair,1.0,1.0,1.0,EXT-SC-058,scene_construction,False,3696
0.0,0.0,1.0,True,medium,8b7d4695f32523c96c79e649252f6f7b9f85eab9a7f6973a565553a740c47c5f,evaluator_v2.3,1.0,2.3,0,KAFarmTwin-TypedRepair,0.0,0.0,0.0,EXT-MQ-016,memory_query,False,0
0.0,0.0,1.0,True,medium,8b7d4695f32523c96c79e649252f6f7b9f85eab9a7f6973a565553a740c47c5f,evaluator_v2.3,1.0,1.7,0,SingleAgent-AllTools,0.0,0.0,0.0,EXT-MQ-016,memory_query,False,0
0.0,0.0,1.0,True,medium,8b7d4695f32523c96c79e649252f6f7b9f85eab9a7f6973a565553a740c47c5f,evaluator_v2.3,1.0,2.2,0,SingleAgent-AllTools,0.0,0.0,0.0,EXT-MQ-041,memory_query,False,0
0.0,0.0,1.0,True,medium,8b7d4695f32523c96c79e649252f6f7b9f85eab9a7f6973a565553a740c47c5f,evaluator_v2.3,1.0,1.9,0,KAFarmTwin-TypedRepair,0.0,0.0,0.0,EXT-MQ-041,memory_query,False,0
0.0,0.0,1.0,True,easy,8b7d4695f32523c96c79e649252f6f7b9f85eab9a7f6973a565553a740c47c5f,evaluator_v2.3,1.0,1.4,0,KAFarmTwin-TypedRepair,0.0,0.0,0.0,EXT-MQ-007,memory_query,False,0
0.0,0.0,1.0,True,easy,8b7d4695f32523c96c79e649252f6f7b9f85eab9a7f6973a565553a740c47c5f,evaluator_v2.3,1.0,1.3,0,SingleAgent-AllTools,0.0,0.0,0.0,EXT-MQ-007,memory_query,False,0
0.0,0.00131964,1.0,False,medium,8b7d4695f32523c96c79e649252f6f7b9f85eab9a7f6973a565553a740c47c5f,evaluator_v2.3,1.0,80918.4,3,SingleAgent-AllTools,0.0816,0.2857,0.5263,EXT-AR-036,asset_routing,False,6033
1.0,0.00036246,1.0,False,medium,8b7d4695f32523c96c79e649252f6f7b9f85eab9a7f6973a565553a740c47c5f,evaluator_v2.3,1.0,4746.5,2,KAFarmTwin-TypedRepair,0.2778,1.0,1.0,EXT-AR-036,asset_routing,False,2442
1.0,0.0005502,1.0,True,hard,8b7d4695f32523c96c79e649252f6f7b9f85eab9a7f6973a565553a740c47c5f,evaluator_v2.3,1.0,9649.2,2,KAFarmTwin-TypedRepair,1.0,1.0,1.0,EXT-DB-049,data_binding,False,3576
1.0,0.00023758,1.0,True,hard,8b7d4695f32523c96c79e649252f6f7b9f85eab9a7f6973a565553a740c47c5f,evaluator_v2.3,1.0,7036.4,1,SingleAgent-AllTools,1.0,1.0,0.0,EXT-DB-049,data_binding,False,1350
0.0,0.0,1.0,True,easy,8b7d4695f32523c96c79e649252f6f7b9f85eab9a7f6973a565553a740c47c5f,evaluator_v2.3,1.0,2.1,0,SingleAgent-AllTools,0.0,0.0,0.0,EXT-MQ-005,memory_query,False,0
0.0,0.0,1.0,True,easy,8b7d4695f32523c96c79e649252f6f7b9f85eab9a7f6973a565553a740c47c5f,evaluator_v2.3,1.0,1.5,0,KAFarmTwin-TypedRepair,0.0,0.0,0.0,EXT-MQ-005,memory_query,False,0
1.0,0.00034846,1.0,True,easy,8b7d4695f32523c96c79e649252f6f7b9f85eab9a7f6973a565553a740c47c5f,evaluator_v2.3,1.0,5088.7,2,KAFarmTwin-TypedRepair,1.0,1.0,1.0,EXT-DB-001,data_binding,False,2361
1.0,0.0001561,1.0,True,easy,8b7d4695f32523c96c79e649252f6f7b9f85eab9a7f6973a565553a740c47c5f,evaluator_v2.3,1.0,3031.3,1,SingleAgent-AllTools,1.0,1.0,0.0,EXT-DB-001,data_binding,False,993
0.0,0.0,1.0,True,easy,8b7d4695f32523c96c79e649252f6f7b9f85eab9a7f6973a565553a740c47c5f,evaluator_v2.3,1.0,1.7,0,SingleAgent-AllTools,0.0,0.0,0.5,EXT-MQ-003,memory_query,False,0
0.0,0.0,1.0,True,easy,8b7d4695f32523c96c79e649252f6f7b9f85eab9a7f6973a565553a740c47c5f,evaluator_v2.3,1.0,1.7,0,KAFarmTwin-TypedRepair,0.0,0.0,0.5,EXT-MQ-003,memory_query,False,0
1.0,0.00041314,1.0,False,hard,8b7d4695f32523c96c79e649252f6f7b9f85eab9a7f6973a565553a740c47c5f,evaluator_v2.3,1.0,5186.0,2,KAFarmTwin-TypedRepair,0.28,0.6,1.0,EXT-AR-051,asset_routing,False,2712
0.0,0.0009756599999999999,1.0,False,hard,8b7d4695f32523c96c79e649252f6f7b9f85eab9a7f6973a565553a740c47c5f,evaluator_v2.3,1.0,39768.4,3,SingleAgent-AllTools,0.0741,0.4706,0.9286,EXT-AR-051,asset_routing,False,4780
0.0,0.0,1.0,False,easy,8b7d4695f32523c96c79e649252f6f7b9f85eab9a7f6973a565553a740c47c5f,evaluator_v2.3,1.0,0.0,0,SingleAgent-AllTools,1.0,0.0,1.0,EXT-RR-015,rule_repair,False,0
1.0,0.0001652,1.0,True,easy,8b7d4695f32523c96c79e649252f6f7b9f85eab9a7f6973a565553a740c47c5f,evaluator_v2.3,1.0,837.3,1,KAFarmTwin-TypedRepair,1.0,1.0,1.0,EXT-RR-015,rule_repair,False,1173
0.0,0.0,1.0,True,easy,8b7d4695f32523c96c79e649252f6f7b9f85eab9a7f6973a565553a740c47c5f,evaluator_v2.3,1.0,2.0,0,KAFarmTwin-TypedRepair,0.0,0.0,0.5,EXT-MQ-015,memory_query,False,0
0.0,0.0,1.0,True,easy,8b7d4695f32523c96c79e649252f6f7b9f85eab9a7f6973a565553a740c47c5f,evaluator_v2.3,1.0,1.5,0,SingleAgent-AllTools,0.0,0.0,0.5,EXT-MQ-015,memory_query,False,0
0.0,0.00071974,1.0,False,easy,8b7d4695f32523c96c79e649252f6f7b9f85eab9a7f6973a565553a740c47c5f,evaluator_v2.3,1.0,33259.5,3,SingleAgent-AllTools,0.1,0.4444,0.7,EXT-AR-001,asset_routing,False,3798
1.0,0.00032928,1.0,False,easy,8b7d4695f32523c96c79e649252f6f7b9f85eab9a7f6973a565553a740c47c5f,evaluator_v2.3,1.0,4691.3,2,KAFarmTwin-TypedRepair,0.2778,1.0,1.0,EXT-AR-001,asset_routing,False,2233
0.0,0.0006267800000000001,1.0,True,medium,8b7d4695f32523c96c79e649252f6f7b9f85eab9a7f6973a565553a740c47c5f,evaluator_v2.3,1.0,20173.9,3,KAFarmTwin-TypedRepair,1.0,0.9091,1.0,EXT-SC-030,scene_construction,False,3482
0.0,0.00063042,1.0,True,medium,8b7d4695f32523c96c79e649252f6f7b9f85eab9a7f6973a565553a740c47c5f,evaluator_v2.3,1.0,25374.9,3,SingleAgent-AllTools,1.0,1.0,0.5714,EXT-SC-030,scene_construction,False,3495
0.0,0.0,1.0,False,medium,8b7d4695f32523c96c79e649252f6f7b9f85eab9a7f6973a565553a740c47c5f,evaluator_v2.3,1.0,0.4,0,SingleAgent-AllTools,1.0,0.0,1.0,EXT-RR-019,rule_repair,False,0
1.0,0.00018018,1.0,True,medium,8b7d4695f32523c96c79e649252f6f7b9f85eab9a7f6973a565553a740c47c5f,evaluator_v2.3,1.0,870.4,1,KAFarmTwin-TypedRepair,1.0,1.0,1.0,EXT-RR-019,rule_repair,False,1280
1.0,0.00043918,1.0,True,medium,8b7d4695f32523c96c79e649252f6f7b9f85eab9a7f6973a565553a740c47c5f,evaluator_v2.3,1.0,5339.8,2,KAFarmTwin-TypedRepair,1.0,1.0,1.0,EXT-DB-041,data_binding,False,2900
1.0,0.00019516,1.0,True,medium,8b7d4695f32523c96c79e649252f6f7b9f85eab9a7f6973a565553a740c47c5f,evaluator_v2.3,1.0,4669.2,1,SingleAgent-AllTools,1.0,1.0,0.0,EXT-DB-041,data_binding,False,1164
1.0,0.00021742,1.0,True,hard,8b7d4695f32523c96c79e649252f6f7b9f85eab9a7f6973a565553a740c47c5f,evaluator_v2.3,1.0,5469.4,1,SingleAgent-AllTools,1.0,1.0,0.0,EXT-DB-047,data_binding,False,1278
1.0,0.00053172,1.0,True,hard,8b7d4695f32523c96c79e649252f6f7b9f85eab9a7f6973a565553a740c47c5f,evaluator_v2.3,1.0,7883.8,2,KAFarmTwin-TypedRepair,1.0,1.0,1.0,EXT-DB-047,data_binding,False,3516
0.0,0.0,1.0,True,hard,8b7d4695f32523c96c79e649252f6f7b9f85eab9a7f6973a565553a740c47c5f,evaluator_v2.3,1.0,2.8,0,KAFarmTwin-TypedRepair,0.0,0.0,0.0,EXT-MQ-058,memory_query,False,0
0.0,0.0,1.0,True,hard,8b7d4695f32523c96c79e649252f6f7b9f85eab9a7f6973a565553a740c47c5f,evaluator_v2.3,1.0,2.1,0,SingleAgent-AllTools,0.0,0.0,0.0,EXT-MQ-058,memory_query,False,0
1.0,0.00019684,1.0,True,medium,8b7d4695f32523c96c79e649252f6f7b9f85eab9a7f6973a565553a740c47c5f,evaluator_v2.3,1.0,6240.1,1,SingleAgent-AllTools,1.0,1.0,0.0,EXT-DB-033,data_binding,False,1172
1.0,0.00044197999999999997,1.0,True,medium,8b7d4695f32523c96c79e649252f6f7b9f85eab9a7f6973a565553a740c47c5f,evaluator_v2.3,1.0,7133.3,2,KAFarmTwin-TypedRepair,1.0,1.0,1.0,EXT-DB-033,data_binding,False,2916
1.0,0.00019782,1.0,True,hard,8b7d4695f32523c96c79e649252f6f7b9f85eab9a7f6973a565553a740c47c5f,evaluator_v2.3,1.0,708.9,1,KAFarmTwin-TypedRepair,1.0,1.0,1.0,EXT-RR-046,rule_repair,False,1406
0.0,0.0,1.0,False,hard,8b7d4695f32523c96c79e649252f6f7b9f85eab9a7f6973a565553a740c47c5f,evaluator_v2.3,1.0,0.0,0,SingleAgent-AllTools,1.0,0.0,1.0,EXT-RR-046,rule_repair,False,0
0.0,0.0,1.0,True,easy,8b7d4695f32523c96c79e649252f6f7b9f85eab9a7f6973a565553a740c47c5f,evaluator_v2.3,1.0,1.5,0,SingleAgent-AllTools,0.0,0.0,0.5,EXT-MQ-006,memory_query,False,0
0.0,0.0,1.0,True,easy,8b7d4695f32523c96c79e649252f6f7b9f85eab9a7f6973a565553a740c47c5f,evaluator_v2.3,1.0,1.2,0,KAFarmTwin-TypedRepair,0.0,0.0,0.5,EXT-MQ-006,memory_query,False,0
0.0,0.0,1.0,True,hard,8b7d4695f32523c96c79e649252f6f7b9f85eab9a7f6973a565553a740c47c5f,evaluator_v2.3,1.0,2.9,0,KAFarmTwin-TypedRepair,0.0,0.0,0.0,EXT-MQ-056,memory_query,False,0
0.0,0.0,1.0,True,hard,8b7d4695f32523c96c79e649252f6f7b9f85eab9a7f6973a565553a740c47c5f,evaluator_v2.3,1.0,2.2,0,SingleAgent-AllTools,0.0,0.0,0.0,EXT-MQ-056,memory_query,False,0
0.0,0.00046088,1.0,True,easy,8b7d4695f32523c96c79e649252f6f7b9f85eab9a7f6973a565553a740c47c5f,evaluator_v2.3,1.0,13340.4,3,SingleAgent-AllTools,1.0,1.0,0.8,EXT-SC-004,scene_construction,False,2834
0.0,0.00048076,1.0,True,easy,8b7d4695f32523c96c79e649252f6f7b9f85eab9a7f6973a565553a740c47c5f,evaluator_v2.3,1.0,15430.9,3,KAFarmTwin-TypedRepair,1.0,1.0,1.0,EXT-SC-004,scene_construction,False,2905
1.0,0.00036483999999999996,1.0,False,medium,8b7d4695f32523c96c79e649252f6f7b9f85eab9a7f6973a565553a740c47c5f,evaluator_v2.3,1.0,3767.0,2,KAFarmTwin-TypedRepair,0.1852,1.0,1.0,EXT-AR-018,asset_routing,False,2463
0.0,0.00095116,1.0,False,medium,8b7d4695f32523c96c79e649252f6f7b9f85eab9a7f6973a565553a740c47c5f,evaluator_v2.3,1.0,40048.1,3,SingleAgent-AllTools,0.1017,0.2857,0.75,EXT-AR-018,asset_routing,False,4678
0.0,0.00062034,1.0,True,medium,8b7d4695f32523c96c79e649252f6f7b9f85eab9a7f6973a565553a740c47c5f,evaluator_v2.3,1.0,25661.2,3,SingleAgent-AllTools,1.0,0.9091,0.5714,EXT-SC-024,scene_construction,False,3459
0.0,0.00059654,1.0,True,medium,8b7d4695f32523c96c79e649252f6f7b9f85eab9a7f6973a565553a740c47c5f,evaluator_v2.3,1.0,17879.6,3,KAFarmTwin-TypedRepair,1.0,0.9091,1.0,EXT-SC-024,scene_construction,False,3374
0.0,0.0,1.0,True,medium,8b7d4695f32523c96c79e649252f6f7b9f85eab9a7f6973a565553a740c47c5f,evaluator_v2.3,1.0,1.8,0,KAFarmTwin-TypedRepair,0.0,0.0,0.0,EXT-MQ-038,memory_query,False,0
0.0,0.0,1.0,True,medium,8b7d4695f32523c96c79e649252f6f7b9f85eab9a7f6973a565553a740c47c5f,evaluator_v2.3,1.0,1.5,0,SingleAgent-AllTools,0.0,0.0,0.0,EXT-MQ-038,memory_query,False,0
0.0,0.0009595599999999999,1.0,False,medium,8b7d4695f32523c96c79e649252f6f7b9f85eab9a7f6973a565553a740c47c5f,evaluator_v2.3,1.0,40661.8,3,SingleAgent-AllTools,0.1714,0.4286,0.5833,EXT-AR-042,asset_routing,False,4720
1.0,0.00036078,1.0,False,medium,8b7d4695f32523c96c79e649252f6f7b9f85eab9a7f6973a565553a740c47c5f,evaluator_v2.3,1.0,3703.5,2,KAFarmTwin-TypedRepair,0.3333,1.0,1.0,EXT-AR-042,asset_routing,False,2437
0.0,0.00068096,1.0,False,medium,8b7d4695f32523c96c79e649252f6f7b9f85eab9a7f6973a565553a740c47c5f,evaluator_v2.3,1.0,23842.8,3,KAFarmTwin-TypedRepair,0.9877,0.7273,1.0,EXT-SC-041,scene_construction,False,3683
0.0,0.00066724,1.0,False,medium,8b7d4695f32523c96c79e649252f6f7b9f85eab9a7f6973a565553a740c47c5f,evaluator_v2.3,1.0,22263.2,3,SingleAgent-AllTools,0.9877,0.7273,0.625,EXT-SC-041,scene_construction,False,3634
0.0,0.00064806,1.0,False,medium,8b7d4695f32523c96c79e649252f6f7b9f85eab9a7f6973a565553a740c47c5f,evaluator_v2.3,1.0,21026.6,3,SingleAgent-AllTools,0.9867,0.7273,0.625,EXT-SC-043,scene_construction,False,3558
0.0,0.00065478,1.0,False,medium,8b7d4695f32523c96c79e649252f6f7b9f85eab9a7f6973a565553a740c47c5f,evaluator_v2.3,1.0,21826.1,3,KAFarmTwin-TypedRepair,0.9867,0.7273,1.0,EXT-SC-043,scene_construction,False,3582
0.0,0.00057582,1.0,True,easy,8b7d4695f32523c96c79e649252f6f7b9f85eab9a7f6973a565553a740c47c5f,evaluator_v2.3,1.0,16824.5,3,KAFarmTwin-TypedRepair,1.0,0.8889,1.0,EXT-SC-006,scene_construction,False,3294
0.0,0.0005859,1.0,True,easy,8b7d4695f32523c96c79e649252f6f7b9f85eab9a7f6973a565553a740c47c5f,evaluator_v2.3,1.0,15995.3,3,SingleAgent-AllTools,1.0,0.8889,0.6667,EXT-SC-006,scene_construction,False,3330
0.0,0.0,1.0,False,medium,8b7d4695f32523c96c79e649252f6f7b9f85eab9a7f6973a565553a740c47c5f,evaluator_v2.3,1.0,0.1,0,SingleAgent-AllTools,1.0,0.0,1.0,EXT-RR-025,rule_repair,False,0
1.0,0.00018102,1.0,True,medium,8b7d4695f32523c96c79e649252f6f7b9f85eab9a7f6973a565553a740c47c5f,evaluator_v2.3,1.0,873.5,1,KAFarmTwin-TypedRepair,1.0,1.0,1.0,EXT-RR-025,rule_repair,False,1286
1.0,0.00053354,1.0,True,hard,8b7d4695f32523c96c79e649252f6f7b9f85eab9a7f6973a565553a740c47c5f,evaluator_v2.3,1.0,6311.2,2,KAFarmTwin-TypedRepair,1.0,1.0,1.0,EXT-DB-055,data_binding,False,3525
1.0,0.00021756,1.0,True,hard,8b7d4695f32523c96c79e649252f6f7b9f85eab9a7f6973a565553a740c47c5f,evaluator_v2.3,1.0,5652.7,1,SingleAgent-AllTools,1.0,1.0,0.0,EXT-DB-055,data_binding,False,1279
0.0,0.0,1.0,True,hard,8b7d4695f32523c96c79e649252f6f7b9f85eab9a7f6973a565553a740c47c5f,evaluator_v2.3,1.0,2.9,0,SingleAgent-AllTools,0.0,0.0,0.0,EXT-MQ-052,memory_query,False,0
0.0,0.0,1.0,True,hard,8b7d4695f32523c96c79e649252f6f7b9f85eab9a7f6973a565553a740c47c5f,evaluator_v2.3,1.0,2.3,0,KAFarmTwin-TypedRepair,0.0,0.0,0.0,EXT-MQ-052,memory_query,False,0
1.0,0.00018438,1.0,True,medium,8b7d4695f32523c96c79e649252f6f7b9f85eab9a7f6973a565553a740c47c5f,evaluator_v2.3,1.0,825.9,1,KAFarmTwin-TypedRepair,1.0,1.0,1.0,EXT-RR-036,rule_repair,False,1310
0.0,0.0,1.0,False,medium,8b7d4695f32523c96c79e649252f6f7b9f85eab9a7f6973a565553a740c47c5f,evaluator_v2.3,1.0,0.1,0,SingleAgent-AllTools,1.0,0.0,1.0,EXT-RR-036,rule_repair,False,0
0.0,0.00044352,1.0,False,easy,8b7d4695f32523c96c79e649252f6f7b9f85eab9a7f6973a565553a740c47c5f,evaluator_v2.3,0.0,18885.5,1,SingleAgent-AllTools,0.0,0.0,0.0,EXT-AR-004,asset_routing,False,1968
1.0,0.00033222000000000004,1.0,False,easy,8b7d4695f32523c96c79e649252f6f7b9f85eab9a7f6973a565553a740c47c5f,evaluator_v2.3,1.0,3361.1,2,KAFarmTwin-TypedRepair,0.2667,1.0,1.0,EXT-AR-004,asset_routing,False,2249
1.0,0.00019796,1.0,True,hard,8b7d4695f32523c96c79e649252f6f7b9f85eab9a7f6973a565553a740c47c5f,evaluator_v2.3,1.0,874.4,1,KAFarmTwin-TypedRepair,1.0,1.0,1.0,EXT-RR-050,rule_repair,False,1407
0.0,0.0,1.0,False,hard,8b7d4695f32523c96c79e649252f6f7b9f85eab9a7f6973a565553a740c47c5f,evaluator_v2.3,1.0,0.0,0,SingleAgent-AllTools,1.0,0.0,1.0,EXT-RR-050,rule_repair,False,0
0.0,0.00085092,1.0,False,medium,8b7d4695f32523c96c79e649252f6f7b9f85eab9a7f6973a565553a740c47c5f,evaluator_v2.3,1.0,32602.9,3,SingleAgent-AllTools,0.1463,0.5,0.9,EXT-AR-043,asset_routing,False,4308
1.0,0.00036105999999999996,1.0,False,medium,8b7d4695f32523c96c79e649252f6f7b9f85eab9a7f6973a565553a740c47c5f,evaluator_v2.3,1.0,5325.8,2,KAFarmTwin-TypedRepair,0.3158,1.0,1.0,EXT-AR-043,asset_routing,False,2439
0.0,0.0,1.0,True,easy,8b7d4695f32523c96c79e649252f6f7b9f85eab9a7f6973a565553a740c47c5f,evaluator_v2.3,1.0,1.7,0,KAFarmTwin-TypedRepair,0.0,0.0,0.0,EXT-MQ-014,memory_query,False,0
0.0,0.0,1.0,True,easy,8b7d4695f32523c96c79e649252f6f7b9f85eab9a7f6973a565553a740c47c5f,evaluator_v2.3,1.0,1.3,0,SingleAgent-AllTools,0.0,0.0,0.0,EXT-MQ-014,memory_query,False,0
0.0,0.00044548,0.0,False,medium,8b7d4695f32523c96c79e649252f6f7b9f85eab9a7f6973a565553a740c47c5f,evaluator_v2.3,0.0,21069.3,1,SingleAgent-AllTools,0.0,0.0,0.0,EXT-AR-026,asset_routing,False,1982
1.0,0.00036386000000000003,1.0,False,medium,8b7d4695f32523c96c79e649252f6f7b9f85eab9a7f6973a565553a740c47c5f,evaluator_v2.3,1.0,4037.1,2,KAFarmTwin-TypedRepair,0.2188,1.0,1.0,EXT-AR-026,asset_routing,False,2456
1.0,0.0004291,1.0,True,medium,8b7d4695f32523c96c79e649252f6f7b9f85eab9a7f6973a565553a740c47c5f,evaluator_v2.3,1.0,5973.4,2,KAFarmTwin-TypedRepair,1.0,1.0,1.0,EXT-DB-039,data_binding,False,2876
1.0,0.00019488,1.0,True,medium,8b7d4695f32523c96c79e649252f6f7b9f85eab9a7f6973a565553a740c47c5f,evaluator_v2.3,1.0,4691.5,1,SingleAgent-AllTools,1.0,1.0,0.0,EXT-DB-039,data_binding,False,1165
0.0,0.00065282,1.0,True,hard,8b7d4695f32523c96c79e649252f6f7b9f85eab9a7f6973a565553a740c47c5f,evaluator_v2.3,1.0,21324.7,3,SingleAgent-AllTools,1.0,1.0,0.625,EXT-SC-052,scene_construction,False,3576
0.0,0.0008194200000000001,1.0,False,hard,8b7d4695f32523c96c79e649252f6f7b9f85eab9a7f6973a565553a740c47c5f,evaluator_v2.3,1.0,20862.3,4,KAFarmTwin-TypedRepair,0.9897,0.7273,1.0,EXT-SC-052,scene_construction,False,4880
0.0,0.0007966000000000001,1.0,False,medium,8b7d4695f32523c96c79e649252f6f7b9f85eab9a7f6973a565553a740c47c5f,evaluator_v2.3,1.0,19834.7,4,KAFarmTwin-TypedRepair,0.9825,0.7273,1.0,EXT-SC-025,scene_construction,False,4785
0.0,0.0006167,1.0,False,medium,8b7d4695f32523c96c79e649252f6f7b9f85eab9a7f6973a565553a740c47c5f,evaluator_v2.3,1.0,19427.1,3,SingleAgent-AllTools,0.9825,0.7273,0.625,EXT-SC-025,scene_construction,False,3449
0.0,0.0,1.0,True,hard,8b7d4695f32523c96c79e649252f6f7b9f85eab9a7f6973a565553a740c47c5f,evaluator_v2.3,1.0,3.1,0,SingleAgent-AllTools,0.0,0.0,0.0,EXT-MQ-050,memory_query,False,0
0.0,0.0,1.0,True,hard,8b7d4695f32523c96c79e649252f6f7b9f85eab9a7f6973a565553a740c47c5f,evaluator_v2.3,1.0,2.4,0,KAFarmTwin-TypedRepair,0.0,0.0,0.0,EXT-MQ-050,memory_query,False,0
1.0,0.00041118000000000003,1.0,False,hard,8b7d4695f32523c96c79e649252f6f7b9f85eab9a7f6973a565553a740c47c5f,evaluator_v2.3,1.0,5830.9,2,KAFarmTwin-TypedRepair,0.2857,0.6,1.0,EXT-AR-050,asset_routing,False,2701
0.0,0.00044618,0.0,False,hard,8b7d4695f32523c96c79e649252f6f7b9f85eab9a7f6973a565553a740c47c5f,evaluator_v2.3,0.0,36453.3,1,SingleAgent-AllTools,0.0,0.0,0.0,EXT-AR-050,asset_routing,False,1987
1.0,0.00019628,1.0,True,medium,8b7d4695f32523c96c79e649252f6f7b9f85eab9a7f6973a565553a740c47c5f,evaluator_v2.3,1.0,8404.9,1,SingleAgent-AllTools,1.0,1.0,0.0,EXT-DB-029,data_binding,False,1169
1.0,0.00044029999999999997,1.0,True,medium,8b7d4695f32523c96c79e649252f6f7b9f85eab9a7f6973a565553a740c47c5f,evaluator_v2.3,1.0,5763.0,2,KAFarmTwin-TypedRepair,1.0,1.0,1.0,EXT-DB-029,data_binding,False,2906
0.0,0.0,1.0,True,easy,8b7d4695f32523c96c79e649252f6f7b9f85eab9a7f6973a565553a740c47c5f,evaluator_v2.3,1.0,1.9,0,KAFarmTwin-TypedRepair,0.0,0.0,0.0,EXT-MQ-011,memory_query,False,0
0.0,0.0,1.0,True,easy,8b7d4695f32523c96c79e649252f6f7b9f85eab9a7f6973a565553a740c47c5f,evaluator_v2.3,1.0,1.5,0,SingleAgent-AllTools,0.0,0.0,0.0,EXT-MQ-011,memory_query,False,0
0.0,0.0006486199999999999,1.0,False,medium,8b7d4695f32523c96c79e649252f6f7b9f85eab9a7f6973a565553a740c47c5f,evaluator_v2.3,1.0,31609.3,3,SingleAgent-AllTools,0.9855,0.7273,0.625,EXT-SC-037,scene_construction,False,3560
0.0,0.00062482,1.0,False,medium,8b7d4695f32523c96c79e649252f6f7b9f85eab9a7f6973a565553a740c47c5f,evaluator_v2.3,1.0,29091.1,3,KAFarmTwin-TypedRepair,0.9855,0.7273,1.0,EXT-SC-037,scene_construction,False,3475
1.0,0.00017976,1.0,True,medium,8b7d4695f32523c96c79e649252f6f7b9f85eab9a7f6973a565553a740c47c5f,evaluator_v2.3,1.0,931.5,1,KAFarmTwin-TypedRepair,1.0,1.0,1.0,EXT-RR-043,rule_repair,False,1277
0.0,0.0,1.0,False,medium,8b7d4695f32523c96c79e649252f6f7b9f85eab9a7f6973a565553a740c47c5f,evaluator_v2.3,1.0,0.1,0,SingleAgent-AllTools,1.0,0.0,1.0,EXT-RR-043,rule_repair,False,0
0.0,0.0,1.0,True,medium,8b7d4695f32523c96c79e649252f6f7b9f85eab9a7f6973a565553a740c47c5f,evaluator_v2.3,1.0,1.1,0,SingleAgent-AllTools,0.0,0.0,0.0,EXT-MQ-017,memory_query,False,0
0.0,0.0,1.0,True,medium,8b7d4695f32523c96c79e649252f6f7b9f85eab9a7f6973a565553a740c47c5f,evaluator_v2.3,1.0,0.7,0,KAFarmTwin-TypedRepair,0.0,0.0,0.0,EXT-MQ-017,memory_query,False,0
0.0,0.0006382600000000001,1.0,False,easy,8b7d4695f32523c96c79e649252f6f7b9f85eab9a7f6973a565553a740c47c5f,evaluator_v2.3,1.0,20519.4,3,KAFarmTwin-TypedRepair,0.9655,0.6667,1.0,EXT-SC-014,scene_construction,False,3538
0.0,0.00065478,1.0,False,easy,8b7d4695f32523c96c79e649252f6f7b9f85eab9a7f6973a565553a740c47c5f,evaluator_v2.3,1.0,19852.9,3,SingleAgent-AllTools,0.9655,0.6667,0.7143,EXT-SC-014,scene_construction,False,3597
0.0,0.00062552,1.0,False,easy,8b7d4695f32523c96c79e649252f6f7b9f85eab9a7f6973a565553a740c47c5f,evaluator_v2.3,1.0,20050.2,3,SingleAgent-AllTools,0.9787,0.6667,0.7143,EXT-SC-013,scene_construction,False,3477
0.0,0.00062944,1.0,False,easy,8b7d4695f32523c96c79e649252f6f7b9f85eab9a7f6973a565553a740c47c5f,evaluator_v2.3,1.0,19853.7,3,KAFarmTwin-TypedRepair,0.9787,0.6667,1.0,EXT-SC-013,scene_construction,False,3499
1.0,0.00016996,1.0,True,easy,8b7d4695f32523c96c79e649252f6f7b9f85eab9a7f6973a565553a740c47c5f,evaluator_v2.3,1.0,828.3,1,KAFarmTwin-TypedRepair,1.0,1.0,1.0,EXT-RR-012,rule_repair,False,1207
0.0,0.0,1.0,False,easy,8b7d4695f32523c96c79e649252f6f7b9f85eab9a7f6973a565553a740c47c5f,evaluator_v2.3,1.0,0.1,0,SingleAgent-AllTools,1.0,0.0,1.0,EXT-RR-012,rule_repair,False,0
1.0,0.00015456,1.0,True,easy,8b7d4695f32523c96c79e649252f6f7b9f85eab9a7f6973a565553a740c47c5f,evaluator_v2.3,1.0,2825.4,1,SingleAgent-AllTools,1.0,1.0,0.0,EXT-DB-012,data_binding,False,983
1.0,0.0003472,1.0,True,easy,8b7d4695f32523c96c79e649252f6f7b9f85eab9a7f6973a565553a740c47c5f,evaluator_v2.3,1.0,3382.2,2,KAFarmTwin-TypedRepair,1.0,1.0,1.0,EXT-DB-012,data_binding,False,2352
1.0,0.00018494,1.0,True,medium,8b7d4695f32523c96c79e649252f6f7b9f85eab9a7f6973a565553a740c47c5f,evaluator_v2.3,1.0,891.0,1,KAFarmTwin-TypedRepair,1.0,1.0,1.0,EXT-RR-044,rule_repair,False,1314
0.0,0.0,1.0,False,medium,8b7d4695f32523c96c79e649252f6f7b9f85eab9a7f6973a565553a740c47c5f,evaluator_v2.3,1.0,0.0,0,SingleAgent-AllTools,1.0,0.0,1.0,EXT-RR-044,rule_repair,False,0
1.0,0.00015932,1.0,True,easy,8b7d4695f32523c96c79e649252f6f7b9f85eab9a7f6973a565553a740c47c5f,evaluator_v2.3,1.0,6754.2,1,SingleAgent-AllTools,1.0,1.0,0.0,EXT-DB-004,data_binding,False,1004
1.0,0.00034832000000000005,1.0,True,easy,8b7d4695f32523c96c79e649252f6f7b9f85eab9a7f6973a565553a740c47c5f,evaluator_v2.3,1.0,4919.8,2,KAFarmTwin-TypedRepair,1.0,1.0,1.0,EXT-DB-004,data_binding,False,2370
0.0,0.000623,1.0,False,hard,8b7d4695f32523c96c79e649252f6f7b9f85eab9a7f6973a565553a740c47c5f,evaluator_v2.3,1.0,17616.1,3,KAFarmTwin-TypedRepair,0.9831,0.5,1.0,EXT-SC-047,scene_construction,False,3473
0.0,0.00064092,1.0,False,hard,8b7d4695f32523c96c79e649252f6f7b9f85eab9a7f6973a565553a740c47c5f,evaluator_v2.3,1.0,19622.6,3,SingleAgent-AllTools,1.0,0.8333,0.625,EXT-SC-047,scene_construction,False,3549
0.0,0.0,1.0,False,easy,8b7d4695f32523c96c79e649252f6f7b9f85eab9a7f6973a565553a740c47c5f,evaluator_v2.3,1.0,0.0,0,SingleAgent-AllTools,1.0,0.0,1.0,EXT-RR-005,rule_repair,False,0
1.0,0.00016604,1.0,True,easy,8b7d4695f32523c96c79e649252f6f7b9f85eab9a7f6973a565553a740c47c5f,evaluator_v2.3,1.0,998.9,1,KAFarmTwin-TypedRepair,1.0,1.0,1.0,EXT-RR-005,rule_repair,False,1179
1.0,0.00039634,1.0,False,hard,8b7d4695f32523c96c79e649252f6f7b9f85eab9a7f6973a565553a740c47c5f,evaluator_v2.3,1.0,4160.1,2,KAFarmTwin-TypedRepair,0.3125,1.0,1.0,EXT-AR-046,asset_routing,False,2666
0.0,0.00044618,0.0,False,hard,8b7d4695f32523c96c79e649252f6f7b9f85eab9a7f6973a565553a740c47c5f,evaluator_v2.3,0.0,21243.3,1,SingleAgent-AllTools,0.0,0.0,0.0,EXT-AR-046,asset_routing,False,1987
0.0,0.00098182,1.0,False,hard,8b7d4695f32523c96c79e649252f6f7b9f85eab9a7f6973a565553a740c47c5f,evaluator_v2.3,1.0,41291.0,3,SingleAgent-AllTools,0.88,0.375,0.7692,EXT-AR-057,asset_routing,False,4804
1.0,0.00039228,1.0,False,hard,8b7d4695f32523c96c79e649252f6f7b9f85eab9a7f6973a565553a740c47c5f,evaluator_v2.3,1.0,5142.4,2,KAFarmTwin-TypedRepair,0.4091,1.0,1.0,EXT-AR-057,asset_routing,False,2633
1.0,0.00033012,1.0,False,easy,8b7d4695f32523c96c79e649252f6f7b9f85eab9a7f6973a565553a740c47c5f,evaluator_v2.3,1.0,6935.1,2,KAFarmTwin-TypedRepair,0.35,1.0,1.0,EXT-AR-015,asset_routing,False,2238
0.0,0.00044282,1.0,False,easy,8b7d4695f32523c96c79e649252f6f7b9f85eab9a7f6973a565553a740c47c5f,evaluator_v2.3,0.0,43443.2,1,SingleAgent-AllTools,0.0,0.0,0.0,EXT-AR-015,asset_routing,False,1963
0.0,0.0,1.0,False,medium,8b7d4695f32523c96c79e649252f6f7b9f85eab9a7f6973a565553a740c47c5f,evaluator_v2.3,1.0,0.0,0,SingleAgent-AllTools,1.0,0.0,1.0,EXT-RR-018,rule_repair,False,0
1.0,0.00018382,1.0,True,medium,8b7d4695f32523c96c79e649252f6f7b9f85eab9a7f6973a565553a740c47c5f,evaluator_v2.3,1.0,931.7,1,KAFarmTwin-TypedRepair,1.0,1.0,1.0,EXT-RR-018,rule_repair,False,1306
0.0,0.0,1.0,True,medium,8b7d4695f32523c96c79e649252f6f7b9f85eab9a7f6973a565553a740c47c5f,evaluator_v2.3,1.0,2.3,0,KAFarmTwin-TypedRepair,0.0,0.0,0.0,EXT-MQ-030,memory_query,False,0
0.0,0.0,1.0,True,medium,8b7d4695f32523c96c79e649252f6f7b9f85eab9a7f6973a565553a740c47c5f,evaluator_v2.3,1.0,1.7,0,SingleAgent-AllTools,0.0,0.0,0.0,EXT-MQ-030,memory_query,False,0
0.0,0.0,1.0,True,medium,8b7d4695f32523c96c79e649252f6f7b9f85eab9a7f6973a565553a740c47c5f,evaluator_v2.3,1.0,2.0,0,SingleAgent-AllTools,0.0,0.0,0.0,EXT-MQ-022,memory_query,False,0
0.0,0.0,1.0,True,medium,8b7d4695f32523c96c79e649252f6f7b9f85eab9a7f6973a565553a740c47c5f,evaluator_v2.3,1.0,1.7,0,KAFarmTwin-TypedRepair,0.0,0.0,0.0,EXT-MQ-022,memory_query,False,0
1.0,0.00019558,1.0,True,hard,8b7d4695f32523c96c79e649252f6f7b9f85eab9a7f6973a565553a740c47c5f,evaluator_v2.3,1.0,846.0,1,KAFarmTwin-TypedRepair,1.0,1.0,1.0,EXT-RR-053,rule_repair,False,1390
0.0,0.0,1.0,False,hard,8b7d4695f32523c96c79e649252f6f7b9f85eab9a7f6973a565553a740c47c5f,evaluator_v2.3,1.0,0.0,0,SingleAgent-AllTools,1.0,0.0,1.0,EXT-RR-053,rule_repair,False,0
0.0,0.00091238,1.0,False,medium,8b7d4695f32523c96c79e649252f6f7b9f85eab9a7f6973a565553a740c47c5f,evaluator_v2.3,1.0,40842.8,3,SingleAgent-AllTools,0.1887,0.4286,0.6667,EXT-AR-024,asset_routing,False,4548
1.0,0.00036722,1.0,False,medium,8b7d4695f32523c96c79e649252f6f7b9f85eab9a7f6973a565553a740c47c5f,evaluator_v2.3,1.0,3898.4,2,KAFarmTwin-TypedRepair,0.2083,1.0,1.0,EXT-AR-024,asset_routing,False,2475
0.0,0.0,1.0,True,medium,8b7d4695f32523c96c79e649252f6f7b9f85eab9a7f6973a565553a740c47c5f,evaluator_v2.3,1.0,2.4,0,KAFarmTwin-TypedRepair,0.0,0.0,0.0,EXT-MQ-034,memory_query,False,0
0.0,0.0,1.0,True,medium,8b7d4695f32523c96c79e649252f6f7b9f85eab9a7f6973a565553a740c47c5f,evaluator_v2.3,1.0,1.7,0,SingleAgent-AllTools,0.0,0.0,0.0,EXT-MQ-034,memory_query,False,0
0.0,0.00044688,0.0,False,hard,8b7d4695f32523c96c79e649252f6f7b9f85eab9a7f6973a565553a740c47c5f,evaluator_v2.3,0.0,24257.8,1,SingleAgent-AllTools,0.0,0.0,0.0,EXT-AR-049,asset_routing,False,1992
1.0,0.00040054,1.0,False,hard,8b7d4695f32523c96c79e649252f6f7b9f85eab9a7f6973a565553a740c47c5f,evaluator_v2.3,1.0,5869.9,2,KAFarmTwin-TypedRepair,0.4118,1.0,1.0,EXT-AR-049,asset_routing,False,2641
0.0,0.00061292,1.0,True,medium,8b7d4695f32523c96c79e649252f6f7b9f85eab9a7f6973a565553a740c47c5f,evaluator_v2.3,1.0,17986.5,3,KAFarmTwin-TypedRepair,1.0,0.9091,1.0,EXT-SC-016,scene_construction,False,3422
0.0,0.0006644400000000001,1.0,True,medium,8b7d4695f32523c96c79e649252f6f7b9f85eab9a7f6973a565553a740c47c5f,evaluator_v2.3,1.0,29534.1,3,SingleAgent-AllTools,1.0,0.9091,0.5714,EXT-SC-016,scene_construction,False,3606
1.0,0.0001743,1.0,True,medium,8b7d4695f32523c96c79e649252f6f7b9f85eab9a7f6973a565553a740c47c5f,evaluator_v2.3,1.0,3683.3,1,SingleAgent-AllTools,1.0,1.0,0.0,EXT-DB-020,data_binding,False,1070
1.0,0.00039256,1.0,True,medium,8b7d4695f32523c96c79e649252f6f7b9f85eab9a7f6973a565553a740c47c5f,evaluator_v2.3,1.0,4508.9,2,KAFarmTwin-TypedRepair,1.0,1.0,1.0,EXT-DB-020,data_binding,False,2622
1.0,0.00036162,1.0,False,medium,8b7d4695f32523c96c79e649252f6f7b9f85eab9a7f6973a565553a740c47c5f,evaluator_v2.3,1.0,3728.7,2,KAFarmTwin-TypedRepair,0.2,1.0,1.0,EXT-AR-020,asset_routing,False,2442
0.0,0.00044576,0.0,False,medium,8b7d4695f32523c96c79e649252f6f7b9f85eab9a7f6973a565553a740c47c5f,evaluator_v2.3,0.0,19958.3,1,SingleAgent-AllTools,0.0,0.0,0.0,EXT-AR-020,asset_routing,False,1984
0.0,0.0,1.0,False,easy,8b7d4695f32523c96c79e649252f6f7b9f85eab9a7f6973a565553a740c47c5f,evaluator_v2.3,1.0,0.0,0,SingleAgent-AllTools,1.0,0.0,1.0,EXT-RR-010,rule_repair,False,0
1.0,0.00016758,1.0,True,easy,8b7d4695f32523c96c79e649252f6f7b9f85eab9a7f6973a565553a740c47c5f,evaluator_v2.3,1.0,819.6,1,KAFarmTwin-TypedRepair,1.0,1.0,1.0,EXT-RR-010,rule_repair,False,1190
1.0,0.00016758,1.0,True,easy,8b7d4695f32523c96c79e649252f6f7b9f85eab9a7f6973a565553a740c47c5f,evaluator_v2.3,1.0,762.6,1,KAFarmTwin-TypedRepair,1.0,1.0,1.0,EXT-RR-006,rule_repair,False,1190
0.0,0.0,1.0,False,easy,8b7d4695f32523c96c79e649252f6f7b9f85eab9a7f6973a565553a740c47c5f,evaluator_v2.3,1.0,0.0,0,SingleAgent-AllTools,1.0,0.0,1.0,EXT-RR-006,rule_repair,False,0
0.0,0.0011260200000000001,1.0,False,easy,8b7d4695f32523c96c79e649252f6f7b9f85eab9a7f6973a565553a740c47c5f,evaluator_v2.3,1.0,47006.9,3,SingleAgent-AllTools,0.0151,0.1053,0.5,EXT-AR-010,asset_routing,False,5305
1.0,0.0003304,1.0,False,easy,8b7d4695f32523c96c79e649252f6f7b9f85eab9a7f6973a565553a740c47c5f,evaluator_v2.3,1.0,4158.1,2,KAFarmTwin-TypedRepair,0.2963,1.0,1.0,EXT-AR-010,asset_routing,False,2240
0.0,0.00060564,1.0,True,easy,8b7d4695f32523c96c79e649252f6f7b9f85eab9a7f6973a565553a740c47c5f,evaluator_v2.3,1.0,18711.2,3,KAFarmTwin-TypedRepair,1.0,0.8889,1.0,EXT-SC-012,scene_construction,False,3402
0.0,0.00057792,1.0,True,easy,8b7d4695f32523c96c79e649252f6f7b9f85eab9a7f6973a565553a740c47c5f,evaluator_v2.3,1.0,19459.2,3,SingleAgent-AllTools,1.0,0.8889,0.6667,EXT-SC-012,scene_construction,False,3303
0.0,0.0,1.0,False,medium,8b7d4695f32523c96c79e649252f6f7b9f85eab9a7f6973a565553a740c47c5f,evaluator_v2.3,1.0,0.0,0,SingleAgent-AllTools,1.0,0.0,1.0,EXT-RR-032,rule_repair,False,0
1.0,0.00018536,1.0,True,medium,8b7d4695f32523c96c79e649252f6f7b9f85eab9a7f6973a565553a740c47c5f,evaluator_v2.3,1.0,849.4,1,KAFarmTwin-TypedRepair,1.0,1.0,1.0,EXT-RR-032,rule_repair,False,1317
0.0,0.0008485400000000001,1.0,True,hard,8b7d4695f32523c96c79e649252f6f7b9f85eab9a7f6973a565553a740c47c5f,evaluator_v2.3,1.0,21143.3,4,KAFarmTwin-TypedRepair,1.0,1.0,1.0,EXT-SC-055,scene_construction,False,5004
0.0,0.00061894,1.0,True,hard,8b7d4695f32523c96c79e649252f6f7b9f85eab9a7f6973a565553a740c47c5f,evaluator_v2.3,1.0,25048.6,3,SingleAgent-AllTools,1.0,1.0,0.625,EXT-SC-055,scene_construction,False,3466
0.0,0.0,1.0,False,medium,8b7d4695f32523c96c79e649252f6f7b9f85eab9a7f6973a565553a740c47c5f,evaluator_v2.3,1.0,0.1,0,SingleAgent-AllTools,1.0,0.0,1.0,EXT-RR-045,rule_repair,False,0
1.0,0.00018102,1.0,True,medium,8b7d4695f32523c96c79e649252f6f7b9f85eab9a7f6973a565553a740c47c5f,evaluator_v2.3,1.0,803.7,1,KAFarmTwin-TypedRepair,1.0,1.0,1.0,EXT-RR-045,rule_repair,False,1286
1.0,0.00053298,1.0,True,hard,8b7d4695f32523c96c79e649252f6f7b9f85eab9a7f6973a565553a740c47c5f,evaluator_v2.3,1.0,6216.4,2,KAFarmTwin-TypedRepair,1.0,1.0,1.0,EXT-DB-051,data_binding,False,3522
1.0,0.00021812,1.0,True,hard,8b7d4695f32523c96c79e649252f6f7b9f85eab9a7f6973a565553a740c47c5f,evaluator_v2.3,1.0,5825.0,1,SingleAgent-AllTools,1.0,1.0,0.0,EXT-DB-051,data_binding,False,1281
1.0,0.00017752,1.0,True,medium,8b7d4695f32523c96c79e649252f6f7b9f85eab9a7f6973a565553a740c47c5f,evaluator_v2.3,1.0,3874.1,1,SingleAgent-AllTools,1.0,1.0,0.0,EXT-DB-044,data_binding,False,1085
1.0,0.00038906,1.0,True,medium,8b7d4695f32523c96c79e649252f6f7b9f85eab9a7f6973a565553a740c47c5f,evaluator_v2.3,1.0,8143.1,2,KAFarmTwin-TypedRepair,1.0,1.0,1.0,EXT-DB-044,data_binding,False,2623
1.0,0.0003808,1.0,True,medium,8b7d4695f32523c96c79e649252f6f7b9f85eab9a7f6973a565553a740c47c5f,evaluator_v2.3,1.0,4243.5,2,KAFarmTwin-TypedRepair,1.0,1.0,1.0,EXT-DB-042,data_binding,False,2577
1.0,0.0001729,1.0,True,medium,8b7d4695f32523c96c79e649252f6f7b9f85eab9a7f6973a565553a740c47c5f,evaluator_v2.3,1.0,3560.0,1,SingleAgent-AllTools,1.0,1.0,0.0,EXT-DB-042,data_binding,False,1065
0.0,0.0008659000000000001,1.0,False,easy,8b7d4695f32523c96c79e649252f6f7b9f85eab9a7f6973a565553a740c47c5f,evaluator_v2.3,1.0,57812.6,3,SingleAgent-AllTools,0.0741,0.3636,0.9,EXT-AR-003,asset_routing,False,4333
1.0,0.00032983999999999997,1.0,False,easy,8b7d4695f32523c96c79e649252f6f7b9f85eab9a7f6973a565553a740c47c5f,evaluator_v2.3,1.0,4829.6,2,KAFarmTwin-TypedRepair,0.2692,1.0,1.0,EXT-AR-003,asset_routing,False,2237
1.0,0.00038332000000000004,1.0,True,medium,8b7d4695f32523c96c79e649252f6f7b9f85eab9a7f6973a565553a740c47c5f,evaluator_v2.3,1.0,3813.5,2,KAFarmTwin-TypedRepair,1.0,1.0,1.0,EXT-DB-038,data_binding,False,2592
1.0,0.00016478,1.0,True,medium,8b7d4695f32523c96c79e649252f6f7b9f85eab9a7f6973a565553a740c47c5f,evaluator_v2.3,1.0,2869.7,1,SingleAgent-AllTools,1.0,1.0,0.0,EXT-DB-038,data_binding,False,1038
0.0,0.0,1.0,False,hard,8b7d4695f32523c96c79e649252f6f7b9f85eab9a7f6973a565553a740c47c5f,evaluator_v2.3,1.0,0.1,0,SingleAgent-AllTools,1.0,0.0,1.0,EXT-RR-057,rule_repair,False,0
1.0,0.000196,1.0,True,hard,8b7d4695f32523c96c79e649252f6f7b9f85eab9a7f6973a565553a740c47c5f,evaluator_v2.3,1.0,828.9,1,KAFarmTwin-TypedRepair,1.0,1.0,1.0,EXT-RR-057,rule_repair,False,1393
1.0,0.00036162,1.0,False,medium,8b7d4695f32523c96c79e649252f6f7b9f85eab9a7f6973a565553a740c47c5f,evaluator_v2.3,1.0,3860.7,2,KAFarmTwin-TypedRepair,0.3846,1.0,1.0,EXT-AR-023,asset_routing,False,2441
0.0,0.00122052,1.0,False,medium,8b7d4695f32523c96c79e649252f6f7b9f85eab9a7f6973a565553a740c47c5f,evaluator_v2.3,1.0,52681.1,3,SingleAgent-AllTools,0.1091,0.2353,0.9333,EXT-AR-023,asset_routing,False,5670
0.0,0.0,1.0,True,hard,8b7d4695f32523c96c79e649252f6f7b9f85eab9a7f6973a565553a740c47c5f,evaluator_v2.3,1.0,2.3,0,SingleAgent-AllTools,0.0,0.0,0.0,EXT-MQ-053,memory_query,False,0
0.0,0.0,1.0,True,hard,8b7d4695f32523c96c79e649252f6f7b9f85eab9a7f6973a565553a740c47c5f,evaluator_v2.3,1.0,1.8,0,KAFarmTwin-TypedRepair,0.0,0.0,0.0,EXT-MQ-053,memory_query,False,0
1.0,0.00036483999999999996,1.0,False,medium,8b7d4695f32523c96c79e649252f6f7b9f85eab9a7f6973a565553a740c47c5f,evaluator_v2.3,1.0,3893.9,2,KAFarmTwin-TypedRepair,0.2424,1.0,1.0,EXT-AR-033,asset_routing,False,2463
0.0,0.00102564,1.0,False,medium,8b7d4695f32523c96c79e649252f6f7b9f85eab9a7f6973a565553a740c47c5f,evaluator_v2.3,1.0,42396.0,3,SingleAgent-AllTools,0.087,0.4286,0.9231,EXT-AR-033,asset_routing,False,4962
0.0,0.0,1.0,False,hard,8b7d4695f32523c96c79e649252f6f7b9f85eab9a7f6973a565553a740c47c5f,evaluator_v2.3,1.0,0.0,0,SingleAgent-AllTools,1.0,0.0,1.0,EXT-RR-047,rule_repair,False,0
1.0,0.0001953,1.0,True,hard,8b7d4695f32523c96c79e649252f6f7b9f85eab9a7f6973a565553a740c47c5f,evaluator_v2.3,1.0,2309.9,1,KAFarmTwin-TypedRepair,1.0,1.0,1.0,EXT-RR-047,rule_repair,False,1388
0.0,0.0,1.0,True,easy,8b7d4695f32523c96c79e649252f6f7b9f85eab9a7f6973a565553a740c47c5f,evaluator_v2.3,1.0,1.8,0,KAFarmTwin-TypedRepair,0.0,0.0,0.0,EXT-MQ-002,memory_query,False,0
0.0,0.0,1.0,True,easy,8b7d4695f32523c96c79e649252f6f7b9f85eab9a7f6973a565553a740c47c5f,evaluator_v2.3,1.0,1.3,0,SingleAgent-AllTools,0.0,0.0,0.0,EXT-MQ-002,memory_query,False,0
0.0,0.0,1.0,False,medium,8b7d4695f32523c96c79e649252f6f7b9f85eab9a7f6973a565553a740c47c5f,evaluator_v2.3,1.0,0.0,0,SingleAgent-AllTools,1.0,0.0,1.0,EXT-RR-027,rule_repair,False,0
1.0,0.00018046,1.0,True,medium,8b7d4695f32523c96c79e649252f6f7b9f85eab9a7f6973a565553a740c47c5f,evaluator_v2.3,1.0,4906.0,1,KAFarmTwin-TypedRepair,1.0,1.0,1.0,EXT-RR-027,rule_repair,False,1282
1.0,0.00033012,1.0,False,easy,8b7d4695f32523c96c79e649252f6f7b9f85eab9a7f6973a565553a740c47c5f,evaluator_v2.3,1.0,3790.1,2,KAFarmTwin-TypedRepair,0.125,1.0,1.0,EXT-AR-006,asset_routing,False,2238
0.0,0.00066262,1.0,False,easy,8b7d4695f32523c96c79e649252f6f7b9f85eab9a7f6973a565553a740c47c5f,evaluator_v2.3,1.0,29313.2,3,SingleAgent-AllTools,0.0597,0.5,0.6667,EXT-AR-006,asset_routing,False,3599
0.0,0.0,1.0,True,medium,8b7d4695f32523c96c79e649252f6f7b9f85eab9a7f6973a565553a740c47c5f,evaluator_v2.3,1.0,2.4,0,SingleAgent-AllTools,0.0,0.0,0.0,EXT-MQ-027,memory_query,False,0
0.0,0.0,1.0,True,medium,8b7d4695f32523c96c79e649252f6f7b9f85eab9a7f6973a565553a740c47c5f,evaluator_v2.3,1.0,1.9,0,KAFarmTwin-TypedRepair,0.0,0.0,0.0,EXT-MQ-027,memory_query,False,0
1.0,0.0003948,1.0,True,medium,8b7d4695f32523c96c79e649252f6f7b9f85eab9a7f6973a565553a740c47c5f,evaluator_v2.3,1.0,4448.7,2,KAFarmTwin-TypedRepair,1.0,1.0,1.0,EXT-DB-034,data_binding,False,2637
1.0,0.00016562,1.0,True,medium,8b7d4695f32523c96c79e649252f6f7b9f85eab9a7f6973a565553a740c47c5f,evaluator_v2.3,1.0,3379.2,1,SingleAgent-AllTools,1.0,1.0,0.0,EXT-DB-034,data_binding,False,1042
0.0,0.0,1.0,True,hard,8b7d4695f32523c96c79e649252f6f7b9f85eab9a7f6973a565553a740c47c5f,evaluator_v2.3,1.0,2.6,0,SingleAgent-AllTools,0.0,0.0,0.0,EXT-MQ-055,memory_query,False,0
0.0,0.0,1.0,True,hard,8b7d4695f32523c96c79e649252f6f7b9f85eab9a7f6973a565553a740c47c5f,evaluator_v2.3,1.0,2.0,0,KAFarmTwin-TypedRepair,0.0,0.0,0.0,EXT-MQ-055,memory_query,False,0
1.0,0.00032928,1.0,False,easy,8b7d4695f32523c96c79e649252f6f7b9f85eab9a7f6973a565553a740c47c5f,evaluator_v2.3,1.0,3341.1,2,KAFarmTwin-TypedRepair,0.2903,1.0,1.0,EXT-AR-011,asset_routing,False,2233
0.0,0.0008605799999999999,1.0,False,easy,8b7d4695f32523c96c79e649252f6f7b9f85eab9a7f6973a565553a740c47c5f,evaluator_v2.3,1.0,33392.0,3,SingleAgent-AllTools,0.0635,0.3077,0.9167,EXT-AR-011,asset_routing,False,4324
0.0,0.0,1.0,False,easy,8b7d4695f32523c96c79e649252f6f7b9f85eab9a7f6973a565553a740c47c5f,evaluator_v2.3,1.0,0.0,0,SingleAgent-AllTools,1.0,0.0,1.0,EXT-RR-007,rule_repair,False,0
1.0,0.0001652,1.0,True,easy,8b7d4695f32523c96c79e649252f6f7b9f85eab9a7f6973a565553a740c47c5f,evaluator_v2.3,1.0,1351.8,1,KAFarmTwin-TypedRepair,1.0,1.0,1.0,EXT-RR-007,rule_repair,False,1173
1.0,0.00036050000000000003,1.0,False,medium,8b7d4695f32523c96c79e649252f6f7b9f85eab9a7f6973a565553a740c47c5f,evaluator_v2.3,1.0,8044.7,2,KAFarmTwin-TypedRepair,0.2432,1.0,1.0,EXT-AR-034,asset_routing,False,2436
0.0,0.00106624,1.0,False,medium,8b7d4695f32523c96c79e649252f6f7b9f85eab9a7f6973a565553a740c47c5f,evaluator_v2.3,1.0,44654.9,3,SingleAgent-AllTools,0.2338,0.4,0.9231,EXT-AR-034,asset_routing,False,5127
0.0,0.0,1.0,True,medium,8b7d4695f32523c96c79e649252f6f7b9f85eab9a7f6973a565553a740c47c5f,evaluator_v2.3,1.0,2.4,0,SingleAgent-AllTools,0.0,0.0,0.0,EXT-MQ-036,memory_query,False,0
0.0,0.0,1.0,True,medium,8b7d4695f32523c96c79e649252f6f7b9f85eab9a7f6973a565553a740c47c5f,evaluator_v2.3,1.0,1.7,0,KAFarmTwin-TypedRepair,0.0,0.0,0.0,EXT-MQ-036,memory_query,False,0
0.0,0.00066836,1.0,False,medium,8b7d4695f32523c96c79e649252f6f7b9f85eab9a7f6973a565553a740c47c5f,evaluator_v2.3,1.0,28828.8,3,KAFarmTwin-TypedRepair,0.9897,0.7273,1.0,EXT-SC-038,scene_construction,False,3638
0.0,0.0006538,1.0,True,medium,8b7d4695f32523c96c79e649252f6f7b9f85eab9a7f6973a565553a740c47c5f,evaluator_v2.3,1.0,22122.3,3,SingleAgent-AllTools,1.0,1.0,0.5714,EXT-SC-038,scene_construction,False,3580
0.0,0.0,1.0,True,hard,8b7d4695f32523c96c79e649252f6f7b9f85eab9a7f6973a565553a740c47c5f,evaluator_v2.3,1.0,2.6,0,SingleAgent-AllTools,0.0,0.0,0.0,EXT-MQ-054,memory_query,False,0
0.0,0.0,1.0,True,hard,8b7d4695f32523c96c79e649252f6f7b9f85eab9a7f6973a565553a740c47c5f,evaluator_v2.3,1.0,2.1,0,KAFarmTwin-TypedRepair,0.0,0.0,0.0,EXT-MQ-054,memory_query,False,0
0.0,0.0,1.0,True,hard,8b7d4695f32523c96c79e649252f6f7b9f85eab9a7f6973a565553a740c47c5f,evaluator_v2.3,1.0,2.9,0,KAFarmTwin-TypedRepair,0.0,0.0,0.0,EXT-MQ-046,memory_query,False,0
0.0,0.0,1.0,True,hard,8b7d4695f32523c96c79e649252f6f7b9f85eab9a7f6973a565553a740c47c5f,evaluator_v2.3,1.0,2.2,0,SingleAgent-AllTools,0.0,0.0,0.0,EXT-MQ-046,memory_query,False,0
1.0,0.00028588,1.0,True,hard,8b7d4695f32523c96c79e649252f6f7b9f85eab9a7f6973a565553a740c47c5f,evaluator_v2.3,1.0,9612.1,1,SingleAgent-AllTools,1.0,1.0,0.0,EXT-DB-053,data_binding,False,1525
1.0,0.0005537,1.0,True,hard,8b7d4695f32523c96c79e649252f6f7b9f85eab9a7f6973a565553a740c47c5f,evaluator_v2.3,1.0,7786.0,2,KAFarmTwin-TypedRepair,1.0,1.0,1.0,EXT-DB-053,data_binding,False,3597
0.0,0.0,1.0,True,easy,8b7d4695f32523c96c79e649252f6f7b9f85eab9a7f6973a565553a740c47c5f,evaluator_v2.3,1.0,1.7,0,KAFarmTwin-TypedRepair,0.0,0.0,0.5,EXT-MQ-012,memory_query,False,0
0.0,0.0,1.0,True,easy,8b7d4695f32523c96c79e649252f6f7b9f85eab9a7f6973a565553a740c47c5f,evaluator_v2.3,1.0,1.2,0,SingleAgent-AllTools,0.0,0.0,0.5,EXT-MQ-012,memory_query,False,0
0.0,0.0006122199999999999,1.0,False,hard,8b7d4695f32523c96c79e649252f6f7b9f85eab9a7f6973a565553a740c47c5f,evaluator_v2.3,1.0,30848.4,3,SingleAgent-AllTools,0.9905,0.7273,0.5714,EXT-SC-048,scene_construction,False,3430
0.0,0.0006533800000000001,1.0,False,hard,8b7d4695f32523c96c79e649252f6f7b9f85eab9a7f6973a565553a740c47c5f,evaluator_v2.3,1.0,27629.5,3,KAFarmTwin-TypedRepair,0.9905,0.7273,1.0,EXT-SC-048,scene_construction,False,3577
0.0,0.0006330800000000001,1.0,False,medium,8b7d4695f32523c96c79e649252f6f7b9f85eab9a7f6973a565553a740c47c5f,evaluator_v2.3,1.0,21644.3,3,KAFarmTwin-TypedRepair,1.0,0.7273,1.0,EXT-SC-039,scene_construction,False,3515
0.0,0.0006571600000000001,1.0,False,medium,8b7d4695f32523c96c79e649252f6f7b9f85eab9a7f6973a565553a740c47c5f,evaluator_v2.3,1.0,27401.3,3,SingleAgent-AllTools,0.9825,0.7273,0.625,EXT-SC-039,scene_construction,False,3601
0.0,0.00062356,1.0,True,medium,8b7d4695f32523c96c79e649252f6f7b9f85eab9a7f6973a565553a740c47c5f,evaluator_v2.3,1.0,20705.0,3,SingleAgent-AllTools,1.0,1.0,0.5714,EXT-SC-045,scene_construction,False,3478
0.0,0.00063364,1.0,True,medium,8b7d4695f32523c96c79e649252f6f7b9f85eab9a7f6973a565553a740c47c5f,evaluator_v2.3,1.0,20854.1,3,KAFarmTwin-TypedRepair,1.0,1.0,1.0,EXT-SC-045,scene_construction,False,3514
0.0,0.0,1.0,True,medium,8b7d4695f32523c96c79e649252f6f7b9f85eab9a7f6973a565553a740c47c5f,evaluator_v2.3,1.0,2.4,0,KAFarmTwin-TypedRepair,0.0,0.0,0.0,EXT-MQ-026,memory_query,False,0
0.0,0.0,1.0,True,medium,8b7d4695f32523c96c79e649252f6f7b9f85eab9a7f6973a565553a740c47c5f,evaluator_v2.3,1.0,1.7,0,SingleAgent-AllTools,0.0,0.0,0.0,EXT-MQ-026,memory_query,False,0
1.0,0.00015652,1.0,True,easy,8b7d4695f32523c96c79e649252f6f7b9f85eab9a7f6973a565553a740c47c5f,evaluator_v2.3,1.0,3036.4,1,SingleAgent-AllTools,1.0,1.0,0.0,EXT-DB-010,data_binding,False,992
1.0,0.00034916,1.0,True,easy,8b7d4695f32523c96c79e649252f6f7b9f85eab9a7f6973a565553a740c47c5f,evaluator_v2.3,1.0,4464.7,2,KAFarmTwin-TypedRepair,1.0,1.0,1.0,EXT-DB-010,data_binding,False,2361
0.0,0.00066948,1.0,False,medium,8b7d4695f32523c96c79e649252f6f7b9f85eab9a7f6973a565553a740c47c5f,evaluator_v2.3,1.0,21820.5,3,KAFarmTwin-TypedRepair,0.9867,0.7273,1.0,EXT-SC-028,scene_construction,False,3635
0.0,0.00060844,1.0,True,medium,8b7d4695f32523c96c79e649252f6f7b9f85eab9a7f6973a565553a740c47c5f,evaluator_v2.3,1.0,19947.8,3,SingleAgent-AllTools,1.0,0.9091,0.5714,EXT-SC-028,scene_construction,False,3406
0.0,0.00061628,1.0,False,medium,8b7d4695f32523c96c79e649252f6f7b9f85eab9a7f6973a565553a740c47c5f,evaluator_v2.3,1.0,28309.3,3,SingleAgent-AllTools,1.0,0.8,0.5714,EXT-SC-035,scene_construction,False,3449
0.0,0.00066836,1.0,False,medium,8b7d4695f32523c96c79e649252f6f7b9f85eab9a7f6973a565553a740c47c5f,evaluator_v2.3,1.0,23234.1,3,KAFarmTwin-TypedRepair,0.9863,0.7273,1.0,EXT-SC-035,scene_construction,False,3641
0.0,0.00089978,1.0,True,hard,8b7d4695f32523c96c79e649252f6f7b9f85eab9a7f6973a565553a740c47c5f,evaluator_v2.3,1.0,25275.2,4,KAFarmTwin-TypedRepair,1.0,1.0,1.0,EXT-SC-053,scene_construction,False,5254
0.0,0.00067522,1.0,True,hard,8b7d4695f32523c96c79e649252f6f7b9f85eab9a7f6973a565553a740c47c5f,evaluator_v2.3,1.0,23249.9,3,SingleAgent-AllTools,1.0,1.0,0.625,EXT-SC-053,scene_construction,False,3680
0.0,0.0,1.0,False,easy,8b7d4695f32523c96c79e649252f6f7b9f85eab9a7f6973a565553a740c47c5f,evaluator_v2.3,1.0,0.1,0,SingleAgent-AllTools,1.0,0.0,1.0,EXT-RR-002,rule_repair,False,0
1.0,0.00016814,1.0,True,easy,8b7d4695f32523c96c79e649252f6f7b9f85eab9a7f6973a565553a740c47c5f,evaluator_v2.3,1.0,863.6,1,KAFarmTwin-TypedRepair,1.0,1.0,1.0,EXT-RR-002,rule_repair,False,1194
0.0,0.0,1.0,True,hard,8b7d4695f32523c96c79e649252f6f7b9f85eab9a7f6973a565553a740c47c5f,evaluator_v2.3,1.0,2.7,0,KAFarmTwin-TypedRepair,0.0,0.0,0.0,EXT-MQ-059,memory_query,False,0
0.0,0.0,1.0,True,hard,8b7d4695f32523c96c79e649252f6f7b9f85eab9a7f6973a565553a740c47c5f,evaluator_v2.3,1.0,1.7,0,SingleAgent-AllTools,0.0,0.0,0.0,EXT-MQ-059,memory_query,False,0
0.0,0.0,1.0,False,medium,8b7d4695f32523c96c79e649252f6f7b9f85eab9a7f6973a565553a740c47c5f,evaluator_v2.3,1.0,0.0,0,SingleAgent-AllTools,1.0,0.0,1.0,EXT-RR-026,rule_repair,False,0
1.0,0.00018256,1.0,True,medium,8b7d4695f32523c96c79e649252f6f7b9f85eab9a7f6973a565553a740c47c5f,evaluator_v2.3,1.0,830.1,1,KAFarmTwin-TypedRepair,1.0,1.0,1.0,EXT-RR-026,rule_repair,False,1297
1.0,0.00036358,1.0,False,medium,8b7d4695f32523c96c79e649252f6f7b9f85eab9a7f6973a565553a740c47c5f,evaluator_v2.3,1.0,3676.7,2,KAFarmTwin-TypedRepair,0.2692,1.0,1.0,EXT-AR-038,asset_routing,False,2455
0.0,0.00086772,1.0,False,medium,8b7d4695f32523c96c79e649252f6f7b9f85eab9a7f6973a565553a740c47c5f,evaluator_v2.3,1.0,33717.5,3,SingleAgent-AllTools,0.1091,0.3077,0.9091,EXT-AR-038,asset_routing,False,4373
0.0,0.00064652,1.0,True,hard,8b7d4695f32523c96c79e649252f6f7b9f85eab9a7f6973a565553a740c47c5f,evaluator_v2.3,1.0,21211.3,3,SingleAgent-AllTools,1.0,1.0,0.625,EXT-SC-056,scene_construction,False,3569
0.0,0.000665,1.0,True,hard,8b7d4695f32523c96c79e649252f6f7b9f85eab9a7f6973a565553a740c47c5f,evaluator_v2.3,1.0,34882.5,3,KAFarmTwin-TypedRepair,1.0,1.0,1.0,EXT-SC-056,scene_construction,False,3635
1.0,0.00038345999999999996,1.0,True,medium,8b7d4695f32523c96c79e649252f6f7b9f85eab9a7f6973a565553a740c47c5f,evaluator_v2.3,1.0,5231.7,2,KAFarmTwin-TypedRepair,1.0,1.0,1.0,EXT-DB-030,data_binding,False,2591
1.0,0.00016408,1.0,True,medium,8b7d4695f32523c96c79e649252f6f7b9f85eab9a7f6973a565553a740c47c5f,evaluator_v2.3,1.0,2935.3,1,SingleAgent-AllTools,1.0,1.0,0.0,EXT-DB-030,data_binding,False,1035
0.0,0.00082152,1.0,False,medium,8b7d4695f32523c96c79e649252f6f7b9f85eab9a7f6973a565553a740c47c5f,evaluator_v2.3,1.0,31852.3,3,SingleAgent-AllTools,0.0755,0.5,0.9,EXT-AR-031,asset_routing,False,4194
1.0,0.00036302000000000003,1.0,False,medium,8b7d4695f32523c96c79e649252f6f7b9f85eab9a7f6973a565553a740c47c5f,evaluator_v2.3,1.0,6940.6,2,KAFarmTwin-TypedRepair,0.24,1.0,1.0,EXT-AR-031,asset_routing,False,2451
0.0,0.0,1.0,True,medium,8b7d4695f32523c96c79e649252f6f7b9f85eab9a7f6973a565553a740c47c5f,evaluator_v2.3,1.0,2.5,0,KAFarmTwin-TypedRepair,0.0,0.0,0.0,EXT-MQ-037,memory_query,False,0
0.0,0.0,1.0,True,medium,8b7d4695f32523c96c79e649252f6f7b9f85eab9a7f6973a565553a740c47c5f,evaluator_v2.3,1.0,1.9,0,SingleAgent-AllTools,0.0,0.0,0.0,EXT-MQ-037,memory_query,False,0
0.0,0.0006034,1.0,False,hard,8b7d4695f32523c96c79e649252f6f7b9f85eab9a7f6973a565553a740c47c5f,evaluator_v2.3,1.0,23260.1,3,SingleAgent-AllTools,0.9916,0.7273,0.5714,EXT-SC-057,scene_construction,False,3403
0.0,0.00059948,1.0,False,hard,8b7d4695f32523c96c79e649252f6f7b9f85eab9a7f6973a565553a740c47c5f,evaluator_v2.3,1.0,21115.9,3,KAFarmTwin-TypedRepair,0.9916,0.7273,1.0,EXT-SC-057,scene_construction,False,3389
0.0,0.0006202,1.0,False,medium,8b7d4695f32523c96c79e649252f6f7b9f85eab9a7f6973a565553a740c47c5f,evaluator_v2.3,1.0,18040.0,3,KAFarmTwin-TypedRepair,0.9863,0.7273,1.0,EXT-SC-020,scene_construction,False,3466
0.0,0.00066192,1.0,False,medium,8b7d4695f32523c96c79e649252f6f7b9f85eab9a7f6973a565553a740c47c5f,evaluator_v2.3,1.0,23323.4,3,SingleAgent-AllTools,0.9863,0.7273,0.625,EXT-SC-020,scene_construction,False,3615
0.0,0.0,1.0,True,medium,8b7d4695f32523c96c79e649252f6f7b9f85eab9a7f6973a565553a740c47c5f,evaluator_v2.3,1.0,2.3,0,SingleAgent-AllTools,0.0,0.0,0.0,EXT-MQ-021,memory_query,False,0
0.0,0.0,1.0,True,medium,8b7d4695f32523c96c79e649252f6f7b9f85eab9a7f6973a565553a740c47c5f,evaluator_v2.3,1.0,1.8,0,KAFarmTwin-TypedRepair,0.0,0.0,0.0,EXT-MQ-021,memory_query,False,0
1.0,0.00019544,1.0,True,hard,8b7d4695f32523c96c79e649252f6f7b9f85eab9a7f6973a565553a740c47c5f,evaluator_v2.3,1.0,910.4,1,KAFarmTwin-TypedRepair,1.0,1.0,1.0,EXT-RR-051,rule_repair,False,1389
0.0,0.0,1.0,False,hard,8b7d4695f32523c96c79e649252f6f7b9f85eab9a7f6973a565553a740c47c5f,evaluator_v2.3,1.0,0.0,0,SingleAgent-AllTools,1.0,0.0,1.0,EXT-RR-051,rule_repair,False,0
0.0,0.0006850199999999999,1.0,False,medium,8b7d4695f32523c96c79e649252f6f7b9f85eab9a7f6973a565553a740c47c5f,evaluator_v2.3,1.0,21874.3,3,SingleAgent-AllTools,0.9888,0.7273,0.625,EXT-SC-032,scene_construction,False,3707
0.0,0.00065954,1.0,False,medium,8b7d4695f32523c96c79e649252f6f7b9f85eab9a7f6973a565553a740c47c5f,evaluator_v2.3,1.0,21813.4,3,KAFarmTwin-TypedRepair,0.9888,0.7273,1.0,EXT-SC-032,scene_construction,False,3608
1.0,0.00042266000000000005,1.0,True,medium,8b7d4695f32523c96c79e649252f6f7b9f85eab9a7f6973a565553a740c47c5f,evaluator_v2.3,1.0,4544.6,2,KAFarmTwin-TypedRepair,1.0,1.0,1.0,EXT-DB-031,data_binding,False,2839
1.0,0.00019152,1.0,True,medium,8b7d4695f32523c96c79e649252f6f7b9f85eab9a7f6973a565553a740c47c5f,evaluator_v2.3,1.0,4905.7,1,SingleAgent-AllTools,1.0,1.0,0.0,EXT-DB-031,data_binding,False,1149
0.0,0.0,1.0,True,medium,8b7d4695f32523c96c79e649252f6f7b9f85eab9a7f6973a565553a740c47c5f,evaluator_v2.3,1.0,2.8,0,SingleAgent-AllTools,0.0,0.0,0.0,EXT-MQ-019,memory_query,False,0
0.0,0.0,1.0,True,medium,8b7d4695f32523c96c79e649252f6f7b9f85eab9a7f6973a565553a740c47c5f,evaluator_v2.3,1.0,1.7,0,KAFarmTwin-TypedRepair,0.0,0.0,0.0,EXT-MQ-019,memory_query,False,0
1.0,0.00018018,1.0,True,medium,8b7d4695f32523c96c79e649252f6f7b9f85eab9a7f6973a565553a740c47c5f,evaluator_v2.3,1.0,888.6,1,KAFarmTwin-TypedRepair,1.0,1.0,1.0,EXT-RR-035,rule_repair,False,1280
0.0,0.0,1.0,False,medium,8b7d4695f32523c96c79e649252f6f7b9f85eab9a7f6973a565553a740c47c5f,evaluator_v2.3,1.0,0.1,0,SingleAgent-AllTools,1.0,0.0,1.0,EXT-RR-035,rule_repair,False,0
0.0,0.00063042,1.0,True,medium,8b7d4695f32523c96c79e649252f6f7b9f85eab9a7f6973a565553a740c47c5f,evaluator_v2.3,1.0,20317.1,3,SingleAgent-AllTools,1.0,0.9091,0.5714,EXT-SC-036,scene_construction,False,3495
0.0,0.00061838,1.0,True,medium,8b7d4695f32523c96c79e649252f6f7b9f85eab9a7f6973a565553a740c47c5f,evaluator_v2.3,1.0,19813.8,3,KAFarmTwin-TypedRepair,1.0,1.0,1.0,EXT-SC-036,scene_construction,False,3452
1.0,0.00018088,1.0,True,medium,8b7d4695f32523c96c79e649252f6f7b9f85eab9a7f6973a565553a740c47c5f,evaluator_v2.3,1.0,883.3,1,KAFarmTwin-TypedRepair,1.0,1.0,1.0,EXT-RR-017,rule_repair,False,1285
0.0,0.0,1.0,False,medium,8b7d4695f32523c96c79e649252f6f7b9f85eab9a7f6973a565553a740c47c5f,evaluator_v2.3,1.0,0.2,0,SingleAgent-AllTools,1.0,0.0,1.0,EXT-RR-017,rule_repair,False,0
0.0,0.0,1.0,True,medium,8b7d4695f32523c96c79e649252f6f7b9f85eab9a7f6973a565553a740c47c5f,evaluator_v2.3,1.0,1.7,0,SingleAgent-AllTools,0.0,0.0,0.0,EXT-MQ-023,memory_query,False,0
0.0,0.0,1.0,True,medium,8b7d4695f32523c96c79e649252f6f7b9f85eab9a7f6973a565553a740c47c5f,evaluator_v2.3,1.0,1.3,0,KAFarmTwin-TypedRepair,0.0,0.0,0.0,EXT-MQ-023,memory_query,False,0
1.0,0.00018452,1.0,True,medium,8b7d4695f32523c96c79e649252f6f7b9f85eab9a7f6973a565553a740c47c5f,evaluator_v2.3,1.0,839.9,1,KAFarmTwin-TypedRepair,1.0,1.0,1.0,EXT-RR-040,rule_repair,False,1311
0.0,0.0,1.0,False,medium,8b7d4695f32523c96c79e649252f6f7b9f85eab9a7f6973a565553a740c47c5f,evaluator_v2.3,1.0,0.0,0,SingleAgent-AllTools,1.0,0.0,1.0,EXT-RR-040,rule_repair,False,0
1.0,0.00019516,1.0,True,medium,8b7d4695f32523c96c79e649252f6f7b9f85eab9a7f6973a565553a740c47c5f,evaluator_v2.3,1.0,5877.4,1,SingleAgent-AllTools,1.0,1.0,0.0,EXT-DB-045,data_binding,False,1164
1.0,0.00043918,1.0,True,medium,8b7d4695f32523c96c79e649252f6f7b9f85eab9a7f6973a565553a740c47c5f,evaluator_v2.3,1.0,7116.4,2,KAFarmTwin-TypedRepair,1.0,1.0,1.0,EXT-DB-045,data_binding,False,2900
1.0,0.00036399999999999996,1.0,False,medium,8b7d4695f32523c96c79e649252f6f7b9f85eab9a7f6973a565553a740c47c5f,evaluator_v2.3,1.0,4150.7,2,KAFarmTwin-TypedRepair,0.4348,1.0,1.0,EXT-AR-029,asset_routing,False,2454
0.0,0.00044618,0.0,False,medium,8b7d4695f32523c96c79e649252f6f7b9f85eab9a7f6973a565553a740c47c5f,evaluator_v2.3,0.0,43097.9,1,SingleAgent-AllTools,0.0,0.0,0.0,EXT-AR-029,asset_routing,False,1987
0.0,0.0008845200000000001,1.0,False,hard,8b7d4695f32523c96c79e649252f6f7b9f85eab9a7f6973a565553a740c47c5f,evaluator_v2.3,1.0,38752.2,3,SingleAgent-AllTools,0.8947,0.6154,0.8182,EXT-AR-047,asset_routing,False,4445
1.0,0.00039312,1.0,False,hard,8b7d4695f32523c96c79e649252f6f7b9f85eab9a7f6973a565553a740c47c5f,evaluator_v2.3,1.0,4247.2,2,KAFarmTwin-TypedRepair,0.3056,1.0,1.0,EXT-AR-047,asset_routing,False,2646
1.0,0.0003633,1.0,False,medium,8b7d4695f32523c96c79e649252f6f7b9f85eab9a7f6973a565553a740c47c5f,evaluator_v2.3,1.0,3641.0,2,KAFarmTwin-TypedRepair,0.2414,1.0,1.0,EXT-AR-032,asset_routing,False,2453
0.0,0.00078904,1.0,False,medium,8b7d4695f32523c96c79e649252f6f7b9f85eab9a7f6973a565553a740c47c5f,evaluator_v2.3,1.0,31443.1,3,SingleAgent-AllTools,0.0968,0.5,0.6,EXT-AR-032,asset_routing,False,4089
0.0,0.0009339400000000001,1.0,False,medium,8b7d4695f32523c96c79e649252f6f7b9f85eab9a7f6973a565553a740c47c5f,evaluator_v2.3,1.0,39742.1,3,SingleAgent-AllTools,0.2857,0.2857,0.9167,EXT-AR-044,asset_routing,False,4622
1.0,0.00036596,1.0,False,medium,8b7d4695f32523c96c79e649252f6f7b9f85eab9a7f6973a565553a740c47c5f,evaluator_v2.3,1.0,4474.9,2,KAFarmTwin-TypedRepair,0.3043,1.0,1.0,EXT-AR-044,asset_routing,False,2467
1.0,0.00033124,1.0,False,easy,8b7d4695f32523c96c79e649252f6f7b9f85eab9a7f6973a565553a740c47c5f,evaluator_v2.3,1.0,3620.6,2,KAFarmTwin-TypedRepair,0.375,1.0,1.0,EXT-AR-014,asset_routing,False,2241
0.0,0.0009829399999999999,1.0,False,easy,8b7d4695f32523c96c79e649252f6f7b9f85eab9a7f6973a565553a740c47c5f,evaluator_v2.3,1.0,43052.8,3,SingleAgent-AllTools,0.3158,0.1333,0.7143,EXT-AR-014,asset_routing,False,4781
0.0,0.0007369599999999999,1.0,False,medium,8b7d4695f32523c96c79e649252f6f7b9f85eab9a7f6973a565553a740c47c5f,evaluator_v2.3,1.0,33821.8,3,SingleAgent-AllTools,0.125,0.5,0.7,EXT-AR-037,asset_routing,False,3890
1.0,0.00036134000000000003,1.0,False,medium,8b7d4695f32523c96c79e649252f6f7b9f85eab9a7f6973a565553a740c47c5f,evaluator_v2.3,1.0,3417.8,2,KAFarmTwin-TypedRepair,0.2727,1.0,1.0,EXT-AR-037,asset_routing,False,2440
1.0,0.00036134000000000003,1.0,False,medium,8b7d4695f32523c96c79e649252f6f7b9f85eab9a7f6973a565553a740c47c5f,evaluator_v2.3,1.0,4394.8,2,KAFarmTwin-TypedRepair,0.3448,1.0,1.0,EXT-AR-017,asset_routing,False,2440
0.0,0.00073276,1.0,False,medium,8b7d4695f32523c96c79e649252f6f7b9f85eab9a7f6973a565553a740c47c5f,evaluator_v2.3,1.0,26772.6,3,SingleAgent-AllTools,0.6824,0.6,0.8889,EXT-AR-017,asset_routing,False,3879
1.0,0.0001561,1.0,True,easy,8b7d4695f32523c96c79e649252f6f7b9f85eab9a7f6973a565553a740c47c5f,evaluator_v2.3,1.0,2950.4,1,SingleAgent-AllTools,1.0,1.0,0.0,EXT-DB-013,data_binding,False,993
1.0,0.00034874,1.0,True,easy,8b7d4695f32523c96c79e649252f6f7b9f85eab9a7f6973a565553a740c47c5f,evaluator_v2.3,1.0,7390.5,2,KAFarmTwin-TypedRepair,1.0,1.0,1.0,EXT-DB-013,data_binding,False,2362
0.0,0.0,1.0,True,hard,8b7d4695f32523c96c79e649252f6f7b9f85eab9a7f6973a565553a740c47c5f,evaluator_v2.3,1.0,3.0,0,KAFarmTwin-TypedRepair,0.0,0.0,0.0,EXT-MQ-057,memory_query,False,0
0.0,0.0,1.0,True,hard,8b7d4695f32523c96c79e649252f6f7b9f85eab9a7f6973a565553a740c47c5f,evaluator_v2.3,1.0,2.1,0,SingleAgent-AllTools,0.0,0.0,0.0,EXT-MQ-057,memory_query,False,0
0.0,0.0,1.0,True,medium,8b7d4695f32523c96c79e649252f6f7b9f85eab9a7f6973a565553a740c47c5f,evaluator_v2.3,1.0,2.1,0,SingleAgent-AllTools,0.0,0.0,0.0,EXT-MQ-044,memory_query,False,0
0.0,0.0,1.0,True,medium,8b7d4695f32523c96c79e649252f6f7b9f85eab9a7f6973a565553a740c47c5f,evaluator_v2.3,1.0,1.7,0,KAFarmTwin-TypedRepair,0.0,0.0,0.0,EXT-MQ-044,memory_query,False,0
1.0,0.00045374,1.0,True,medium,8b7d4695f32523c96c79e649252f6f7b9f85eab9a7f6973a565553a740c47c5f,evaluator_v2.3,1.0,5699.1,2,KAFarmTwin-TypedRepair,1.0,1.0,1.0,EXT-DB-025,data_binding,False,2952
1.0,0.00019516,1.0,True,medium,8b7d4695f32523c96c79e649252f6f7b9f85eab9a7f6973a565553a740c47c5f,evaluator_v2.3,1.0,4934.8,1,SingleAgent-AllTools,1.0,1.0,0.0,EXT-DB-025,data_binding,False,1164
0.0,0.00053858,1.0,True,easy,8b7d4695f32523c96c79e649252f6f7b9f85eab9a7f6973a565553a740c47c5f,evaluator_v2.3,1.0,20431.9,3,SingleAgent-AllTools,1.0,1.0,0.6667,EXT-SC-009,scene_construction,False,3170
0.0,0.00060186,1.0,False,easy,8b7d4695f32523c96c79e649252f6f7b9f85eab9a7f6973a565553a740c47c5f,evaluator_v2.3,1.0,18025.8,3,KAFarmTwin-TypedRepair,0.9804,0.6667,1.0,EXT-SC-009,scene_construction,False,3401
1.0,0.00032956,1.0,False,easy,8b7d4695f32523c96c79e649252f6f7b9f85eab9a7f6973a565553a740c47c5f,evaluator_v2.3,1.0,3605.8,2,KAFarmTwin-TypedRepair,0.1379,1.0,1.0,EXT-AR-012,asset_routing,False,2235
0.0,0.0006307,1.0,False,easy,8b7d4695f32523c96c79e649252f6f7b9f85eab9a7f6973a565553a740c47c5f,evaluator_v2.3,1.0,19816.0,3,SingleAgent-AllTools,0.0678,0.5,0.8571,EXT-AR-012,asset_routing,False,3472
0.0,0.0,1.0,True,easy,8b7d4695f32523c96c79e649252f6f7b9f85eab9a7f6973a565553a740c47c5f,evaluator_v2.3,1.0,2.0,0,SingleAgent-AllTools,0.0,0.0,0.0,EXT-MQ-001,memory_query,False,0
0.0,0.0,1.0,True,easy,8b7d4695f32523c96c79e649252f6f7b9f85eab9a7f6973a565553a740c47c5f,evaluator_v2.3,1.0,1.4,0,KAFarmTwin-TypedRepair,0.0,0.0,0.0,EXT-MQ-001,memory_query,False,0
1.0,0.00039144,1.0,False,hard,8b7d4695f32523c96c79e649252f6f7b9f85eab9a7f6973a565553a740c47c5f,evaluator_v2.3,1.0,4568.6,2,KAFarmTwin-TypedRepair,0.2,1.0,1.0,EXT-AR-055,asset_routing,False,2631
0.0,0.00044618,0.0,False,hard,8b7d4695f32523c96c79e649252f6f7b9f85eab9a7f6973a565553a740c47c5f,evaluator_v2.3,0.0,25299.3,1,SingleAgent-AllTools,0.0,0.0,0.0,EXT-AR-055,asset_routing,False,1987
0.0,0.0,1.0,True,easy,8b7d4695f32523c96c79e649252f6f7b9f85eab9a7f6973a565553a740c47c5f,evaluator_v2.3,1.0,1.7,0,SingleAgent-AllTools,0.0,0.0,0.0,EXT-MQ-010,memory_query,False,0
0.0,0.0,1.0,True,easy,8b7d4695f32523c96c79e649252f6f7b9f85eab9a7f6973a565553a740c47c5f,evaluator_v2.3,1.0,1.3,0,KAFarmTwin-TypedRepair,0.0,0.0,0.0,EXT-MQ-010,memory_query,False,0
0.0,0.00066192,1.0,False,medium,8b7d4695f32523c96c79e649252f6f7b9f85eab9a7f6973a565553a740c47c5f,evaluator_v2.3,1.0,21371.6,3,KAFarmTwin-TypedRepair,0.9897,0.7273,1.0,EXT-SC-023,scene_construction,False,3615
0.0,0.00068572,1.0,False,medium,8b7d4695f32523c96c79e649252f6f7b9f85eab9a7f6973a565553a740c47c5f,evaluator_v2.3,1.0,32560.4,3,SingleAgent-AllTools,0.9897,0.7273,0.625,EXT-SC-023,scene_construction,False,3700
1.0,0.00021574,1.0,True,hard,8b7d4695f32523c96c79e649252f6f7b9f85eab9a7f6973a565553a740c47c5f,evaluator_v2.3,1.0,6263.6,1,SingleAgent-AllTools,1.0,1.0,0.0,EXT-DB-050,data_binding,False,1270
1.0,0.00054852,1.0,True,hard,8b7d4695f32523c96c79e649252f6f7b9f85eab9a7f6973a565553a740c47c5f,evaluator_v2.3,1.0,6699.3,2,KAFarmTwin-TypedRepair,1.0,1.0,1.0,EXT-DB-050,data_binding,False,3570
0.0,0.0,1.0,True,medium,8b7d4695f32523c96c79e649252f6f7b9f85eab9a7f6973a565553a740c47c5f,evaluator_v2.3,1.0,2.4,0,KAFarmTwin-TypedRepair,0.0,0.0,0.0,EXT-MQ-033,memory_query,False,0
0.0,0.0,1.0,True,medium,8b7d4695f32523c96c79e649252f6f7b9f85eab9a7f6973a565553a740c47c5f,evaluator_v2.3,1.0,1.8,0,SingleAgent-AllTools,0.0,0.0,0.0,EXT-MQ-033,memory_query,False,0
0.0,0.0,1.0,False,medium,8b7d4695f32523c96c79e649252f6f7b9f85eab9a7f6973a565553a740c47c5f,evaluator_v2.3,1.0,0.1,0,SingleAgent-AllTools,1.0,0.0,1.0,EXT-RR-024,rule_repair,False,0
1.0,0.00018494,1.0,True,medium,8b7d4695f32523c96c79e649252f6f7b9f85eab9a7f6973a565553a740c47c5f,evaluator_v2.3,1.0,1520.1,1,KAFarmTwin-TypedRepair,1.0,1.0,1.0,EXT-RR-024,rule_repair,False,1314
1.0,0.00039522,1.0,True,medium,8b7d4695f32523c96c79e649252f6f7b9f85eab9a7f6973a565553a740c47c5f,evaluator_v2.3,1.0,4908.5,2,KAFarmTwin-TypedRepair,1.0,1.0,1.0,EXT-DB-028,data_binding,False,2637
1.0,0.00017584,1.0,True,medium,8b7d4695f32523c96c79e649252f6f7b9f85eab9a7f6973a565553a740c47c5f,evaluator_v2.3,1.0,4070.2,1,SingleAgent-AllTools,1.0,1.0,0.0,EXT-DB-028,data_binding,False,1077
0.0,0.0,1.0,False,easy,8b7d4695f32523c96c79e649252f6f7b9f85eab9a7f6973a565553a740c47c5f,evaluator_v2.3,1.0,0.0,0,SingleAgent-AllTools,1.0,0.0,1.0,EXT-RR-001,rule_repair,False,0
1.0,0.00016548,1.0,True,easy,8b7d4695f32523c96c79e649252f6f7b9f85eab9a7f6973a565553a740c47c5f,evaluator_v2.3,1.0,848.0,1,KAFarmTwin-TypedRepair,1.0,1.0,1.0,EXT-RR-001,rule_repair,False,1175
0.0,0.0,1.0,True,medium,8b7d4695f32523c96c79e649252f6f7b9f85eab9a7f6973a565553a740c47c5f,evaluator_v2.3,1.0,2.2,0,KAFarmTwin-TypedRepair,0.0,0.0,0.0,EXT-MQ-028,memory_query,False,0
0.0,0.0,1.0,True,medium,8b7d4695f32523c96c79e649252f6f7b9f85eab9a7f6973a565553a740c47c5f,evaluator_v2.3,1.0,1.6,0,SingleAgent-AllTools,0.0,0.0,0.0,EXT-MQ-028,memory_query,False,0
0.0,0.0,1.0,False,medium,8b7d4695f32523c96c79e649252f6f7b9f85eab9a7f6973a565553a740c47c5f,evaluator_v2.3,1.0,0.0,0,SingleAgent-AllTools,1.0,0.0,1.0,EXT-RR-028,rule_repair,False,0
1.0,0.00018536,1.0,True,medium,8b7d4695f32523c96c79e649252f6f7b9f85eab9a7f6973a565553a740c47c5f,evaluator_v2.3,1.0,1082.9,1,KAFarmTwin-TypedRepair,1.0,1.0,1.0,EXT-RR-028,rule_repair,False,1317
1.0,0.0005325600000000001,1.0,True,hard,8b7d4695f32523c96c79e649252f6f7b9f85eab9a7f6973a565553a740c47c5f,evaluator_v2.3,1.0,5664.1,2,KAFarmTwin-TypedRepair,1.0,1.0,1.0,EXT-DB-054,data_binding,False,3520
1.0,0.00021826,1.0,True,hard,8b7d4695f32523c96c79e649252f6f7b9f85eab9a7f6973a565553a740c47c5f,evaluator_v2.3,1.0,5826.6,1,SingleAgent-AllTools,1.0,1.0,0.0,EXT-DB-054,data_binding,False,1281
0.0,0.0011921,1.0,False,hard,8b7d4695f32523c96c79e649252f6f7b9f85eab9a7f6973a565553a740c47c5f,evaluator_v2.3,1.0,56518.8,3,SingleAgent-AllTools,0.1429,0.3158,0.9375,EXT-AR-058,asset_routing,False,5575
1.0,0.00039116,1.0,False,hard,8b7d4695f32523c96c79e649252f6f7b9f85eab9a7f6973a565553a740c47c5f,evaluator_v2.3,1.0,4022.4,2,KAFarmTwin-TypedRepair,0.3846,1.0,1.0,EXT-AR-058,asset_routing,False,2630
