binding_f1,cost,critical_recall,cvsr,difficulty,evaluator_hash,evaluator_version,evidence_precision,latency_ms,llm_calls,method,object_f1,relation_f1,replay_success,task_id,task_type,technical_failure,tokens
0.0,0.0,1.0,True,hard,8b7d4695f32523c96c79e649252f6f7b9f85eab9a7f6973a565553a740c47c5f,evaluator_v2.3,1.0,2.7,0,KAFarmTwin-TypedRepair,0.0,0.0,0.0,EXT-MQ-047,memory_query,False,0
0.0,0.0,1.0,True,hard,8b7d4695f32523c96c79e649252f6f7b9f85eab9a7f6973a565553a740c47c5f,evaluator_v2.3,1.0,2.1,0,SingleAgent-AllTools,0.0,0.0,0.0,EXT-MQ-047,memory_query,False,0
1.0,0.0001701,1.0,True,easy,8b7d4695f32523c96c79e649252f6f7b9f85eab9a7f6973a565553a740c47c5f,evaluator_v2.3,1.0,3998.0,1,SingleAgent-AllTools,1.0,1.0,0.0,EXT-DB-003,data_binding,False,1049
1.0,0.00036861999999999995,1.0,True,easy,8b7d4695f32523c96c79e649252f6f7b9f85eab9a7f6973a565553a740c47c5f,evaluator_v2.3,1.0,6012.0,2,KAFarmTwin-TypedRepair,1.0,1.0,1.0,EXT-DB-003,data_binding,False,2460
1.0,0.00033025999999999997,1.0,True,easy,8b7d4695f32523c96c79e649252f6f7b9f85eab9a7f6973a565553a740c47c5f,evaluator_v2.3,1.0,4152.2,2,KAFarmTwin-TypedRepair,1.0,1.0,1.0,EXT-AR-013,asset_routing,False,2206
0.0,0.00087038,1.0,False,easy,8b7d4695f32523c96c79e649252f6f7b9f85eab9a7f6973a565553a740c47c5f,evaluator_v2.3,1.0,36872.1,3,SingleAgent-AllTools,0.0571,0.1667,0.7273,EXT-AR-013,asset_routing,False,4361
0.0,0.00064372,1.0,False,medium,8b7d4695f32523c96c79e649252f6f7b9f85eab9a7f6973a565553a740c47c5f,evaluator_v2.3,1.0,19742.0,3,SingleAgent-AllTools,1.0,0.6667,0.6667,EXT-SC-031,scene_construction,False,3569
0.0,0.0007694399999999999,1.0,True,medium,8b7d4695f32523c96c79e649252f6f7b9f85eab9a7f6973a565553a740c47c5f,evaluator_v2.3,1.0,30676.1,3,KAFarmTwin-TypedRepair,1.0,1.0,1.0,EXT-SC-031,scene_construction,False,3996
0.6667,0.00060508,1.0,False,hard,8b7d4695f32523c96c79e649252f6f7b9f85eab9a7f6973a565553a740c47c5f,evaluator_v2.3,1.0,10497.5,2,KAFarmTwin-TypedRepair,1.0,1.0,1.0,EXT-DB-048,data_binding,False,3806
0.6667,0.00023898,1.0,False,hard,8b7d4695f32523c96c79e649252f6f7b9f85eab9a7f6973a565553a740c47c5f,evaluator_v2.3,1.0,6297.9,1,SingleAgent-AllTools,1.0,1.0,0.0,EXT-DB-048,data_binding,False,1362
0.0,0.0,1.0,False,easy,8b7d4695f32523c96c79e649252f6f7b9f85eab9a7f6973a565553a740c47c5f,evaluator_v2.3,1.0,0.0,0,SingleAgent-AllTools,1.0,0.0,1.0,EXT-RR-011,rule_repair,False,0
1.0,0.00016744,1.0,True,easy,8b7d4695f32523c96c79e649252f6f7b9f85eab9a7f6973a565553a740c47c5f,evaluator_v2.3,1.0,1016.5,1,KAFarmTwin-TypedRepair,1.0,1.0,1.0,EXT-RR-011,rule_repair,False,1189
0.6667,0.00055664,1.0,False,hard,8b7d4695f32523c96c79e649252f6f7b9f85eab9a7f6973a565553a740c47c5f,evaluator_v2.3,1.0,7418.3,2,KAFarmTwin-TypedRepair,1.0,1.0,1.0,EXT-DB-052,data_binding,False,3627
1.0,0.00024234,1.0,True,hard,8b7d4695f32523c96c79e649252f6f7b9f85eab9a7f6973a565553a740c47c5f,evaluator_v2.3,1.0,7285.6,1,SingleAgent-AllTools,1.0,1.0,0.0,EXT-DB-052,data_binding,False,1373
0.0,0.0,1.0,False,hard,8b7d4695f32523c96c79e649252f6f7b9f85eab9a7f6973a565553a740c47c5f,evaluator_v2.3,1.0,0.1,0,SingleAgent-AllTools,1.0,0.0,1.0,EXT-RR-058,rule_repair,False,0
1.0,0.00020398,1.0,True,hard,8b7d4695f32523c96c79e649252f6f7b9f85eab9a7f6973a565553a740c47c5f,evaluator_v2.3,1.0,1180.9,1,KAFarmTwin-TypedRepair,1.0,1.0,1.0,EXT-RR-058,rule_repair,False,1450
1.0,0.00036302000000000003,1.0,True,easy,8b7d4695f32523c96c79e649252f6f7b9f85eab9a7f6973a565553a740c47c5f,evaluator_v2.3,1.0,4957.9,2,KAFarmTwin-TypedRepair,1.0,1.0,1.0,EXT-DB-006,data_binding,False,2427
1.0,0.0001673,1.0,True,easy,8b7d4695f32523c96c79e649252f6f7b9f85eab9a7f6973a565553a740c47c5f,evaluator_v2.3,1.0,3869.4,1,SingleAgent-AllTools,1.0,1.0,0.0,EXT-DB-006,data_binding,False,1036
0.0,0.0006694800000000001,1.0,True,medium,8b7d4695f32523c96c79e649252f6f7b9f85eab9a7f6973a565553a740c47c5f,evaluator_v2.3,1.0,20979.9,3,SingleAgent-AllTools,1.0,0.7143,0.7273,EXT-SC-034,scene_construction,False,3677
0.0,0.00066304,1.0,True,medium,8b7d4695f32523c96c79e649252f6f7b9f85eab9a7f6973a565553a740c47c5f,evaluator_v2.3,1.0,22642.2,3,KAFarmTwin-TypedRepair,1.0,0.7143,1.0,EXT-SC-034,scene_construction,False,3654
1.0,0.00018368,1.0,True,medium,8b7d4695f32523c96c79e649252f6f7b9f85eab9a7f6973a565553a740c47c5f,evaluator_v2.3,1.0,1123.3,1,KAFarmTwin-TypedRepair,1.0,1.0,1.0,EXT-RR-031,rule_repair,False,1305
0.0,0.0,1.0,False,medium,8b7d4695f32523c96c79e649252f6f7b9f85eab9a7f6973a565553a740c47c5f,evaluator_v2.3,1.0,0.0,0,SingleAgent-AllTools,1.0,0.0,1.0,EXT-RR-031,rule_repair,False,0
0.0,0.0,1.0,True,medium,8b7d4695f32523c96c79e649252f6f7b9f85eab9a7f6973a565553a740c47c5f,evaluator_v2.3,1.0,2.0,0,SingleAgent-AllTools,0.0,0.0,0.0,EXT-MQ-018,memory_query,False,0
0.0,0.0,1.0,True,medium,8b7d4695f32523c96c79e649252f6f7b9f85eab9a7f6973a565553a740c47c5f,evaluator_v2.3,1.0,1.6,0,KAFarmTwin-TypedRepair,0.0,0.0,0.0,EXT-MQ-018,memory_query,False,0
0.8571,0.00037688,1.0,False,medium,8b7d4695f32523c96c79e649252f6f7b9f85eab9a7f6973a565553a740c47c5f,evaluator_v2.3,1.0,4920.2,2,KAFarmTwin-TypedRepair,0.4211,0.75,1.0,EXT-AR-028,asset_routing,False,2512
0.0,0.00098924,1.0,False,medium,8b7d4695f32523c96c79e649252f6f7b9f85eab9a7f6973a565553a740c47c5f,evaluator_v2.3,1.0,41530.7,3,SingleAgent-AllTools,0.1395,0.3333,0.875,EXT-AR-028,asset_routing,False,4877
0.75,0.00021154,1.0,False,medium,8b7d4695f32523c96c79e649252f6f7b9f85eab9a7f6973a565553a740c47c5f,evaluator_v2.3,1.0,6009.5,1,SingleAgent-AllTools,1.0,1.0,0.0,EXT-DB-043,data_binding,False,1232
1.0,0.0004676,1.0,True,medium,8b7d4695f32523c96c79e649252f6f7b9f85eab9a7f6973a565553a740c47c5f,evaluator_v2.3,1.0,7002.1,2,KAFarmTwin-TypedRepair,1.0,1.0,1.0,EXT-DB-043,data_binding,False,3043
1.0,0.00056644,1.0,True,hard,8b7d4695f32523c96c79e649252f6f7b9f85eab9a7f6973a565553a740c47c5f,evaluator_v2.3,1.0,9769.3,2,KAFarmTwin-TypedRepair,1.0,1.0,1.0,EXT-DB-057,data_binding,False,3679
1.0,0.00024458,1.0,True,hard,8b7d4695f32523c96c79e649252f6f7b9f85eab9a7f6973a565553a740c47c5f,evaluator_v2.3,1.0,6784.1,1,SingleAgent-AllTools,1.0,1.0,0.0,EXT-DB-057,data_binding,False,1387
0.0,0.00044772,0.0,False,hard,8b7d4695f32523c96c79e649252f6f7b9f85eab9a7f6973a565553a740c47c5f,evaluator_v2.3,0.0,20889.8,1,SingleAgent-AllTools,0.0,0.0,0.0,EXT-AR-048,asset_routing,False,1998
0.8,0.0004207,1.0,False,hard,8b7d4695f32523c96c79e649252f6f7b9f85eab9a7f6973a565553a740c47c5f,evaluator_v2.3,1.0,6776.5,2,KAFarmTwin-TypedRepair,0.1176,0.6,1.0,EXT-AR-048,asset_routing,False,2737
1.0,0.00036918,1.0,True,easy,8b7d4695f32523c96c79e649252f6f7b9f85eab9a7f6973a565553a740c47c5f,evaluator_v2.3,1.0,4927.2,2,KAFarmTwin-TypedRepair,1.0,1.0,1.0,EXT-DB-008,data_binding,False,2448
1.0,0.00017318,1.0,True,easy,8b7d4695f32523c96c79e649252f6f7b9f85eab9a7f6973a565553a740c47c5f,evaluator_v2.3,1.0,4095.3,1,SingleAgent-AllTools,1.0,1.0,0.0,EXT-DB-008,data_binding,False,1055
0.0,0.00058632,1.0,True,easy,8b7d4695f32523c96c79e649252f6f7b9f85eab9a7f6973a565553a740c47c5f,evaluator_v2.3,1.0,16558.6,3,SingleAgent-AllTools,1.0,0.75,0.8571,EXT-SC-005,scene_construction,False,3323
0.0,0.0005530000000000001,1.0,True,easy,8b7d4695f32523c96c79e649252f6f7b9f85eab9a7f6973a565553a740c47c5f,evaluator_v2.3,1.0,15326.3,3,KAFarmTwin-TypedRepair,1.0,0.75,1.0,EXT-SC-005,scene_construction,False,3204
0.0,0.0008674399999999999,1.0,False,hard,8b7d4695f32523c96c79e649252f6f7b9f85eab9a7f6973a565553a740c47c5f,evaluator_v2.3,1.0,34736.6,3,KAFarmTwin-TypedRepair,0.9912,0.4706,1.0,EXT-SC-054,scene_construction,False,4402
0.0,0.0008596,1.0,False,hard,8b7d4695f32523c96c79e649252f6f7b9f85eab9a7f6973a565553a740c47c5f,evaluator_v2.3,1.0,33908.2,3,SingleAgent-AllTools,0.9912,0.4706,0.7692,EXT-SC-054,scene_construction,False,4374
0.0,0.00072702,1.0,True,medium,8b7d4695f32523c96c79e649252f6f7b9f85eab9a7f6973a565553a740c47c5f,evaluator_v2.3,1.0,30800.8,3,SingleAgent-AllTools,1.0,0.7143,0.6667,EXT-SC-042,scene_construction,False,3863
0.0,0.00064778,1.0,True,medium,8b7d4695f32523c96c79e649252f6f7b9f85eab9a7f6973a565553a740c47c5f,evaluator_v2.3,1.0,21605.8,3,KAFarmTwin-TypedRepair,1.0,0.7143,1.0,EXT-SC-042,scene_construction,False,3582
1.0,0.00036624,1.0,True,easy,8b7d4695f32523c96c79e649252f6f7b9f85eab9a7f6973a565553a740c47c5f,evaluator_v2.3,1.0,4683.9,2,KAFarmTwin-TypedRepair,1.0,1.0,1.0,EXT-DB-015,data_binding,False,2446
0.5,0.00016352,1.0,False,easy,8b7d4695f32523c96c79e649252f6f7b9f85eab9a7f6973a565553a740c47c5f,evaluator_v2.3,1.0,3462.0,1,SingleAgent-AllTools,1.0,1.0,0.0,EXT-DB-015,data_binding,False,1024
0.0,0.0,1.0,True,hard,8b7d4695f32523c96c79e649252f6f7b9f85eab9a7f6973a565553a740c47c5f,evaluator_v2.3,1.0,3.2,0,SingleAgent-AllTools,0.0,0.0,0.0,EXT-MQ-060,memory_query,False,0
0.0,0.0,1.0,True,hard,8b7d4695f32523c96c79e649252f6f7b9f85eab9a7f6973a565553a740c47c5f,evaluator_v2.3,1.0,2.1,0,KAFarmTwin-TypedRepair,0.0,0.0,0.0,EXT-MQ-060,memory_query,False,0
1.0,0.00019964,1.0,True,hard,8b7d4695f32523c96c79e649252f6f7b9f85eab9a7f6973a565553a740c47c5f,evaluator_v2.3,1.0,952.3,1,KAFarmTwin-TypedRepair,1.0,1.0,1.0,EXT-RR-059,rule_repair,False,1419
0.0,0.0,1.0,False,hard,8b7d4695f32523c96c79e649252f6f7b9f85eab9a7f6973a565553a740c47c5f,evaluator_v2.3,1.0,0.0,0,SingleAgent-AllTools,1.0,0.0,1.0,EXT-RR-059,rule_repair,False,0
0.6667,0.00017304,1.0,False,medium,8b7d4695f32523c96c79e649252f6f7b9f85eab9a7f6973a565553a740c47c5f,evaluator_v2.3,1.0,3859.0,1,SingleAgent-AllTools,1.0,1.0,0.0,EXT-DB-040,data_binding,False,1071
0.6667,0.00039326,1.0,False,medium,8b7d4695f32523c96c79e649252f6f7b9f85eab9a7f6973a565553a740c47c5f,evaluator_v2.3,1.0,5937.1,2,KAFarmTwin-TypedRepair,1.0,1.0,1.0,EXT-DB-040,data_binding,False,2637
1.0,0.00035252000000000005,1.0,False,easy,8b7d4695f32523c96c79e649252f6f7b9f85eab9a7f6973a565553a740c47c5f,evaluator_v2.3,1.0,5894.8,2,KAFarmTwin-TypedRepair,0.3043,1.0,1.0,EXT-AR-009,asset_routing,False,2338
0.0,0.00044422,1.0,False,easy,8b7d4695f32523c96c79e649252f6f7b9f85eab9a7f6973a565553a740c47c5f,evaluator_v2.3,0.0,20947.1,1,SingleAgent-AllTools,0.0,0.0,0.0,EXT-AR-009,asset_routing,False,1973
0.0,0.0,1.0,False,medium,8b7d4695f32523c96c79e649252f6f7b9f85eab9a7f6973a565553a740c47c5f,evaluator_v2.3,1.0,0.1,0,SingleAgent-AllTools,1.0,0.0,1.0,EXT-RR-030,rule_repair,False,0
1.0,0.0001869,1.0,True,medium,8b7d4695f32523c96c79e649252f6f7b9f85eab9a7f6973a565553a740c47c5f,evaluator_v2.3,1.0,1178.9,1,KAFarmTwin-TypedRepair,1.0,1.0,1.0,EXT-RR-030,rule_repair,False,1328
0.8571,0.00038108,1.0,False,medium,8b7d4695f32523c96c79e649252f6f7b9f85eab9a7f6973a565553a740c47c5f,evaluator_v2.3,1.0,5604.8,2,KAFarmTwin-TypedRepair,0.1613,0.75,1.0,EXT-AR-019,asset_routing,False,2482
0.0,0.00044688,0.0,False,medium,8b7d4695f32523c96c79e649252f6f7b9f85eab9a7f6973a565553a740c47c5f,evaluator_v2.3,0.0,20891.2,1,SingleAgent-AllTools,0.0,0.0,0.0,EXT-AR-019,asset_routing,False,1992
0.0,0.0006075999999999999,1.0,False,medium,8b7d4695f32523c96c79e649252f6f7b9f85eab9a7f6973a565553a740c47c5f,evaluator_v2.3,1.0,19067.7,3,SingleAgent-AllTools,1.0,0.8,0.5714,EXT-SC-029,scene_construction,False,3429
0.0,0.0007335999999999999,1.0,True,medium,8b7d4695f32523c96c79e649252f6f7b9f85eab9a7f6973a565553a740c47c5f,evaluator_v2.3,1.0,25714.6,3,KAFarmTwin-TypedRepair,1.0,0.625,1.0,EXT-SC-029,scene_construction,False,3931
0.0,0.00069034,1.0,True,easy,8b7d4695f32523c96c79e649252f6f7b9f85eab9a7f6973a565553a740c47c5f,evaluator_v2.3,1.0,23302.4,3,KAFarmTwin-TypedRepair,1.0,0.6667,1.0,EXT-SC-011,scene_construction,False,3731
0.0,0.0007132999999999999,1.0,True,easy,8b7d4695f32523c96c79e649252f6f7b9f85eab9a7f6973a565553a740c47c5f,evaluator_v2.3,1.0,25304.2,3,SingleAgent-AllTools,1.0,0.6667,0.75,EXT-SC-011,scene_construction,False,3813
0.0,0.0,1.0,False,medium,8b7d4695f32523c96c79e649252f6f7b9f85eab9a7f6973a565553a740c47c5f,evaluator_v2.3,1.0,0.1,0,SingleAgent-AllTools,1.0,0.0,1.0,EXT-RR-016,rule_repair,False,0
1.0,0.00018844,1.0,True,medium,8b7d4695f32523c96c79e649252f6f7b9f85eab9a7f6973a565553a740c47c5f,evaluator_v2.3,1.0,1107.8,1,KAFarmTwin-TypedRepair,1.0,1.0,1.0,EXT-RR-016,rule_repair,False,1339
0.8571,0.0003857,1.0,False,medium,8b7d4695f32523c96c79e649252f6f7b9f85eab9a7f6973a565553a740c47c5f,evaluator_v2.3,1.0,10685.1,2,KAFarmTwin-TypedRepair,0.9706,0.75,1.0,EXT-AR-040,asset_routing,False,2521
0.0,0.0004466,0.0,False,medium,8b7d4695f32523c96c79e649252f6f7b9f85eab9a7f6973a565553a740c47c5f,evaluator_v2.3,0.0,21725.1,1,SingleAgent-AllTools,0.0,0.0,0.0,EXT-AR-040,asset_routing,False,1990
0.0,0.0,1.0,False,easy,8b7d4695f32523c96c79e649252f6f7b9f85eab9a7f6973a565553a740c47c5f,evaluator_v2.3,1.0,0.1,0,SingleAgent-AllTools,1.0,0.0,1.0,EXT-RR-014,rule_repair,False,0
1.0,0.00017164,1.0,True,easy,8b7d4695f32523c96c79e649252f6f7b9f85eab9a7f6973a565553a740c47c5f,evaluator_v2.3,1.0,951.3,1,KAFarmTwin-TypedRepair,1.0,1.0,1.0,EXT-RR-014,rule_repair,False,1219
1.0,0.0005945799999999999,1.0,True,hard,8b7d4695f32523c96c79e649252f6f7b9f85eab9a7f6973a565553a740c47c5f,evaluator_v2.3,1.0,10829.1,2,KAFarmTwin-TypedRepair,1.0,1.0,1.0,EXT-DB-059,data_binding,False,3797
0.6667,0.00021672,1.0,False,hard,8b7d4695f32523c96c79e649252f6f7b9f85eab9a7f6973a565553a740c47c5f,evaluator_v2.3,1.0,5109.8,1,SingleAgent-AllTools,1.0,1.0,0.0,EXT-DB-059,data_binding,False,1289
1.0,0.00017514,1.0,True,easy,8b7d4695f32523c96c79e649252f6f7b9f85eab9a7f6973a565553a740c47c5f,evaluator_v2.3,1.0,3842.1,1,SingleAgent-AllTools,1.0,1.0,0.0,EXT-DB-005,data_binding,False,1068
1.0,0.0003717,1.0,True,easy,8b7d4695f32523c96c79e649252f6f7b9f85eab9a7f6973a565553a740c47c5f,evaluator_v2.3,1.0,5556.5,2,KAFarmTwin-TypedRepair,1.0,1.0,1.0,EXT-DB-005,data_binding,False,2465
1.0,0.00036666,1.0,True,easy,8b7d4695f32523c96c79e649252f6f7b9f85eab9a7f6973a565553a740c47c5f,evaluator_v2.3,1.0,4535.6,2,KAFarmTwin-TypedRepair,1.0,1.0,1.0,EXT-DB-014,data_binding,False,2448
1.0,0.00016926,1.0,True,easy,8b7d4695f32523c96c79e649252f6f7b9f85eab9a7f6973a565553a740c47c5f,evaluator_v2.3,1.0,3699.3,1,SingleAgent-AllTools,1.0,1.0,0.0,EXT-DB-014,data_binding,False,1045
0.0,0.00060704,1.0,True,hard,8b7d4695f32523c96c79e649252f6f7b9f85eab9a7f6973a565553a740c47c5f,evaluator_v2.3,1.0,17527.9,3,SingleAgent-AllTools,1.0,1.0,0.625,EXT-SC-049,scene_construction,False,3438
0.0,0.00053424,1.0,True,hard,8b7d4695f32523c96c79e649252f6f7b9f85eab9a7f6973a565553a740c47c5f,evaluator_v2.3,1.0,14613.5,3,KAFarmTwin-TypedRepair,1.0,1.0,1.0,EXT-SC-049,scene_construction,False,3177
1.0,0.00020538,1.0,True,hard,8b7d4695f32523c96c79e649252f6f7b9f85eab9a7f6973a565553a740c47c5f,evaluator_v2.3,1.0,1026.7,1,KAFarmTwin-TypedRepair,1.0,1.0,1.0,EXT-RR-048,rule_repair,False,1460
0.0,0.0,1.0,False,hard,8b7d4695f32523c96c79e649252f6f7b9f85eab9a7f6973a565553a740c47c5f,evaluator_v2.3,1.0,0.0,0,SingleAgent-AllTools,1.0,0.0,1.0,EXT-RR-048,rule_repair,False,0
0.0,0.00074144,1.0,True,hard,8b7d4695f32523c96c79e649252f6f7b9f85eab9a7f6973a565553a740c47c5f,evaluator_v2.3,1.0,27191.5,3,SingleAgent-AllTools,1.0,1.0,0.625,EXT-SC-050,scene_construction,False,3922
0.0,0.0007966,1.0,False,hard,8b7d4695f32523c96c79e649252f6f7b9f85eab9a7f6973a565553a740c47c5f,evaluator_v2.3,1.0,33165.1,3,KAFarmTwin-TypedRepair,1.0,0.7143,1.0,EXT-SC-050,scene_construction,False,4108
0.0,0.0,1.0,True,medium,8b7d4695f32523c96c79e649252f6f7b9f85eab9a7f6973a565553a740c47c5f,evaluator_v2.3,1.0,2.4,0,KAFarmTwin-TypedRepair,0.0,0.0,0.0,EXT-MQ-039,memory_query,False,0
0.0,0.0,1.0,True,medium,8b7d4695f32523c96c79e649252f6f7b9f85eab9a7f6973a565553a740c47c5f,evaluator_v2.3,1.0,1.8,0,SingleAgent-AllTools,0.0,0.0,0.0,EXT-MQ-039,memory_query,False,0
0.0,0.0006705999999999999,1.0,False,easy,8b7d4695f32523c96c79e649252f6f7b9f85eab9a7f6973a565553a740c47c5f,evaluator_v2.3,1.0,23764.0,3,SingleAgent-AllTools,0.0833,0.0,0.6667,EXT-AR-002,asset_routing,False,3628
1.0,0.000329,1.0,False,easy,8b7d4695f32523c96c79e649252f6f7b9f85eab9a7f6973a565553a740c47c5f,evaluator_v2.3,1.0,6683.7,2,KAFarmTwin-TypedRepair,0.2727,1.0,1.0,EXT-AR-002,asset_routing,False,2201
1.0,0.00018872,1.0,True,medium,8b7d4695f32523c96c79e649252f6f7b9f85eab9a7f6973a565553a740c47c5f,evaluator_v2.3,1.0,1271.9,1,KAFarmTwin-TypedRepair,1.0,1.0,1.0,EXT-RR-042,rule_repair,False,1337
0.0,0.0,1.0,False,medium,8b7d4695f32523c96c79e649252f6f7b9f85eab9a7f6973a565553a740c47c5f,evaluator_v2.3,1.0,0.0,0,SingleAgent-AllTools,1.0,0.0,1.0,EXT-RR-042,rule_repair,False,0
0.0,0.0004473,0.0,False,hard,8b7d4695f32523c96c79e649252f6f7b9f85eab9a7f6973a565553a740c47c5f,evaluator_v2.3,0.0,22317.5,1,SingleAgent-AllTools,0.0,0.0,0.0,EXT-AR-059,asset_routing,False,1995
0.8,0.00043078,1.0,False,hard,8b7d4695f32523c96c79e649252f6f7b9f85eab9a7f6973a565553a740c47c5f,evaluator_v2.3,1.0,5994.1,2,KAFarmTwin-TypedRepair,0.3,0.6,1.0,EXT-AR-059,asset_routing,False,2843
0.8571,0.00038164,1.0,False,medium,8b7d4695f32523c96c79e649252f6f7b9f85eab9a7f6973a565553a740c47c5f,evaluator_v2.3,1.0,6115.9,2,KAFarmTwin-TypedRepair,0.3889,0.75,1.0,EXT-AR-021,asset_routing,False,2485
0.0,0.00044646,0.0,False,medium,8b7d4695f32523c96c79e649252f6f7b9f85eab9a7f6973a565553a740c47c5f,evaluator_v2.3,0.0,20445.8,1,SingleAgent-AllTools,0.0,0.0,0.0,EXT-AR-021,asset_routing,False,1989
0.0,0.0004466,0.0,False,medium,8b7d4695f32523c96c79e649252f6f7b9f85eab9a7f6973a565553a740c47c5f,evaluator_v2.3,0.0,19928.7,1,SingleAgent-AllTools,0.0,0.0,0.0,EXT-AR-041,asset_routing,False,1990
0.8571,0.00038261999999999997,1.0,False,medium,8b7d4695f32523c96c79e649252f6f7b9f85eab9a7f6973a565553a740c47c5f,evaluator_v2.3,1.0,6324.3,2,KAFarmTwin-TypedRepair,0.9737,0.75,1.0,EXT-AR-041,asset_routing,False,2492
1.0,0.00041062,1.0,True,medium,8b7d4695f32523c96c79e649252f6f7b9f85eab9a7f6973a565553a740c47c5f,evaluator_v2.3,1.0,5379.3,2,KAFarmTwin-TypedRepair,1.0,1.0,1.0,EXT-DB-026,data_binding,False,2708
1.0,0.00018844,1.0,True,medium,8b7d4695f32523c96c79e649252f6f7b9f85eab9a7f6973a565553a740c47c5f,evaluator_v2.3,1.0,4986.1,1,SingleAgent-AllTools,1.0,1.0,0.0,EXT-DB-026,data_binding,False,1128
1.0,0.00020412,1.0,True,medium,8b7d4695f32523c96c79e649252f6f7b9f85eab9a7f6973a565553a740c47c5f,evaluator_v2.3,1.0,5170.0,1,SingleAgent-AllTools,1.0,1.0,0.0,EXT-DB-024,data_binding,False,1186
1.0,0.00042993999999999997,1.0,True,medium,8b7d4695f32523c96c79e649252f6f7b9f85eab9a7f6973a565553a740c47c5f,evaluator_v2.3,1.0,6846.8,2,KAFarmTwin-TypedRepair,1.0,1.0,1.0,EXT-DB-024,data_binding,False,2792
1.0,0.0003332,1.0,False,easy,8b7d4695f32523c96c79e649252f6f7b9f85eab9a7f6973a565553a740c47c5f,evaluator_v2.3,1.0,4965.0,2,KAFarmTwin-TypedRepair,0.3158,1.0,1.0,EXT-AR-008,asset_routing,False,2222
0.0,0.00076076,1.0,False,easy,8b7d4695f32523c96c79e649252f6f7b9f85eab9a7f6973a565553a740c47c5f,evaluator_v2.3,1.0,30081.6,3,SingleAgent-AllTools,0.8444,0.1818,0.6,EXT-AR-008,asset_routing,False,4004
0.0,0.00055104,1.0,False,hard,8b7d4695f32523c96c79e649252f6f7b9f85eab9a7f6973a565553a740c47c5f,evaluator_v2.3,1.0,15227.3,3,SingleAgent-AllTools,0.9888,0.5455,0.5714,EXT-SC-046,scene_construction,False,3233
0.0,0.00044562,1.0,False,hard,8b7d4695f32523c96c79e649252f6f7b9f85eab9a7f6973a565553a740c47c5f,evaluator_v2.3,0.0,20930.5,1,KAFarmTwin-TypedRepair,0.0,0.0,0.0,EXT-SC-046,scene_construction,False,1983
0.0,0.0,1.0,True,medium,8b7d4695f32523c96c79e649252f6f7b9f85eab9a7f6973a565553a740c47c5f,evaluator_v2.3,1.0,2.4,0,KAFarmTwin-TypedRepair,0.0,0.0,0.0,EXT-MQ-029,memory_query,False,0
0.0,0.0,1.0,True,medium,8b7d4695f32523c96c79e649252f6f7b9f85eab9a7f6973a565553a740c47c5f,evaluator_v2.3,1.0,1.8,0,SingleAgent-AllTools,0.0,0.0,0.0,EXT-MQ-029,memory_query,False,0
0.0,0.0,1.0,True,easy,8b7d4695f32523c96c79e649252f6f7b9f85eab9a7f6973a565553a740c47c5f,evaluator_v2.3,1.0,1.6,0,SingleAgent-AllTools,0.0,0.0,0.0,EXT-MQ-008,memory_query,False,0
0.0,0.0,1.0,True,easy,8b7d4695f32523c96c79e649252f6f7b9f85eab9a7f6973a565553a740c47c5f,evaluator_v2.3,1.0,1.3,0,KAFarmTwin-TypedRepair,0.0,0.0,0.0,EXT-MQ-008,memory_query,False,0
1.0,0.00020538,1.0,True,hard,8b7d4695f32523c96c79e649252f6f7b9f85eab9a7f6973a565553a740c47c5f,evaluator_v2.3,1.0,2289.4,1,KAFarmTwin-TypedRepair,1.0,1.0,1.0,EXT-RR-052,rule_repair,False,1460
0.0,0.0,1.0,False,hard,8b7d4695f32523c96c79e649252f6f7b9f85eab9a7f6973a565553a740c47c5f,evaluator_v2.3,1.0,0.0,0,SingleAgent-AllTools,1.0,0.0,1.0,EXT-RR-052,rule_repair,False,0
1.0,0.00023086,1.0,True,medium,8b7d4695f32523c96c79e649252f6f7b9f85eab9a7f6973a565553a740c47c5f,evaluator_v2.3,1.0,7232.9,1,SingleAgent-AllTools,1.0,1.0,0.0,EXT-DB-021,data_binding,False,1301
1.0,0.00045024,1.0,True,medium,8b7d4695f32523c96c79e649252f6f7b9f85eab9a7f6973a565553a740c47c5f,evaluator_v2.3,1.0,5913.0,2,KAFarmTwin-TypedRepair,1.0,1.0,1.0,EXT-DB-021,data_binding,False,2971
1.0,0.00016744,1.0,True,easy,8b7d4695f32523c96c79e649252f6f7b9f85eab9a7f6973a565553a740c47c5f,evaluator_v2.3,1.0,1094.6,1,KAFarmTwin-TypedRepair,1.0,1.0,1.0,EXT-RR-003,rule_repair,False,1189
0.0,0.0,1.0,False,easy,8b7d4695f32523c96c79e649252f6f7b9f85eab9a7f6973a565553a740c47c5f,evaluator_v2.3,1.0,0.0,0,SingleAgent-AllTools,1.0,0.0,1.0,EXT-RR-003,rule_repair,False,0
0.0,0.0,1.0,False,medium,8b7d4695f32523c96c79e649252f6f7b9f85eab9a7f6973a565553a740c47c5f,evaluator_v2.3,1.0,0.0,0,SingleAgent-AllTools,1.0,0.0,1.0,EXT-RR-029,rule_repair,False,0
1.0,0.0001855,1.0,True,medium,8b7d4695f32523c96c79e649252f6f7b9f85eab9a7f6973a565553a740c47c5f,evaluator_v2.3,1.0,978.3,1,KAFarmTwin-TypedRepair,1.0,1.0,1.0,EXT-RR-029,rule_repair,False,1318
1.0,0.00018816,1.0,True,medium,8b7d4695f32523c96c79e649252f6f7b9f85eab9a7f6973a565553a740c47c5f,evaluator_v2.3,1.0,1261.7,1,KAFarmTwin-TypedRepair,1.0,1.0,1.0,EXT-RR-038,rule_repair,False,1337
0.0,0.0,1.0,False,medium,8b7d4695f32523c96c79e649252f6f7b9f85eab9a7f6973a565553a740c47c5f,evaluator_v2.3,1.0,0.0,0,SingleAgent-AllTools,1.0,0.0,1.0,EXT-RR-038,rule_repair,False,0
0.0,0.0,1.0,False,easy,8b7d4695f32523c96c79e649252f6f7b9f85eab9a7f6973a565553a740c47c5f,evaluator_v2.3,1.0,0.0,0,SingleAgent-AllTools,1.0,0.0,1.0,EXT-RR-009,rule_repair,False,0
1.0,0.00017066,1.0,True,easy,8b7d4695f32523c96c79e649252f6f7b9f85eab9a7f6973a565553a740c47c5f,evaluator_v2.3,1.0,1370.0,1,KAFarmTwin-TypedRepair,1.0,1.0,1.0,EXT-RR-009,rule_repair,False,1208
0.0,0.00073346,1.0,True,hard,8b7d4695f32523c96c79e649252f6f7b9f85eab9a7f6973a565553a740c47c5f,evaluator_v2.3,1.0,29493.7,3,KAFarmTwin-TypedRepair,1.0,1.0,1.0,EXT-SC-051,scene_construction,False,3887
0.0,0.00073122,1.0,False,hard,8b7d4695f32523c96c79e649252f6f7b9f85eab9a7f6973a565553a740c47c5f,evaluator_v2.3,1.0,25734.6,3,SingleAgent-AllTools,0.9908,0.5455,0.5714,EXT-SC-051,scene_construction,False,3876
0.0,0.0,1.0,False,medium,8b7d4695f32523c96c79e649252f6f7b9f85eab9a7f6973a565553a740c47c5f,evaluator_v2.3,1.0,0.0,0,SingleAgent-AllTools,1.0,0.0,1.0,EXT-RR-037,rule_repair,False,0
1.0,0.00018522,1.0,True,medium,8b7d4695f32523c96c79e649252f6f7b9f85eab9a7f6973a565553a740c47c5f,evaluator_v2.3,1.0,953.9,1,KAFarmTwin-TypedRepair,1.0,1.0,1.0,EXT-RR-037,rule_repair,False,1316
1.0,0.00018858,1.0,True,medium,8b7d4695f32523c96c79e649252f6f7b9f85eab9a7f6973a565553a740c47c5f,evaluator_v2.3,1.0,1076.4,1,KAFarmTwin-TypedRepair,1.0,1.0,1.0,EXT-RR-034,rule_repair,False,1336
0.0,0.0,1.0,False,medium,8b7d4695f32523c96c79e649252f6f7b9f85eab9a7f6973a565553a740c47c5f,evaluator_v2.3,1.0,0.0,0,SingleAgent-AllTools,1.0,0.0,1.0,EXT-RR-034,rule_repair,False,0
0.0,0.0009518599999999999,1.0,True,medium,8b7d4695f32523c96c79e649252f6f7b9f85eab9a7f6973a565553a740c47c5f,evaluator_v2.3,1.0,39000.8,3,SingleAgent-AllTools,1.0,0.7143,0.7273,EXT-SC-022,scene_construction,False,4677
0.0,0.0007105,1.0,False,medium,8b7d4695f32523c96c79e649252f6f7b9f85eab9a7f6973a565553a740c47c5f,evaluator_v2.3,1.0,23762.2,3,KAFarmTwin-TypedRepair,1.0,0.5714,1.0,EXT-SC-022,scene_construction,False,3813
0.0,0.0,1.0,True,medium,8b7d4695f32523c96c79e649252f6f7b9f85eab9a7f6973a565553a740c47c5f,evaluator_v2.3,1.0,2.1,0,KAFarmTwin-TypedRepair,0.0,0.0,0.0,EXT-MQ-032,memory_query,False,0
0.0,0.0,1.0,True,medium,8b7d4695f32523c96c79e649252f6f7b9f85eab9a7f6973a565553a740c47c5f,evaluator_v2.3,1.0,1.7,0,SingleAgent-AllTools,0.0,0.0,0.0,EXT-MQ-032,memory_query,False,0
1.0,0.00023114,1.0,True,medium,8b7d4695f32523c96c79e649252f6f7b9f85eab9a7f6973a565553a740c47c5f,evaluator_v2.3,1.0,6654.4,1,SingleAgent-AllTools,1.0,1.0,0.0,EXT-DB-037,data_binding,False,1302
1.0,0.00048132000000000003,1.0,True,medium,8b7d4695f32523c96c79e649252f6f7b9f85eab9a7f6973a565553a740c47c5f,evaluator_v2.3,1.0,8574.3,2,KAFarmTwin-TypedRepair,1.0,1.0,1.0,EXT-DB-037,data_binding,False,3082
1.0,0.00020412,1.0,True,hard,8b7d4695f32523c96c79e649252f6f7b9f85eab9a7f6973a565553a740c47c5f,evaluator_v2.3,1.0,1043.9,1,KAFarmTwin-TypedRepair,1.0,1.0,1.0,EXT-RR-056,rule_repair,False,1451
0.0,0.0,1.0,False,hard,8b7d4695f32523c96c79e649252f6f7b9f85eab9a7f6973a565553a740c47c5f,evaluator_v2.3,1.0,0.0,0,SingleAgent-AllTools,1.0,0.0,1.0,EXT-RR-056,rule_repair,False,0
0.0,0.0,1.0,False,medium,8b7d4695f32523c96c79e649252f6f7b9f85eab9a7f6973a565553a740c47c5f,evaluator_v2.3,1.0,0.0,0,SingleAgent-AllTools,1.0,0.0,1.0,EXT-RR-021,rule_repair,False,0
1.0,0.00018592,1.0,True,medium,8b7d4695f32523c96c79e649252f6f7b9f85eab9a7f6973a565553a740c47c5f,evaluator_v2.3,1.0,1126.5,1,KAFarmTwin-TypedRepair,1.0,1.0,1.0,EXT-RR-021,rule_repair,False,1317
0.0,0.0,1.0,True,easy,8b7d4695f32523c96c79e649252f6f7b9f85eab9a7f6973a565553a740c47c5f,evaluator_v2.3,1.0,1.6,0,KAFarmTwin-TypedRepair,0.0,0.0,0.0,EXT-MQ-004,memory_query,False,0
0.0,0.0,1.0,True,easy,8b7d4695f32523c96c79e649252f6f7b9f85eab9a7f6973a565553a740c47c5f,evaluator_v2.3,1.0,1.3,0,SingleAgent-AllTools,0.0,0.0,0.0,EXT-MQ-004,memory_query,False,0
0.0,0.00044646,0.0,False,medium,8b7d4695f32523c96c79e649252f6f7b9f85eab9a7f6973a565553a740c47c5f,evaluator_v2.3,0.0,23390.3,1,SingleAgent-AllTools,0.0,0.0,0.0,EXT-AR-045,asset_routing,False,1989
0.8571,0.0003766,1.0,False,medium,8b7d4695f32523c96c79e649252f6f7b9f85eab9a7f6973a565553a740c47c5f,evaluator_v2.3,1.0,6037.6,2,KAFarmTwin-TypedRepair,0.963,0.75,1.0,EXT-AR-045,asset_routing,False,2506
1.0,0.00040963999999999996,1.0,False,hard,8b7d4695f32523c96c79e649252f6f7b9f85eab9a7f6973a565553a740c47c5f,evaluator_v2.3,1.0,5943.7,2,KAFarmTwin-TypedRepair,0.1935,1.0,1.0,EXT-AR-054,asset_routing,False,2658
0.0,0.0004473,0.0,False,hard,8b7d4695f32523c96c79e649252f6f7b9f85eab9a7f6973a565553a740c47c5f,evaluator_v2.3,0.0,21662.3,1,SingleAgent-AllTools,0.0,0.0,0.0,EXT-AR-054,asset_routing,False,1995
0.0,0.0,1.0,True,medium,8b7d4695f32523c96c79e649252f6f7b9f85eab9a7f6973a565553a740c47c5f,evaluator_v2.3,1.0,4.2,0,SingleAgent-AllTools,0.0,0.0,0.0,EXT-MQ-043,memory_query,False,0
0.0,0.0,1.0,True,medium,8b7d4695f32523c96c79e649252f6f7b9f85eab9a7f6973a565553a740c47c5f,evaluator_v2.3,1.0,3.1,0,KAFarmTwin-TypedRepair,0.0,0.0,0.0,EXT-MQ-043,memory_query,False,0
1.0,0.00017318,1.0,True,easy,8b7d4695f32523c96c79e649252f6f7b9f85eab9a7f6973a565553a740c47c5f,evaluator_v2.3,1.0,1129.7,1,KAFarmTwin-TypedRepair,1.0,1.0,1.0,EXT-RR-004,rule_repair,False,1230
0.0,0.0,1.0,False,easy,8b7d4695f32523c96c79e649252f6f7b9f85eab9a7f6973a565553a740c47c5f,evaluator_v2.3,1.0,0.0,0,SingleAgent-AllTools,1.0,0.0,1.0,EXT-RR-004,rule_repair,False,0
0.75,0.00021112,1.0,False,medium,8b7d4695f32523c96c79e649252f6f7b9f85eab9a7f6973a565553a740c47c5f,evaluator_v2.3,1.0,5755.8,1,SingleAgent-AllTools,1.0,1.0,0.0,EXT-DB-019,data_binding,False,1230
1.0,0.00043862,1.0,True,medium,8b7d4695f32523c96c79e649252f6f7b9f85eab9a7f6973a565553a740c47c5f,evaluator_v2.3,1.0,5447.7,2,KAFarmTwin-TypedRepair,1.0,1.0,1.0,EXT-DB-019,data_binding,False,2938
0.0,0.0007168,1.0,True,easy,8b7d4695f32523c96c79e649252f6f7b9f85eab9a7f6973a565553a740c47c5f,evaluator_v2.3,1.0,25206.0,3,KAFarmTwin-TypedRepair,1.0,0.8889,1.0,EXT-SC-008,scene_construction,False,3812
0.0,0.00059584,1.0,True,easy,8b7d4695f32523c96c79e649252f6f7b9f85eab9a7f6973a565553a740c47c5f,evaluator_v2.3,1.0,19211.0,3,SingleAgent-AllTools,1.0,1.0,0.6667,EXT-SC-008,scene_construction,False,3380
0.0,0.00044758,0.0,False,hard,8b7d4695f32523c96c79e649252f6f7b9f85eab9a7f6973a565553a740c47c5f,evaluator_v2.3,0.0,22482.8,1,SingleAgent-AllTools,0.0,0.0,0.0,EXT-AR-052,asset_routing,False,1997
1.0,0.00041048,1.0,False,hard,8b7d4695f32523c96c79e649252f6f7b9f85eab9a7f6973a565553a740c47c5f,evaluator_v2.3,1.0,6094.4,2,KAFarmTwin-TypedRepair,0.3448,1.0,1.0,EXT-AR-052,asset_routing,False,2663
0.0,0.0006232799999999999,1.0,False,medium,8b7d4695f32523c96c79e649252f6f7b9f85eab9a7f6973a565553a740c47c5f,evaluator_v2.3,1.0,21695.1,3,KAFarmTwin-TypedRepair,1.0,0.6667,1.0,EXT-SC-019,scene_construction,False,3493
0.0,0.00067508,1.0,True,medium,8b7d4695f32523c96c79e649252f6f7b9f85eab9a7f6973a565553a740c47c5f,evaluator_v2.3,1.0,23999.1,3,SingleAgent-AllTools,1.0,1.0,0.5714,EXT-SC-019,scene_construction,False,3658
0.0,0.0005446,1.0,True,easy,8b7d4695f32523c96c79e649252f6f7b9f85eab9a7f6973a565553a740c47c5f,evaluator_v2.3,1.0,15526.0,3,SingleAgent-AllTools,1.0,0.8889,0.6667,EXT-SC-007,scene_construction,False,3195
0.0,0.00056728,1.0,True,easy,8b7d4695f32523c96c79e649252f6f7b9f85eab9a7f6973a565553a740c47c5f,evaluator_v2.3,1.0,16972.5,3,KAFarmTwin-TypedRepair,1.0,0.8889,1.0,EXT-SC-007,scene_construction,False,3261
1.0,0.00018494,1.0,True,medium,8b7d4695f32523c96c79e649252f6f7b9f85eab9a7f6973a565553a740c47c5f,evaluator_v2.3,1.0,1126.9,1,KAFarmTwin-TypedRepair,1.0,1.0,1.0,EXT-RR-033,rule_repair,False,1314
0.0,0.0,1.0,False,medium,8b7d4695f32523c96c79e649252f6f7b9f85eab9a7f6973a565553a740c47c5f,evaluator_v2.3,1.0,0.0,0,SingleAgent-AllTools,1.0,0.0,1.0,EXT-RR-033,rule_repair,False,0
0.0,0.00044632,0.0,False,medium,8b7d4695f32523c96c79e649252f6f7b9f85eab9a7f6973a565553a740c47c5f,evaluator_v2.3,0.0,19411.1,1,SingleAgent-AllTools,0.0,0.0,0.0,EXT-AR-016,asset_routing,False,1988
1.0,0.0003612,1.0,False,medium,8b7d4695f32523c96c79e649252f6f7b9f85eab9a7f6973a565553a740c47c5f,evaluator_v2.3,1.0,4865.5,2,KAFarmTwin-TypedRepair,0.36,1.0,1.0,EXT-AR-016,asset_routing,False,2408
1.0,0.00016898,1.0,True,easy,8b7d4695f32523c96c79e649252f6f7b9f85eab9a7f6973a565553a740c47c5f,evaluator_v2.3,1.0,1546.9,1,KAFarmTwin-TypedRepair,1.0,1.0,1.0,EXT-RR-013,rule_repair,False,1200
0.0,0.0,1.0,False,easy,8b7d4695f32523c96c79e649252f6f7b9f85eab9a7f6973a565553a740c47c5f,evaluator_v2.3,1.0,0.0,0,SingleAgent-AllTools,1.0,0.0,1.0,EXT-RR-013,rule_repair,False,0
1.0,0.00021252,1.0,True,medium,8b7d4695f32523c96c79e649252f6f7b9f85eab9a7f6973a565553a740c47c5f,evaluator_v2.3,1.0,5522.7,1,SingleAgent-AllTools,1.0,1.0,0.0,EXT-DB-027,data_binding,False,1233
1.0,0.00046354,1.0,True,medium,8b7d4695f32523c96c79e649252f6f7b9f85eab9a7f6973a565553a740c47c5f,evaluator_v2.3,1.0,6388.7,2,KAFarmTwin-TypedRepair,1.0,1.0,1.0,EXT-DB-027,data_binding,False,3019
1.0,0.00048132000000000003,1.0,True,medium,8b7d4695f32523c96c79e649252f6f7b9f85eab9a7f6973a565553a740c47c5f,evaluator_v2.3,1.0,7639.9,2,KAFarmTwin-TypedRepair,1.0,1.0,1.0,EXT-DB-017,data_binding,False,3082
1.0,0.00023114,1.0,True,medium,8b7d4695f32523c96c79e649252f6f7b9f85eab9a7f6973a565553a740c47c5f,evaluator_v2.3,1.0,6838.6,1,SingleAgent-AllTools,1.0,1.0,0.0,EXT-DB-017,data_binding,False,1302
1.0,0.0002009,1.0,True,medium,8b7d4695f32523c96c79e649252f6f7b9f85eab9a7f6973a565553a740c47c5f,evaluator_v2.3,1.0,5639.3,1,SingleAgent-AllTools,1.0,1.0,0.0,EXT-DB-016,data_binding,False,1171
1.0,0.00042392,1.0,True,medium,8b7d4695f32523c96c79e649252f6f7b9f85eab9a7f6973a565553a740c47c5f,evaluator_v2.3,1.0,6487.1,2,KAFarmTwin-TypedRepair,1.0,1.0,1.0,EXT-DB-016,data_binding,False,2757
0.0,0.0,1.0,True,medium,8b7d4695f32523c96c79e649252f6f7b9f85eab9a7f6973a565553a740c47c5f,evaluator_v2.3,1.0,2.4,0,KAFarmTwin-TypedRepair,0.0,0.0,0.0,EXT-MQ-025,memory_query,False,0
0.0,0.0,1.0,True,medium,8b7d4695f32523c96c79e649252f6f7b9f85eab9a7f6973a565553a740c47c5f,evaluator_v2.3,1.0,1.8,0,SingleAgent-AllTools,0.0,0.0,0.0,EXT-MQ-025,memory_query,False,0
0.0,0.00044702,0.0,False,hard,8b7d4695f32523c96c79e649252f6f7b9f85eab9a7f6973a565553a740c47c5f,evaluator_v2.3,0.0,21245.0,1,SingleAgent-AllTools,0.0,0.0,0.0,EXT-AR-060,asset_routing,False,1993
0.8,0.00041888,1.0,False,hard,8b7d4695f32523c96c79e649252f6f7b9f85eab9a7f6973a565553a740c47c5f,evaluator_v2.3,1.0,5601.0,2,KAFarmTwin-TypedRepair,0.9286,0.6,1.0,EXT-AR-060,asset_routing,False,2756
1.0,0.00035685999999999997,1.0,True,easy,8b7d4695f32523c96c79e649252f6f7b9f85eab9a7f6973a565553a740c47c5f,evaluator_v2.3,1.0,4390.0,2,KAFarmTwin-TypedRepair,1.0,1.0,1.0,EXT-DB-002,data_binding,False,2388
1.0,0.00016478,1.0,True,easy,8b7d4695f32523c96c79e649252f6f7b9f85eab9a7f6973a565553a740c47c5f,evaluator_v2.3,1.0,3454.3,1,SingleAgent-AllTools,1.0,1.0,0.0,EXT-DB-002,data_binding,False,1023
0.0,0.0,1.0,True,hard,8b7d4695f32523c96c79e649252f6f7b9f85eab9a7f6973a565553a740c47c5f,evaluator_v2.3,1.0,2.9,0,SingleAgent-AllTools,0.0,0.0,0.0,EXT-MQ-049,memory_query,False,0
0.0,0.0,1.0,True,hard,8b7d4695f32523c96c79e649252f6f7b9f85eab9a7f6973a565553a740c47c5f,evaluator_v2.3,1.0,3.0,0,KAFarmTwin-TypedRepair,0.0,0.0,0.0,EXT-MQ-049,memory_query,False,0
0.0,0.0,1.0,True,hard,8b7d4695f32523c96c79e649252f6f7b9f85eab9a7f6973a565553a740c47c5f,evaluator_v2.3,1.0,2.2,0,KAFarmTwin-TypedRepair,0.0,0.0,0.0,EXT-MQ-051,memory_query,False,0
0.0,0.0,1.0,True,hard,8b7d4695f32523c96c79e649252f6f7b9f85eab9a7f6973a565553a740c47c5f,evaluator_v2.3,1.0,1.8,0,SingleAgent-AllTools,0.0,0.0,0.0,EXT-MQ-051,memory_query,False,0
0.0,0.0,1.0,False,hard,8b7d4695f32523c96c79e649252f6f7b9f85eab9a7f6973a565553a740c47c5f,evaluator_v2.3,1.0,0.0,0,SingleAgent-AllTools,1.0,0.0,1.0,EXT-RR-060,rule_repair,False,0
1.0,0.00020426,1.0,True,hard,8b7d4695f32523c96c79e649252f6f7b9f85eab9a7f6973a565553a740c47c5f,evaluator_v2.3,1.0,972.9,1,KAFarmTwin-TypedRepair,1.0,1.0,1.0,EXT-RR-060,rule_repair,False,1452
1.0,0.00042294,1.0,True,medium,8b7d4695f32523c96c79e649252f6f7b9f85eab9a7f6973a565553a740c47c5f,evaluator_v2.3,1.0,6651.8,2,KAFarmTwin-TypedRepair,1.0,1.0,1.0,EXT-DB-032,data_binding,False,2751
0.6667,0.00019572,1.0,False,medium,8b7d4695f32523c96c79e649252f6f7b9f85eab9a7f6973a565553a740c47c5f,evaluator_v2.3,1.0,6126.0,1,SingleAgent-AllTools,1.0,1.0,0.0,EXT-DB-032,data_binding,False,1152
0.0,0.00074326,1.0,False,hard,8b7d4695f32523c96c79e649252f6f7b9f85eab9a7f6973a565553a740c47c5f,evaluator_v2.3,1.0,29444.0,3,SingleAgent-AllTools,0.9877,0.0,0.5714,EXT-SC-060,scene_construction,False,3924
0.0,0.0007679000000000001,1.0,False,hard,8b7d4695f32523c96c79e649252f6f7b9f85eab9a7f6973a565553a740c47c5f,evaluator_v2.3,1.0,32589.0,3,KAFarmTwin-TypedRepair,0.9877,0.6667,1.0,EXT-SC-060,scene_construction,False,4012
0.8571,0.00038402,1.0,False,medium,8b7d4695f32523c96c79e649252f6f7b9f85eab9a7f6973a565553a740c47c5f,evaluator_v2.3,1.0,5646.2,2,KAFarmTwin-TypedRepair,0.9524,0.75,1.0,EXT-AR-030,asset_routing,False,2499
0.0,0.0004466,0.0,False,medium,8b7d4695f32523c96c79e649252f6f7b9f85eab9a7f6973a565553a740c47c5f,evaluator_v2.3,0.0,20921.9,1,SingleAgent-AllTools,0.0,0.0,0.0,EXT-AR-030,asset_routing,False,1990
1.0,0.00024402,1.0,True,hard,8b7d4695f32523c96c79e649252f6f7b9f85eab9a7f6973a565553a740c47c5f,evaluator_v2.3,1.0,6782.2,1,SingleAgent-AllTools,1.0,1.0,0.0,EXT-DB-056,data_binding,False,1381
1.0,0.0005672800000000001,1.0,True,hard,8b7d4695f32523c96c79e649252f6f7b9f85eab9a7f6973a565553a740c47c5f,evaluator_v2.3,1.0,7930.6,2,KAFarmTwin-TypedRepair,1.0,1.0,1.0,EXT-DB-056,data_binding,False,3683
0.0,0.0006386800000000001,1.0,False,hard,8b7d4695f32523c96c79e649252f6f7b9f85eab9a7f6973a565553a740c47c5f,evaluator_v2.3,1.0,23030.7,3,KAFarmTwin-TypedRepair,1.0,0.0,1.0,EXT-SC-059,scene_construction,False,3558
0.0,0.0006739599999999999,1.0,True,hard,8b7d4695f32523c96c79e649252f6f7b9f85eab9a7f6973a565553a740c47c5f,evaluator_v2.3,1.0,23329.8,3,SingleAgent-AllTools,1.0,1.0,0.625,EXT-SC-059,scene_construction,False,3685
0.0,0.00070476,1.0,False,medium,8b7d4695f32523c96c79e649252f6f7b9f85eab9a7f6973a565553a740c47c5f,evaluator_v2.3,1.0,24145.4,3,SingleAgent-AllTools,1.0,0.6667,0.6667,EXT-SC-033,scene_construction,False,3797
0.0,0.00071932,1.0,False,medium,8b7d4695f32523c96c79e649252f6f7b9f85eab9a7f6973a565553a740c47c5f,evaluator_v2.3,1.0,24313.0,3,KAFarmTwin-TypedRepair,1.0,0.6667,1.0,EXT-SC-033,scene_construction,False,3851
1.0,0.00018844,1.0,True,medium,8b7d4695f32523c96c79e649252f6f7b9f85eab9a7f6973a565553a740c47c5f,evaluator_v2.3,1.0,1372.9,1,KAFarmTwin-TypedRepair,1.0,1.0,1.0,EXT-RR-020,rule_repair,False,1339
0.0,0.0,1.0,False,medium,8b7d4695f32523c96c79e649252f6f7b9f85eab9a7f6973a565553a740c47c5f,evaluator_v2.3,1.0,0.0,0,SingleAgent-AllTools,1.0,0.0,1.0,EXT-RR-020,rule_repair,False,0
0.0,0.0,1.0,True,medium,8b7d4695f32523c96c79e649252f6f7b9f85eab9a7f6973a565553a740c47c5f,evaluator_v2.3,1.0,2.3,0,SingleAgent-AllTools,0.0,0.0,0.0,EXT-MQ-024,memory_query,False,0
0.0,0.0,1.0,True,medium,8b7d4695f32523c96c79e649252f6f7b9f85eab9a7f6973a565553a740c47c5f,evaluator_v2.3,1.0,2.5,0,KAFarmTwin-TypedRepair,0.0,0.0,0.0,EXT-MQ-024,memory_query,False,0
0.6667,0.0005506199999999999,1.0,False,hard,8b7d4695f32523c96c79e649252f6f7b9f85eab9a7f6973a565553a740c47c5f,evaluator_v2.3,1.0,7385.7,2,KAFarmTwin-TypedRepair,1.0,1.0,1.0,EXT-DB-060,data_binding,False,3597
0.6667,0.00023632,1.0,False,hard,8b7d4695f32523c96c79e649252f6f7b9f85eab9a7f6973a565553a740c47c5f,evaluator_v2.3,1.0,6294.9,1,SingleAgent-AllTools,1.0,1.0,0.0,EXT-DB-060,data_binding,False,1351
0.0,0.0,1.0,True,easy,8b7d4695f32523c96c79e649252f6f7b9f85eab9a7f6973a565553a740c47c5f,evaluator_v2.3,1.0,1.9,0,SingleAgent-AllTools,0.0,0.0,0.0,EXT-MQ-013,memory_query,False,0
0.0,0.0,1.0,True,easy,8b7d4695f32523c96c79e649252f6f7b9f85eab9a7f6973a565553a740c47c5f,evaluator_v2.3,1.0,1.5,0,KAFarmTwin-TypedRepair,0.0,0.0,0.0,EXT-MQ-013,memory_query,False,0
0.0,0.0,1.0,True,medium,8b7d4695f32523c96c79e649252f6f7b9f85eab9a7f6973a565553a740c47c5f,evaluator_v2.3,1.0,1.8,0,KAFarmTwin-TypedRepair,0.0,0.0,0.0,EXT-MQ-042,memory_query,False,0
0.0,0.0,1.0,True,medium,8b7d4695f32523c96c79e649252f6f7b9f85eab9a7f6973a565553a740c47c5f,evaluator_v2.3,1.0,1.4,0,SingleAgent-AllTools,0.0,0.0,0.0,EXT-MQ-042,memory_query,False,0
0.75,0.00021154,1.0,False,medium,8b7d4695f32523c96c79e649252f6f7b9f85eab9a7f6973a565553a740c47c5f,evaluator_v2.3,1.0,9028.1,1,SingleAgent-AllTools,1.0,1.0,0.0,EXT-DB-023,data_binding,False,1232
0.75,0.00046298,1.0,False,medium,8b7d4695f32523c96c79e649252f6f7b9f85eab9a7f6973a565553a740c47c5f,evaluator_v2.3,1.0,6081.7,2,KAFarmTwin-TypedRepair,1.0,1.0,1.0,EXT-DB-023,data_binding,False,3021
0.0,0.0008174600000000001,1.0,True,easy,8b7d4695f32523c96c79e649252f6f7b9f85eab9a7f6973a565553a740c47c5f,evaluator_v2.3,1.0,31659.3,3,KAFarmTwin-TypedRepair,0.9714,0.7273,1.0,EXT-SC-015,scene_construction,False,4195
0.0,0.00063798,1.0,True,easy,8b7d4695f32523c96c79e649252f6f7b9f85eab9a7f6973a565553a740c47c5f,evaluator_v2.3,1.0,20446.1,3,SingleAgent-AllTools,1.0,0.8889,0.6667,EXT-SC-015,scene_construction,False,3547
0.0,0.0,1.0,True,medium,8b7d4695f32523c96c79e649252f6f7b9f85eab9a7f6973a565553a740c47c5f,evaluator_v2.3,1.0,0.8,0,SingleAgent-AllTools,0.0,0.0,0.0,EXT-MQ-020,memory_query,False,0
0.0,0.0,1.0,True,medium,8b7d4695f32523c96c79e649252f6f7b9f85eab9a7f6973a565553a740c47c5f,evaluator_v2.3,1.0,0.6,0,KAFarmTwin-TypedRepair,0.0,0.0,0.0,EXT-MQ-020,memory_query,False,0
0.0,0.00051506,1.0,True,easy,8b7d4695f32523c96c79e649252f6f7b9f85eab9a7f6973a565553a740c47c5f,evaluator_v2.3,1.0,13388.9,3,KAFarmTwin-TypedRepair,1.0,1.0,1.0,EXT-SC-001,scene_construction,False,3044
0.0,0.00049658,1.0,True,easy,8b7d4695f32523c96c79e649252f6f7b9f85eab9a7f6973a565553a740c47c5f,evaluator_v2.3,1.0,12925.9,3,SingleAgent-AllTools,1.0,1.0,0.8,EXT-SC-001,scene_construction,False,2984
1.0,0.00016548,1.0,True,easy,8b7d4695f32523c96c79e649252f6f7b9f85eab9a7f6973a565553a740c47c5f,evaluator_v2.3,1.0,3496.0,1,SingleAgent-AllTools,1.0,1.0,0.0,EXT-DB-007,data_binding,False,1026
1.0,0.00035952,1.0,True,easy,8b7d4695f32523c96c79e649252f6f7b9f85eab9a7f6973a565553a740c47c5f,evaluator_v2.3,1.0,4596.1,2,KAFarmTwin-TypedRepair,1.0,1.0,1.0,EXT-DB-007,data_binding,False,2401
1.0,0.00041132,1.0,True,medium,8b7d4695f32523c96c79e649252f6f7b9f85eab9a7f6973a565553a740c47c5f,evaluator_v2.3,1.0,6007.8,2,KAFarmTwin-TypedRepair,1.0,1.0,1.0,EXT-DB-022,data_binding,False,2712
1.0,0.00018886,1.0,True,medium,8b7d4695f32523c96c79e649252f6f7b9f85eab9a7f6973a565553a740c47c5f,evaluator_v2.3,1.0,4495.6,1,SingleAgent-AllTools,1.0,1.0,0.0,EXT-DB-022,data_binding,False,1130
0.0,0.00044338,1.0,False,easy,8b7d4695f32523c96c79e649252f6f7b9f85eab9a7f6973a565553a740c47c5f,evaluator_v2.3,0.0,22447.7,1,SingleAgent-AllTools,0.0,0.0,0.0,EXT-AR-005,asset_routing,False,1967
1.0,0.00033012,1.0,True,easy,8b7d4695f32523c96c79e649252f6f7b9f85eab9a7f6973a565553a740c47c5f,evaluator_v2.3,1.0,4382.2,2,KAFarmTwin-TypedRepair,1.0,1.0,1.0,EXT-AR-005,asset_routing,False,2206
1.0,0.00018382,1.0,True,medium,8b7d4695f32523c96c79e649252f6f7b9f85eab9a7f6973a565553a740c47c5f,evaluator_v2.3,1.0,1051.0,1,KAFarmTwin-TypedRepair,1.0,1.0,1.0,EXT-RR-039,rule_repair,False,1306
0.0,0.0,1.0,False,medium,8b7d4695f32523c96c79e649252f6f7b9f85eab9a7f6973a565553a740c47c5f,evaluator_v2.3,1.0,0.0,0,SingleAgent-AllTools,1.0,0.0,1.0,EXT-RR-039,rule_repair,False,0
0.0,0.00089642,1.0,False,easy,8b7d4695f32523c96c79e649252f6f7b9f85eab9a7f6973a565553a740c47c5f,evaluator_v2.3,1.0,34095.2,3,SingleAgent-AllTools,0.1176,0.2,0.7273,EXT-AR-007,asset_routing,False,4460
0.5,0.00032914,1.0,False,easy,8b7d4695f32523c96c79e649252f6f7b9f85eab9a7f6973a565553a740c47c5f,evaluator_v2.3,1.0,4584.9,2,KAFarmTwin-TypedRepair,1.0,1.0,1.0,EXT-AR-007,asset_routing,False,2202
0.0,0.0010590999999999999,1.0,True,medium,8b7d4695f32523c96c79e649252f6f7b9f85eab9a7f6973a565553a740c47c5f,evaluator_v2.3,1.0,44345.5,3,KAFarmTwin-TypedRepair,1.0,0.5,1.0,EXT-SC-026,scene_construction,False,5082
0.0,0.00044632,1.0,False,medium,8b7d4695f32523c96c79e649252f6f7b9f85eab9a7f6973a565553a740c47c5f,evaluator_v2.3,0.0,21588.6,1,SingleAgent-AllTools,0.0,0.0,0.0,EXT-SC-026,scene_construction,False,1988
0.0,0.00100772,1.0,False,medium,8b7d4695f32523c96c79e649252f6f7b9f85eab9a7f6973a565553a740c47c5f,evaluator_v2.3,1.0,43247.7,3,SingleAgent-AllTools,0.1176,0.2667,0.8,EXT-AR-022,asset_routing,False,4936
1.0,0.00036162,1.0,True,medium,8b7d4695f32523c96c79e649252f6f7b9f85eab9a7f6973a565553a740c47c5f,evaluator_v2.3,1.0,6008.1,2,KAFarmTwin-TypedRepair,1.0,1.0,1.0,EXT-AR-022,asset_routing,False,2439
0.0,0.00056196,1.0,True,easy,8b7d4695f32523c96c79e649252f6f7b9f85eab9a7f6973a565553a740c47c5f,evaluator_v2.3,1.0,17585.3,3,KAFarmTwin-TypedRepair,1.0,0.75,1.0,EXT-SC-003,scene_construction,False,3234
0.0,0.000455,1.0,True,easy,8b7d4695f32523c96c79e649252f6f7b9f85eab9a7f6973a565553a740c47c5f,evaluator_v2.3,1.0,9842.5,3,SingleAgent-AllTools,1.0,0.75,0.8571,EXT-SC-003,scene_construction,False,2846
0.0,0.00044646,0.0,False,medium,8b7d4695f32523c96c79e649252f6f7b9f85eab9a7f6973a565553a740c47c5f,evaluator_v2.3,0.0,20171.8,1,SingleAgent-AllTools,0.0,0.0,0.0,EXT-AR-025,asset_routing,False,1989
0.8571,0.00037492,1.0,False,medium,8b7d4695f32523c96c79e649252f6f7b9f85eab9a7f6973a565553a740c47c5f,evaluator_v2.3,1.0,6552.7,2,KAFarmTwin-TypedRepair,0.9643,0.75,1.0,EXT-AR-025,asset_routing,False,2500
0.0,0.0,1.0,True,hard,8b7d4695f32523c96c79e649252f6f7b9f85eab9a7f6973a565553a740c47c5f,evaluator_v2.3,1.0,2.7,0,KAFarmTwin-TypedRepair,0.0,0.0,0.0,EXT-MQ-048,memory_query,False,0
0.0,0.0,1.0,True,hard,8b7d4695f32523c96c79e649252f6f7b9f85eab9a7f6973a565553a740c47c5f,evaluator_v2.3,1.0,1.6,0,SingleAgent-AllTools,0.0,0.0,0.0,EXT-MQ-048,memory_query,False,0
0.0,0.00063056,1.0,True,easy,8b7d4695f32523c96c79e649252f6f7b9f85eab9a7f6973a565553a740c47c5f,evaluator_v2.3,1.0,20350.7,3,SingleAgent-AllTools,1.0,1.0,0.6667,EXT-SC-010,scene_construction,False,3502
0.0,0.00060032,1.0,True,easy,8b7d4695f32523c96c79e649252f6f7b9f85eab9a7f6973a565553a740c47c5f,evaluator_v2.3,1.0,18596.3,3,KAFarmTwin-TypedRepair,1.0,0.8889,1.0,EXT-SC-010,scene_construction,False,3394
0.0,0.0006634599999999999,1.0,True,medium,8b7d4695f32523c96c79e649252f6f7b9f85eab9a7f6973a565553a740c47c5f,evaluator_v2.3,1.0,26073.6,3,KAFarmTwin-TypedRepair,1.0,1.0,1.0,EXT-SC-017,scene_construction,False,3633
0.0,0.0007253400000000001,1.0,False,medium,8b7d4695f32523c96c79e649252f6f7b9f85eab9a7f6973a565553a740c47c5f,evaluator_v2.3,1.0,26964.5,3,SingleAgent-AllTools,1.0,0.5,0.7692,EXT-SC-017,scene_construction,False,3891
0.0,0.0,1.0,False,medium,8b7d4695f32523c96c79e649252f6f7b9f85eab9a7f6973a565553a740c47c5f,evaluator_v2.3,1.0,0.0,0,SingleAgent-AllTools,1.0,0.0,1.0,EXT-RR-041,rule_repair,False,0
1.0,0.0001848,1.0,True,medium,8b7d4695f32523c96c79e649252f6f7b9f85eab9a7f6973a565553a740c47c5f,evaluator_v2.3,1.0,1098.5,1,KAFarmTwin-TypedRepair,1.0,1.0,1.0,EXT-RR-041,rule_repair,False,1313
1.0,0.00036512000000000003,1.0,False,medium,8b7d4695f32523c96c79e649252f6f7b9f85eab9a7f6973a565553a740c47c5f,evaluator_v2.3,1.0,5368.3,2,KAFarmTwin-TypedRepair,0.2222,1.0,1.0,EXT-AR-027,asset_routing,False,2423
0.0,0.00044688,0.0,False,medium,8b7d4695f32523c96c79e649252f6f7b9f85eab9a7f6973a565553a740c47c5f,evaluator_v2.3,0.0,23480.0,1,SingleAgent-AllTools,0.0,0.0,0.0,EXT-AR-027,asset_routing,False,1992
0.0,0.0007348599999999999,1.0,False,medium,8b7d4695f32523c96c79e649252f6f7b9f85eab9a7f6973a565553a740c47c5f,evaluator_v2.3,1.0,26813.6,3,SingleAgent-AllTools,1.0,0.6667,0.6667,EXT-SC-021,scene_construction,False,3897
0.0,0.0006925799999999999,1.0,True,medium,8b7d4695f32523c96c79e649252f6f7b9f85eab9a7f6973a565553a740c47c5f,evaluator_v2.3,1.0,22718.8,3,KAFarmTwin-TypedRepair,1.0,0.7143,1.0,EXT-SC-021,scene_construction,False,3738
1.0,0.00037198,1.0,True,easy,8b7d4695f32523c96c79e649252f6f7b9f85eab9a7f6973a565553a740c47c5f,evaluator_v2.3,1.0,4873.1,2,KAFarmTwin-TypedRepair,1.0,1.0,1.0,EXT-DB-009,data_binding,False,2466
1.0,0.00017542,1.0,True,easy,8b7d4695f32523c96c79e649252f6f7b9f85eab9a7f6973a565553a740c47c5f,evaluator_v2.3,1.0,3741.3,1,SingleAgent-AllTools,1.0,1.0,0.0,EXT-DB-009,data_binding,False,1069
0.0,0.00082432,1.0,True,medium,8b7d4695f32523c96c79e649252f6f7b9f85eab9a7f6973a565553a740c47c5f,evaluator_v2.3,1.0,31040.0,3,SingleAgent-AllTools,1.0,0.625,0.7692,EXT-SC-044,scene_construction,False,4242
0.0,0.0006244,1.0,False,medium,8b7d4695f32523c96c79e649252f6f7b9f85eab9a7f6973a565553a740c47c5f,evaluator_v2.3,1.0,18608.5,3,KAFarmTwin-TypedRepair,1.0,0.8,1.0,EXT-SC-044,scene_construction,False,3483
1.0,0.0001876,1.0,True,medium,8b7d4695f32523c96c79e649252f6f7b9f85eab9a7f6973a565553a740c47c5f,evaluator_v2.3,1.0,1117.4,1,KAFarmTwin-TypedRepair,1.0,1.0,1.0,EXT-RR-022,rule_repair,False,1333
0.0,0.0,1.0,False,medium,8b7d4695f32523c96c79e649252f6f7b9f85eab9a7f6973a565553a740c47c5f,evaluator_v2.3,1.0,0.1,0,SingleAgent-AllTools,1.0,0.0,1.0,EXT-RR-022,rule_repair,False,0
0.0,0.0010245200000000001,1.0,False,hard,8b7d4695f32523c96c79e649252f6f7b9f85eab9a7f6973a565553a740c47c5f,evaluator_v2.3,1.0,43350.3,3,SingleAgent-AllTools,0.0556,0.375,0.6923,EXT-AR-053,asset_routing,False,4962
0.8,0.00043134,1.0,False,hard,8b7d4695f32523c96c79e649252f6f7b9f85eab9a7f6973a565553a740c47c5f,evaluator_v2.3,1.0,5936.6,2,KAFarmTwin-TypedRepair,0.2727,0.6,1.0,EXT-AR-053,asset_routing,False,2816
0.0,0.00069146,1.0,False,medium,8b7d4695f32523c96c79e649252f6f7b9f85eab9a7f6973a565553a740c47c5f,evaluator_v2.3,1.0,23005.7,3,KAFarmTwin-TypedRepair,1.0,0.6667,1.0,EXT-SC-027,scene_construction,False,3734
0.0,0.00068138,1.0,True,medium,8b7d4695f32523c96c79e649252f6f7b9f85eab9a7f6973a565553a740c47c5f,evaluator_v2.3,1.0,22903.9,3,SingleAgent-AllTools,1.0,0.7143,0.6667,EXT-SC-027,scene_construction,False,3698
1.0,0.00021182,1.0,True,medium,8b7d4695f32523c96c79e649252f6f7b9f85eab9a7f6973a565553a740c47c5f,evaluator_v2.3,1.0,5673.1,1,SingleAgent-AllTools,1.0,1.0,0.0,EXT-DB-035,data_binding,False,1230
1.0,0.00046256,1.0,True,medium,8b7d4695f32523c96c79e649252f6f7b9f85eab9a7f6973a565553a740c47c5f,evaluator_v2.3,1.0,7071.4,2,KAFarmTwin-TypedRepair,1.0,1.0,1.0,EXT-DB-035,data_binding,False,3014
1.0,0.0003654,1.0,False,medium,8b7d4695f32523c96c79e649252f6f7b9f85eab9a7f6973a565553a740c47c5f,evaluator_v2.3,1.0,5890.1,2,KAFarmTwin-TypedRepair,0.2667,1.0,1.0,EXT-AR-039,asset_routing,False,2426
0.0,0.00044688,0.0,False,medium,8b7d4695f32523c96c79e649252f6f7b9f85eab9a7f6973a565553a740c47c5f,evaluator_v2.3,0.0,22117.3,1,SingleAgent-AllTools,0.0,0.0,0.0,EXT-AR-039,asset_routing,False,1992
0.0,0.0,1.0,False,medium,8b7d4695f32523c96c79e649252f6f7b9f85eab9a7f6973a565553a740c47c5f,evaluator_v2.3,1.0,0.0,0,SingleAgent-AllTools,1.0,0.0,1.0,EXT-RR-023,rule_repair,False,0
1.0,0.00018452,1.0,True,medium,8b7d4695f32523c96c79e649252f6f7b9f85eab9a7f6973a565553a740c47c5f,evaluator_v2.3,1.0,1606.0,1,KAFarmTwin-TypedRepair,1.0,1.0,1.0,EXT-RR-023,rule_repair,False,1307
0.8571,0.00038009999999999997,1.0,False,medium,8b7d4695f32523c96c79e649252f6f7b9f85eab9a7f6973a565553a740c47c5f,evaluator_v2.3,1.0,5914.4,2,KAFarmTwin-TypedRepair,0.95,0.75,1.0,EXT-AR-035,asset_routing,False,2481
0.0,0.00044674,0.0,False,medium,8b7d4695f32523c96c79e649252f6f7b9f85eab9a7f6973a565553a740c47c5f,evaluator_v2.3,0.0,21193.2,1,SingleAgent-AllTools,0.0,0.0,0.0,EXT-AR-035,asset_routing,False,1991
0.0,0.0,1.0,True,medium,8b7d4695f32523c96c79e649252f6f7b9f85eab9a7f6973a565553a740c47c5f,evaluator_v2.3,1.0,2.4,0,SingleAgent-AllTools,0.0,0.0,0.0,EXT-MQ-045,memory_query,False,0
0.0,0.0,1.0,True,medium,8b7d4695f32523c96c79e649252f6f7b9f85eab9a7f6973a565553a740c47c5f,evaluator_v2.3,1.0,1.8,0,KAFarmTwin-TypedRepair,0.0,0.0,0.0,EXT-MQ-045,memory_query,False,0
0.0,0.00041537999999999997,1.0,True,easy,8b7d4695f32523c96c79e649252f6f7b9f85eab9a7f6973a565553a740c47c5f,evaluator_v2.3,1.0,7316.4,3,KAFarmTwin-TypedRepair,1.0,1.0,1.0,EXT-SC-002,scene_construction,False,2687
0.0,0.0005030200000000001,1.0,True,easy,8b7d4695f32523c96c79e649252f6f7b9f85eab9a7f6973a565553a740c47c5f,evaluator_v2.3,1.0,12133.8,3,SingleAgent-AllTools,1.0,1.0,0.8,EXT-SC-002,scene_construction,False,3004
1.0,0.0002009,1.0,True,medium,8b7d4695f32523c96c79e649252f6f7b9f85eab9a7f6973a565553a740c47c5f,evaluator_v2.3,1.0,9667.5,1,SingleAgent-AllTools,1.0,1.0,0.0,EXT-DB-036,data_binding,False,1171
1.0,0.00042392,1.0,True,medium,8b7d4695f32523c96c79e649252f6f7b9f85eab9a7f6973a565553a740c47c5f,evaluator_v2.3,1.0,6485.2,2,KAFarmTwin-TypedRepair,1.0,1.0,1.0,EXT-DB-036,data_binding,False,2757
1.0,0.00020132,1.0,True,hard,8b7d4695f32523c96c79e649252f6f7b9f85eab9a7f6973a565553a740c47c5f,evaluator_v2.3,1.0,897.7,1,KAFarmTwin-TypedRepair,1.0,1.0,1.0,EXT-RR-049,rule_repair,False,1431
0.0,0.0,1.0,False,hard,8b7d4695f32523c96c79e649252f6f7b9f85eab9a7f6973a565553a740c47c5f,evaluator_v2.3,1.0,0.0,0,SingleAgent-AllTools,1.0,0.0,1.0,EXT-RR-049,rule_repair,False,0
0.0,0.0,1.0,True,medium,8b7d4695f32523c96c79e649252f6f7b9f85eab9a7f6973a565553a740c47c5f,evaluator_v2.3,1.0,2.3,0,SingleAgent-AllTools,0.0,0.0,0.0,EXT-MQ-031,memory_query,False,0
0.0,0.0,1.0,True,medium,8b7d4695f32523c96c79e649252f6f7b9f85eab9a7f6973a565553a740c47c5f,evaluator_v2.3,1.0,1.9,0,KAFarmTwin-TypedRepair,0.0,0.0,0.0,EXT-MQ-031,memory_query,False,0
0.0,0.0,1.0,True,medium,8b7d4695f32523c96c79e649252f6f7b9f85eab9a7f6973a565553a740c47c5f,evaluator_v2.3,1.0,1.7,0,KAFarmTwin-TypedRepair,0.0,0.0,0.0,EXT-MQ-035,memory_query,False,0
0.0,0.0,1.0,True,medium,8b7d4695f32523c96c79e649252f6f7b9f85eab9a7f6973a565553a740c47c5f,evaluator_v2.3,1.0,1.4,0,SingleAgent-AllTools,0.0,0.0,0.0,EXT-MQ-035,memory_query,False,0
0.0,0.0,1.0,False,hard,8b7d4695f32523c96c79e649252f6f7b9f85eab9a7f6973a565553a740c47c5f,evaluator_v2.3,1.0,0.0,0,SingleAgent-AllTools,1.0,0.0,1.0,EXT-RR-054,rule_repair,False,0
1.0,0.00020328,1.0,True,hard,8b7d4695f32523c96c79e649252f6f7b9f85eab9a7f6973a565553a740c47c5f,evaluator_v2.3,1.0,1434.3,1,KAFarmTwin-TypedRepair,1.0,1.0,1.0,EXT-RR-054,rule_repair,False,1445
0.0,0.0006766200000000001,1.0,True,medium,8b7d4695f32523c96c79e649252f6f7b9f85eab9a7f6973a565553a740c47c5f,evaluator_v2.3,1.0,25513.5,3,KAFarmTwin-TypedRepair,1.0,1.0,1.0,EXT-SC-040,scene_construction,False,3665
0.0,0.00071582,1.0,True,medium,8b7d4695f32523c96c79e649252f6f7b9f85eab9a7f6973a565553a740c47c5f,evaluator_v2.3,1.0,28606.0,3,SingleAgent-AllTools,1.0,0.7143,0.7273,EXT-SC-040,scene_construction,False,3836
1.0,0.0001904,1.0,True,medium,8b7d4695f32523c96c79e649252f6f7b9f85eab9a7f6973a565553a740c47c5f,evaluator_v2.3,1.0,5200.2,1,SingleAgent-AllTools,1.0,1.0,0.0,EXT-DB-018,data_binding,False,1137
1.0,0.00041398,1.0,True,medium,8b7d4695f32523c96c79e649252f6f7b9f85eab9a7f6973a565553a740c47c5f,evaluator_v2.3,1.0,8774.8,2,KAFarmTwin-TypedRepair,1.0,1.0,1.0,EXT-DB-018,data_binding,False,2727
1.0,0.00017374,1.0,True,easy,8b7d4695f32523c96c79e649252f6f7b9f85eab9a7f6973a565553a740c47c5f,evaluator_v2.3,1.0,1689.0,1,KAFarmTwin-TypedRepair,1.0,1.0,1.0,EXT-RR-008,rule_repair,False,1234
0.0,0.0,1.0,False,easy,8b7d4695f32523c96c79e649252f6f7b9f85eab9a7f6973a565553a740c47c5f,evaluator_v2.3,1.0,0.0,0,SingleAgent-AllTools,1.0,0.0,1.0,EXT-RR-008,rule_repair,False,0
0.0,0.0,1.0,True,easy,8b7d4695f32523c96c79e649252f6f7b9f85eab9a7f6973a565553a740c47c5f,evaluator_v2.3,1.0,1.7,0,SingleAgent-AllTools,0.0,0.0,0.5,EXT-MQ-009,memory_query,False,0
0.0,0.0,1.0,True,easy,8b7d4695f32523c96c79e649252f6f7b9f85eab9a7f6973a565553a740c47c5f,evaluator_v2.3,1.0,1.4,0,KAFarmTwin-TypedRepair,0.0,0.0,0.5,EXT-MQ-009,memory_query,False,0
0.0,0.0,1.0,True,medium,8b7d4695f32523c96c79e649252f6f7b9f85eab9a7f6973a565553a740c47c5f,evaluator_v2.3,1.0,1.8,0,KAFarmTwin-TypedRepair,0.0,0.0,0.0,EXT-MQ-040,memory_query,False,0
0.0,0.0,1.0,True,medium,8b7d4695f32523c96c79e649252f6f7b9f85eab9a7f6973a565553a740c47c5f,evaluator_v2.3,1.0,1.5,0,SingleAgent-AllTools,0.0,0.0,0.0,EXT-MQ-040,memory_query,False,0
1.0,0.00026418,1.0,True,hard,8b7d4695f32523c96c79e649252f6f7b9f85eab9a7f6973a565553a740c47c5f,evaluator_v2.3,1.0,7840.2,1,SingleAgent-AllTools,1.0,1.0,0.0,EXT-DB-058,data_binding,False,1454
1.0,0.0005860399999999999,1.0,True,hard,8b7d4695f32523c96c79e649252f6f7b9f85eab9a7f6973a565553a740c47c5f,evaluator_v2.3,1.0,9244.2,2,KAFarmTwin-TypedRepair,1.0,1.0,1.0,EXT-DB-058,data_binding,False,3746
1.0,0.00054334,1.0,True,hard,8b7d4695f32523c96c79e649252f6f7b9f85eab9a7f6973a565553a740c47c5f,evaluator_v2.3,1.0,6894.4,2,KAFarmTwin-TypedRepair,1.0,1.0,1.0,EXT-DB-046,data_binding,False,3592
1.0,0.00022176,1.0,True,hard,8b7d4695f32523c96c79e649252f6f7b9f85eab9a7f6973a565553a740c47c5f,evaluator_v2.3,1.0,8370.4,1,SingleAgent-AllTools,1.0,1.0,0.0,EXT-DB-046,data_binding,False,1302
1.0,0.000168,1.0,True,easy,8b7d4695f32523c96c79e649252f6f7b9f85eab9a7f6973a565553a740c47c5f,evaluator_v2.3,1.0,4084.7,1,SingleAgent-AllTools,1.0,1.0,0.0,EXT-DB-011,data_binding,False,1039
1.0,0.00036456,1.0,True,easy,8b7d4695f32523c96c79e649252f6f7b9f85eab9a7f6973a565553a740c47c5f,evaluator_v2.3,1.0,5740.1,2,KAFarmTwin-TypedRepair,1.0,1.0,1.0,EXT-DB-011,data_binding,False,2436
0.0,0.00062762,1.0,True,medium,8b7d4695f32523c96c79e649252f6f7b9f85eab9a7f6973a565553a740c47c5f,evaluator_v2.3,1.0,25240.9,3,KAFarmTwin-TypedRepair,1.0,0.9091,1.0,EXT-SC-018,scene_construction,False,3493
0.0,0.00070518,1.0,True,medium,8b7d4695f32523c96c79e649252f6f7b9f85eab9a7f6973a565553a740c47c5f,evaluator_v2.3,1.0,24531.6,3,SingleAgent-AllTools,1.0,0.7143,0.6667,EXT-SC-018,scene_construction,False,3787
0.0,0.00044674,0.0,False,hard,8b7d4695f32523c96c79e649252f6f7b9f85eab9a7f6973a565553a740c47c5f,evaluator_v2.3,0.0,21613.3,1,SingleAgent-AllTools,0.0,0.0,0.0,EXT-AR-056,asset_routing,False,1991
0.8,0.00043162,1.0,False,hard,8b7d4695f32523c96c79e649252f6f7b9f85eab9a7f6973a565553a740c47c5f,evaluator_v2.3,1.0,6622.3,2,KAFarmTwin-TypedRepair,0.8889,0.6,1.0,EXT-AR-056,asset_routing,False,2816
1.0,0.00019964,1.0,True,hard,8b7d4695f32523c96c79e649252f6f7b9f85eab9a7f6973a565553a740c47c5f,evaluator_v2.3,1.0,925.7,1,KAFarmTwin-TypedRepair,1.0,1.0,1.0,EXT-RR-055,rule_repair,False,1419
0.0,0.0,1.0,False,hard,8b7d4695f32523c96c79e649252f6f7b9f85eab9a7f6973a565553a740c47c5f,evaluator_v2.3,1.0,0.0,0,SingleAgent-AllTools,1.0,0.0,1.0,EXT-RR-055,rule_repair,False,0
0.0,0.00078162,1.0,False,hard,8b7d4695f32523c96c79e649252f6f7b9f85eab9a7f6973a565553a740c47c5f,evaluator_v2.3,1.0,28074.5,3,SingleAgent-AllTools,0.9905,0.4706,0.7692,EXT-SC-058,scene_construction,False,4084
0.0,0.00076958,1.0,False,hard,8b7d4695f32523c96c79e649252f6f7b9f85eab9a7f6973a565553a740c47c5f,evaluator_v2.3,1.0,31128.4,3,KAFarmTwin-TypedRepair,0.9905,0.0,1.0,EXT-SC-058,scene_construction,False,4027
0.0,0.0,1.0,True,medium,8b7d4695f32523c96c79e649252f6f7b9f85eab9a7f6973a565553a740c47c5f,evaluator_v2.3,1.0,2.2,0,KAFarmTwin-TypedRepair,0.0,0.0,0.0,EXT-MQ-016,memory_query,False,0
0.0,0.0,1.0,True,medium,8b7d4695f32523c96c79e649252f6f7b9f85eab9a7f6973a565553a740c47c5f,evaluator_v2.3,1.0,1.7,0,SingleAgent-AllTools,0.0,0.0,0.0,EXT-MQ-016,memory_query,False,0
0.0,0.0,1.0,True,medium,8b7d4695f32523c96c79e649252f6f7b9f85eab9a7f6973a565553a740c47c5f,evaluator_v2.3,1.0,2.5,0,SingleAgent-AllTools,0.0,0.0,0.0,EXT-MQ-041,memory_query,False,0
0.0,0.0,1.0,True,medium,8b7d4695f32523c96c79e649252f6f7b9f85eab9a7f6973a565553a740c47c5f,evaluator_v2.3,1.0,1.3,0,KAFarmTwin-TypedRepair,0.0,0.0,0.0,EXT-MQ-041,memory_query,False,0
0.0,0.0,1.0,True,easy,8b7d4695f32523c96c79e649252f6f7b9f85eab9a7f6973a565553a740c47c5f,evaluator_v2.3,1.0,1.1,0,KAFarmTwin-TypedRepair,0.0,0.0,0.0,EXT-MQ-007,memory_query,False,0
0.0,0.0,1.0,True,easy,8b7d4695f32523c96c79e649252f6f7b9f85eab9a7f6973a565553a740c47c5f,evaluator_v2.3,1.0,0.9,0,SingleAgent-AllTools,0.0,0.0,0.0,EXT-MQ-007,memory_query,False,0
0.0,0.00084238,1.0,False,medium,8b7d4695f32523c96c79e649252f6f7b9f85eab9a7f6973a565553a740c47c5f,evaluator_v2.3,1.0,33890.6,3,SingleAgent-AllTools,0.9474,0.5455,0.7778,EXT-AR-036,asset_routing,False,4298
0.8571,0.00038038000000000004,1.0,False,medium,8b7d4695f32523c96c79e649252f6f7b9f85eab9a7f6973a565553a740c47c5f,evaluator_v2.3,1.0,5975.5,2,KAFarmTwin-TypedRepair,0.2222,0.75,1.0,EXT-AR-036,asset_routing,False,2480
1.0,0.00061012,1.0,True,hard,8b7d4695f32523c96c79e649252f6f7b9f85eab9a7f6973a565553a740c47c5f,evaluator_v2.3,1.0,11204.1,2,KAFarmTwin-TypedRepair,1.0,1.0,1.0,EXT-DB-049,data_binding,False,3832
1.0,0.00028882,1.0,True,hard,8b7d4695f32523c96c79e649252f6f7b9f85eab9a7f6973a565553a740c47c5f,evaluator_v2.3,1.0,10793.2,1,SingleAgent-AllTools,1.0,1.0,0.0,EXT-DB-049,data_binding,False,1544
0.0,0.0,1.0,True,easy,8b7d4695f32523c96c79e649252f6f7b9f85eab9a7f6973a565553a740c47c5f,evaluator_v2.3,1.0,1.8,0,SingleAgent-AllTools,0.0,0.0,0.0,EXT-MQ-005,memory_query,False,0
0.0,0.0,1.0,True,easy,8b7d4695f32523c96c79e649252f6f7b9f85eab9a7f6973a565553a740c47c5f,evaluator_v2.3,1.0,1.5,0,KAFarmTwin-TypedRepair,0.0,0.0,0.0,EXT-MQ-005,memory_query,False,0
1.0,0.00036624,1.0,True,easy,8b7d4695f32523c96c79e649252f6f7b9f85eab9a7f6973a565553a740c47c5f,evaluator_v2.3,1.0,4812.1,2,KAFarmTwin-TypedRepair,1.0,1.0,1.0,EXT-DB-001,data_binding,False,2430
1.0,0.00017304,1.0,True,easy,8b7d4695f32523c96c79e649252f6f7b9f85eab9a7f6973a565553a740c47c5f,evaluator_v2.3,1.0,10371.7,1,SingleAgent-AllTools,1.0,1.0,0.0,EXT-DB-001,data_binding,False,1057
0.0,0.0,1.0,True,easy,8b7d4695f32523c96c79e649252f6f7b9f85eab9a7f6973a565553a740c47c5f,evaluator_v2.3,1.0,2.0,0,SingleAgent-AllTools,0.0,0.0,0.5,EXT-MQ-003,memory_query,False,0
0.0,0.0,1.0,True,easy,8b7d4695f32523c96c79e649252f6f7b9f85eab9a7f6973a565553a740c47c5f,evaluator_v2.3,1.0,1.5,0,KAFarmTwin-TypedRepair,0.0,0.0,0.5,EXT-MQ-003,memory_query,False,0
1.0,0.00040908000000000003,1.0,True,hard,8b7d4695f32523c96c79e649252f6f7b9f85eab9a7f6973a565553a740c47c5f,evaluator_v2.3,1.0,6242.3,2,KAFarmTwin-TypedRepair,1.0,1.0,1.0,EXT-AR-051,asset_routing,False,2655
0.0,0.00044674,0.0,False,hard,8b7d4695f32523c96c79e649252f6f7b9f85eab9a7f6973a565553a740c47c5f,evaluator_v2.3,0.0,20092.9,1,SingleAgent-AllTools,0.0,0.0,0.0,EXT-AR-051,asset_routing,False,1991
0.0,0.0,1.0,False,easy,8b7d4695f32523c96c79e649252f6f7b9f85eab9a7f6973a565553a740c47c5f,evaluator_v2.3,1.0,0.0,0,SingleAgent-AllTools,1.0,0.0,1.0,EXT-RR-015,rule_repair,False,0
1.0,0.000168,1.0,True,easy,8b7d4695f32523c96c79e649252f6f7b9f85eab9a7f6973a565553a740c47c5f,evaluator_v2.3,1.0,1384.7,1,KAFarmTwin-TypedRepair,1.0,1.0,1.0,EXT-RR-015,rule_repair,False,1193
0.0,0.0,1.0,True,easy,8b7d4695f32523c96c79e649252f6f7b9f85eab9a7f6973a565553a740c47c5f,evaluator_v2.3,1.0,1.9,0,KAFarmTwin-TypedRepair,0.0,0.0,0.5,EXT-MQ-015,memory_query,False,0
0.0,0.0,1.0,True,easy,8b7d4695f32523c96c79e649252f6f7b9f85eab9a7f6973a565553a740c47c5f,evaluator_v2.3,1.0,1.6,0,SingleAgent-AllTools,0.0,0.0,0.5,EXT-MQ-015,memory_query,False,0
0.0,0.0008341199999999999,1.0,False,easy,8b7d4695f32523c96c79e649252f6f7b9f85eab9a7f6973a565553a740c47c5f,evaluator_v2.3,1.0,32868.3,3,SingleAgent-AllTools,0.9,0.2,0.7273,EXT-AR-001,asset_routing,False,4261
1.0,0.00033124,1.0,True,easy,8b7d4695f32523c96c79e649252f6f7b9f85eab9a7f6973a565553a740c47c5f,evaluator_v2.3,1.0,4635.6,2,KAFarmTwin-TypedRepair,1.0,1.0,1.0,EXT-AR-001,asset_routing,False,2211
0.0,0.00078876,1.0,True,medium,8b7d4695f32523c96c79e649252f6f7b9f85eab9a7f6973a565553a740c47c5f,evaluator_v2.3,1.0,28196.5,3,KAFarmTwin-TypedRepair,1.0,0.7143,1.0,EXT-SC-030,scene_construction,False,4101
0.0,0.0007756,1.0,True,medium,8b7d4695f32523c96c79e649252f6f7b9f85eab9a7f6973a565553a740c47c5f,evaluator_v2.3,1.0,26937.6,3,SingleAgent-AllTools,1.0,0.8333,0.6667,EXT-SC-030,scene_construction,False,4040
0.0,0.0,1.0,False,medium,8b7d4695f32523c96c79e649252f6f7b9f85eab9a7f6973a565553a740c47c5f,evaluator_v2.3,1.0,0.0,0,SingleAgent-AllTools,1.0,0.0,1.0,EXT-RR-019,rule_repair,False,0
1.0,0.00018494,1.0,True,medium,8b7d4695f32523c96c79e649252f6f7b9f85eab9a7f6973a565553a740c47c5f,evaluator_v2.3,1.0,1275.4,1,KAFarmTwin-TypedRepair,1.0,1.0,1.0,EXT-RR-019,rule_repair,False,1310
1.0,0.00048104,1.0,True,medium,8b7d4695f32523c96c79e649252f6f7b9f85eab9a7f6973a565553a740c47c5f,evaluator_v2.3,1.0,7169.8,2,KAFarmTwin-TypedRepair,1.0,1.0,1.0,EXT-DB-041,data_binding,False,3081
1.0,0.00020006,1.0,True,medium,8b7d4695f32523c96c79e649252f6f7b9f85eab9a7f6973a565553a740c47c5f,evaluator_v2.3,1.0,4687.6,1,SingleAgent-AllTools,1.0,1.0,0.0,EXT-DB-041,data_binding,False,1191
1.0,0.0002653,1.0,True,hard,8b7d4695f32523c96c79e649252f6f7b9f85eab9a7f6973a565553a740c47c5f,evaluator_v2.3,1.0,8341.9,1,SingleAgent-AllTools,1.0,1.0,0.0,EXT-DB-047,data_binding,False,1459
1.0,0.00054656,1.0,True,hard,8b7d4695f32523c96c79e649252f6f7b9f85eab9a7f6973a565553a740c47c5f,evaluator_v2.3,1.0,7264.2,2,KAFarmTwin-TypedRepair,1.0,1.0,1.0,EXT-DB-047,data_binding,False,3611
0.0,0.0,1.0,True,hard,8b7d4695f32523c96c79e649252f6f7b9f85eab9a7f6973a565553a740c47c5f,evaluator_v2.3,1.0,3.0,0,KAFarmTwin-TypedRepair,0.0,0.0,0.0,EXT-MQ-058,memory_query,False,0
0.0,0.0,1.0,True,hard,8b7d4695f32523c96c79e649252f6f7b9f85eab9a7f6973a565553a740c47c5f,evaluator_v2.3,1.0,1.7,0,SingleAgent-AllTools,0.0,0.0,0.0,EXT-MQ-058,memory_query,False,0
1.0,0.0002324,1.0,True,medium,8b7d4695f32523c96c79e649252f6f7b9f85eab9a7f6973a565553a740c47c5f,evaluator_v2.3,1.0,8548.2,1,SingleAgent-AllTools,1.0,1.0,0.0,EXT-DB-033,data_binding,False,1308
0.75,0.00044632000000000005,1.0,False,medium,8b7d4695f32523c96c79e649252f6f7b9f85eab9a7f6973a565553a740c47c5f,evaluator_v2.3,1.0,6301.0,2,KAFarmTwin-TypedRepair,1.0,1.0,1.0,EXT-DB-033,data_binding,False,2954
1.0,0.000203,1.0,True,hard,8b7d4695f32523c96c79e649252f6f7b9f85eab9a7f6973a565553a740c47c5f,evaluator_v2.3,1.0,1024.7,1,KAFarmTwin-TypedRepair,1.0,1.0,1.0,EXT-RR-046,rule_repair,False,1443
0.0,0.0,1.0,False,hard,8b7d4695f32523c96c79e649252f6f7b9f85eab9a7f6973a565553a740c47c5f,evaluator_v2.3,1.0,0.0,0,SingleAgent-AllTools,1.0,0.0,1.0,EXT-RR-046,rule_repair,False,0
0.0,0.0,1.0,True,easy,8b7d4695f32523c96c79e649252f6f7b9f85eab9a7f6973a565553a740c47c5f,evaluator_v2.3,1.0,1.5,0,SingleAgent-AllTools,0.0,0.0,0.5,EXT-MQ-006,memory_query,False,0
0.0,0.0,1.0,True,easy,8b7d4695f32523c96c79e649252f6f7b9f85eab9a7f6973a565553a740c47c5f,evaluator_v2.3,1.0,1.2,0,KAFarmTwin-TypedRepair,0.0,0.0,0.5,EXT-MQ-006,memory_query,False,0
0.0,0.0,1.0,True,hard,8b7d4695f32523c96c79e649252f6f7b9f85eab9a7f6973a565553a740c47c5f,evaluator_v2.3,1.0,2.3,0,KAFarmTwin-TypedRepair,0.0,0.0,0.0,EXT-MQ-056,memory_query,False,0
0.0,0.0,1.0,True,hard,8b7d4695f32523c96c79e649252f6f7b9f85eab9a7f6973a565553a740c47c5f,evaluator_v2.3,1.0,1.4,0,SingleAgent-AllTools,0.0,0.0,0.0,EXT-MQ-056,memory_query,False,0
0.0,0.00047684,1.0,True,easy,8b7d4695f32523c96c79e649252f6f7b9f85eab9a7f6973a565553a740c47c5f,evaluator_v2.3,1.0,11751.5,3,SingleAgent-AllTools,1.0,1.0,0.8,EXT-SC-004,scene_construction,False,2907
0.0,0.00047376,1.0,True,easy,8b7d4695f32523c96c79e649252f6f7b9f85eab9a7f6973a565553a740c47c5f,evaluator_v2.3,1.0,11230.1,3,KAFarmTwin-TypedRepair,1.0,1.0,1.0,EXT-SC-004,scene_construction,False,2895
0.8571,0.00038219999999999997,1.0,False,medium,8b7d4695f32523c96c79e649252f6f7b9f85eab9a7f6973a565553a740c47c5f,evaluator_v2.3,1.0,6561.2,2,KAFarmTwin-TypedRepair,0.963,0.75,1.0,EXT-AR-018,asset_routing,False,2490
0.0,0.00075782,1.0,False,medium,8b7d4695f32523c96c79e649252f6f7b9f85eab9a7f6973a565553a740c47c5f,evaluator_v2.3,1.0,28643.9,3,SingleAgent-AllTools,0.0968,0.2857,0.7333,EXT-AR-018,asset_routing,False,4022
0.0,0.00062062,1.0,False,medium,8b7d4695f32523c96c79e649252f6f7b9f85eab9a7f6973a565553a740c47c5f,evaluator_v2.3,1.0,18159.8,3,SingleAgent-AllTools,1.0,0.6667,0.6667,EXT-SC-024,scene_construction,False,3483
0.0,0.0006013,1.0,False,medium,8b7d4695f32523c96c79e649252f6f7b9f85eab9a7f6973a565553a740c47c5f,evaluator_v2.3,1.0,17270.2,3,KAFarmTwin-TypedRepair,1.0,0.6667,1.0,EXT-SC-024,scene_construction,False,3414
0.0,0.0,1.0,True,medium,8b7d4695f32523c96c79e649252f6f7b9f85eab9a7f6973a565553a740c47c5f,evaluator_v2.3,1.0,2.2,0,KAFarmTwin-TypedRepair,0.0,0.0,0.0,EXT-MQ-038,memory_query,False,0
0.0,0.0,1.0,True,medium,8b7d4695f32523c96c79e649252f6f7b9f85eab9a7f6973a565553a740c47c5f,evaluator_v2.3,1.0,2.5,0,SingleAgent-AllTools,0.0,0.0,0.0,EXT-MQ-038,memory_query,False,0
0.0,0.00105588,1.0,False,medium,8b7d4695f32523c96c79e649252f6f7b9f85eab9a7f6973a565553a740c47c5f,evaluator_v2.3,1.0,52332.2,3,SingleAgent-AllTools,0.1714,0.2857,0.75,EXT-AR-042,asset_routing,False,5070
1.0,0.00036050000000000003,1.0,False,medium,8b7d4695f32523c96c79e649252f6f7b9f85eab9a7f6973a565553a740c47c5f,evaluator_v2.3,1.0,4541.2,2,KAFarmTwin-TypedRepair,0.3333,1.0,1.0,EXT-AR-042,asset_routing,False,2435
0.0,0.00084098,1.0,True,medium,8b7d4695f32523c96c79e649252f6f7b9f85eab9a7f6973a565553a740c47c5f,evaluator_v2.3,1.0,34879.0,3,KAFarmTwin-TypedRepair,1.0,0.625,1.0,EXT-SC-041,scene_construction,False,4307
0.0,0.00044632,1.0,False,medium,8b7d4695f32523c96c79e649252f6f7b9f85eab9a7f6973a565553a740c47c5f,evaluator_v2.3,0.0,20619.4,1,SingleAgent-AllTools,0.0,0.0,0.0,EXT-SC-041,scene_construction,False,1988
0.0,0.00061516,1.0,True,medium,8b7d4695f32523c96c79e649252f6f7b9f85eab9a7f6973a565553a740c47c5f,evaluator_v2.3,1.0,21722.7,3,SingleAgent-AllTools,1.0,0.9091,0.5714,EXT-SC-043,scene_construction,False,3453
0.0,0.00061264,1.0,False,medium,8b7d4695f32523c96c79e649252f6f7b9f85eab9a7f6973a565553a740c47c5f,evaluator_v2.3,1.0,19322.6,3,KAFarmTwin-TypedRepair,1.0,0.5714,1.0,EXT-SC-043,scene_construction,False,3468
0.0,0.0005675599999999999,1.0,True,easy,8b7d4695f32523c96c79e649252f6f7b9f85eab9a7f6973a565553a740c47c5f,evaluator_v2.3,1.0,15506.4,3,KAFarmTwin-TypedRepair,1.0,0.8889,1.0,EXT-SC-006,scene_construction,False,3288
0.0,0.00063644,1.0,True,easy,8b7d4695f32523c96c79e649252f6f7b9f85eab9a7f6973a565553a740c47c5f,evaluator_v2.3,1.0,20363.8,3,SingleAgent-AllTools,1.0,1.0,0.6667,EXT-SC-006,scene_construction,False,3534
0.0,0.0,1.0,False,medium,8b7d4695f32523c96c79e649252f6f7b9f85eab9a7f6973a565553a740c47c5f,evaluator_v2.3,1.0,0.0,0,SingleAgent-AllTools,1.0,0.0,1.0,EXT-RR-025,rule_repair,False,0
1.0,0.00018536,1.0,True,medium,8b7d4695f32523c96c79e649252f6f7b9f85eab9a7f6973a565553a740c47c5f,evaluator_v2.3,1.0,1241.2,1,KAFarmTwin-TypedRepair,1.0,1.0,1.0,EXT-RR-025,rule_repair,False,1317
1.0,0.00054796,1.0,True,hard,8b7d4695f32523c96c79e649252f6f7b9f85eab9a7f6973a565553a740c47c5f,evaluator_v2.3,1.0,6906.8,2,KAFarmTwin-TypedRepair,1.0,1.0,1.0,EXT-DB-055,data_binding,False,3620
1.0,0.00026586,1.0,True,hard,8b7d4695f32523c96c79e649252f6f7b9f85eab9a7f6973a565553a740c47c5f,evaluator_v2.3,1.0,8773.7,1,SingleAgent-AllTools,1.0,1.0,0.0,EXT-DB-055,data_binding,False,1462
0.0,0.0,1.0,True,hard,8b7d4695f32523c96c79e649252f6f7b9f85eab9a7f6973a565553a740c47c5f,evaluator_v2.3,1.0,3.3,0,SingleAgent-AllTools,0.0,0.0,0.0,EXT-MQ-052,memory_query,False,0
0.0,0.0,1.0,True,hard,8b7d4695f32523c96c79e649252f6f7b9f85eab9a7f6973a565553a740c47c5f,evaluator_v2.3,1.0,2.9,0,KAFarmTwin-TypedRepair,0.0,0.0,0.0,EXT-MQ-052,memory_query,False,0
1.0,0.00018844,1.0,True,medium,8b7d4695f32523c96c79e649252f6f7b9f85eab9a7f6973a565553a740c47c5f,evaluator_v2.3,1.0,1319.5,1,KAFarmTwin-TypedRepair,1.0,1.0,1.0,EXT-RR-036,rule_repair,False,1339
0.0,0.0,1.0,False,medium,8b7d4695f32523c96c79e649252f6f7b9f85eab9a7f6973a565553a740c47c5f,evaluator_v2.3,1.0,0.0,0,SingleAgent-AllTools,1.0,0.0,1.0,EXT-RR-036,rule_repair,False,0
0.0,0.00044422,1.0,False,easy,8b7d4695f32523c96c79e649252f6f7b9f85eab9a7f6973a565553a740c47c5f,evaluator_v2.3,0.0,31763.2,1,SingleAgent-AllTools,0.0,0.0,0.0,EXT-AR-004,asset_routing,False,1973
1.0,0.00033067999999999997,1.0,False,easy,8b7d4695f32523c96c79e649252f6f7b9f85eab9a7f6973a565553a740c47c5f,evaluator_v2.3,1.0,4251.4,2,KAFarmTwin-TypedRepair,0.2667,1.0,1.0,EXT-AR-004,asset_routing,False,2211
1.0,0.00020314,1.0,True,hard,8b7d4695f32523c96c79e649252f6f7b9f85eab9a7f6973a565553a740c47c5f,evaluator_v2.3,1.0,965.4,1,KAFarmTwin-TypedRepair,1.0,1.0,1.0,EXT-RR-050,rule_repair,False,1444
0.0,0.0,1.0,False,hard,8b7d4695f32523c96c79e649252f6f7b9f85eab9a7f6973a565553a740c47c5f,evaluator_v2.3,1.0,0.0,0,SingleAgent-AllTools,1.0,0.0,1.0,EXT-RR-050,rule_repair,False,0
0.0,0.00079674,1.0,False,medium,8b7d4695f32523c96c79e649252f6f7b9f85eab9a7f6973a565553a740c47c5f,evaluator_v2.3,1.0,28401.6,3,SingleAgent-AllTools,0.8571,0.4286,0.8333,EXT-AR-043,asset_routing,False,4153
0.8571,0.00037996,1.0,False,medium,8b7d4695f32523c96c79e649252f6f7b9f85eab9a7f6973a565553a740c47c5f,evaluator_v2.3,1.0,6486.0,2,KAFarmTwin-TypedRepair,0.2632,0.75,1.0,EXT-AR-043,asset_routing,False,2480
0.0,0.0,1.0,True,easy,8b7d4695f32523c96c79e649252f6f7b9f85eab9a7f6973a565553a740c47c5f,evaluator_v2.3,1.0,1.6,0,KAFarmTwin-TypedRepair,0.0,0.0,0.0,EXT-MQ-014,memory_query,False,0
0.0,0.0,1.0,True,easy,8b7d4695f32523c96c79e649252f6f7b9f85eab9a7f6973a565553a740c47c5f,evaluator_v2.3,1.0,1.3,0,SingleAgent-AllTools,0.0,0.0,0.0,EXT-MQ-014,memory_query,False,0
0.0,0.00044674,0.0,False,medium,8b7d4695f32523c96c79e649252f6f7b9f85eab9a7f6973a565553a740c47c5f,evaluator_v2.3,0.0,20682.9,1,SingleAgent-AllTools,0.0,0.0,0.0,EXT-AR-026,asset_routing,False,1991
0.8571,0.00038303999999999996,1.0,False,medium,8b7d4695f32523c96c79e649252f6f7b9f85eab9a7f6973a565553a740c47c5f,evaluator_v2.3,1.0,6701.3,2,KAFarmTwin-TypedRepair,0.9688,0.75,1.0,EXT-AR-026,asset_routing,False,2494
1.0,0.0004669,1.0,True,medium,8b7d4695f32523c96c79e649252f6f7b9f85eab9a7f6973a565553a740c47c5f,evaluator_v2.3,1.0,9670.9,2,KAFarmTwin-TypedRepair,1.0,1.0,1.0,EXT-DB-039,data_binding,False,3039
1.0,0.0002142,1.0,True,medium,8b7d4695f32523c96c79e649252f6f7b9f85eab9a7f6973a565553a740c47c5f,evaluator_v2.3,1.0,6524.6,1,SingleAgent-AllTools,1.0,1.0,0.0,EXT-DB-039,data_binding,False,1241
0.0,0.0005378799999999999,1.0,False,hard,8b7d4695f32523c96c79e649252f6f7b9f85eab9a7f6973a565553a740c47c5f,evaluator_v2.3,1.0,15201.3,3,SingleAgent-AllTools,0.9897,0.6667,0.5714,EXT-SC-052,scene_construction,False,3168
0.0,0.00098588,1.0,False,hard,8b7d4695f32523c96c79e649252f6f7b9f85eab9a7f6973a565553a740c47c5f,evaluator_v2.3,1.0,40048.6,3,KAFarmTwin-TypedRepair,0.9897,0.381,1.0,EXT-SC-052,scene_construction,False,4813
0.0,0.00064848,1.0,False,medium,8b7d4695f32523c96c79e649252f6f7b9f85eab9a7f6973a565553a740c47c5f,evaluator_v2.3,1.0,19654.3,3,KAFarmTwin-TypedRepair,1.0,0.5714,1.0,EXT-SC-025,scene_construction,False,3592
0.0,0.00078148,1.0,True,medium,8b7d4695f32523c96c79e649252f6f7b9f85eab9a7f6973a565553a740c47c5f,evaluator_v2.3,1.0,28488.6,3,SingleAgent-AllTools,1.0,0.7143,0.7273,EXT-SC-025,scene_construction,False,4073
0.0,0.0,1.0,True,hard,8b7d4695f32523c96c79e649252f6f7b9f85eab9a7f6973a565553a740c47c5f,evaluator_v2.3,1.0,2.7,0,SingleAgent-AllTools,0.0,0.0,0.0,EXT-MQ-050,memory_query,False,0
0.0,0.0,1.0,True,hard,8b7d4695f32523c96c79e649252f6f7b9f85eab9a7f6973a565553a740c47c5f,evaluator_v2.3,1.0,1.9,0,KAFarmTwin-TypedRepair,0.0,0.0,0.0,EXT-MQ-050,memory_query,False,0
0.7273,0.00112742,1.0,False,hard,8b7d4695f32523c96c79e649252f6f7b9f85eab9a7f6973a565553a740c47c5f,evaluator_v2.3,1.0,21603.3,4,KAFarmTwin-TypedRepair,0.9302,0.7273,1.0,EXT-AR-050,asset_routing,False,7418
0.0,0.00044702,0.0,False,hard,8b7d4695f32523c96c79e649252f6f7b9f85eab9a7f6973a565553a740c47c5f,evaluator_v2.3,0.0,21489.4,1,SingleAgent-AllTools,0.0,0.0,0.0,EXT-AR-050,asset_routing,False,1993
1.0,0.00023114,1.0,True,medium,8b7d4695f32523c96c79e649252f6f7b9f85eab9a7f6973a565553a740c47c5f,evaluator_v2.3,1.0,6838.1,1,SingleAgent-AllTools,1.0,1.0,0.0,EXT-DB-029,data_binding,False,1302
1.0,0.00045052000000000004,1.0,True,medium,8b7d4695f32523c96c79e649252f6f7b9f85eab9a7f6973a565553a740c47c5f,evaluator_v2.3,1.0,9971.1,2,KAFarmTwin-TypedRepair,1.0,1.0,1.0,EXT-DB-029,data_binding,False,2972
0.0,0.0,1.0,True,easy,8b7d4695f32523c96c79e649252f6f7b9f85eab9a7f6973a565553a740c47c5f,evaluator_v2.3,1.0,1.9,0,KAFarmTwin-TypedRepair,0.0,0.0,0.0,EXT-MQ-011,memory_query,False,0
0.0,0.0,1.0,True,easy,8b7d4695f32523c96c79e649252f6f7b9f85eab9a7f6973a565553a740c47c5f,evaluator_v2.3,1.0,1.5,0,SingleAgent-AllTools,0.0,0.0,0.0,EXT-MQ-011,memory_query,False,0
0.0,0.00058856,1.0,False,medium,8b7d4695f32523c96c79e649252f6f7b9f85eab9a7f6973a565553a740c47c5f,evaluator_v2.3,1.0,18369.8,3,SingleAgent-AllTools,1.0,0.5714,0.7273,EXT-SC-037,scene_construction,False,3389
0.0,0.0007632800000000001,1.0,True,medium,8b7d4695f32523c96c79e649252f6f7b9f85eab9a7f6973a565553a740c47c5f,evaluator_v2.3,1.0,26721.0,3,KAFarmTwin-TypedRepair,1.0,0.9091,1.0,EXT-SC-037,scene_construction,False,3972
1.0,0.00018452,1.0,True,medium,8b7d4695f32523c96c79e649252f6f7b9f85eab9a7f6973a565553a740c47c5f,evaluator_v2.3,1.0,2061.5,1,KAFarmTwin-TypedRepair,1.0,1.0,1.0,EXT-RR-043,rule_repair,False,1307
0.0,0.0,1.0,False,medium,8b7d4695f32523c96c79e649252f6f7b9f85eab9a7f6973a565553a740c47c5f,evaluator_v2.3,1.0,0.0,0,SingleAgent-AllTools,1.0,0.0,1.0,EXT-RR-043,rule_repair,False,0
0.0,0.0,1.0,True,medium,8b7d4695f32523c96c79e649252f6f7b9f85eab9a7f6973a565553a740c47c5f,evaluator_v2.3,1.0,2.3,0,SingleAgent-AllTools,0.0,0.0,0.0,EXT-MQ-017,memory_query,False,0
0.0,0.0,1.0,True,medium,8b7d4695f32523c96c79e649252f6f7b9f85eab9a7f6973a565553a740c47c5f,evaluator_v2.3,1.0,1.9,0,KAFarmTwin-TypedRepair,0.0,0.0,0.0,EXT-MQ-017,memory_query,False,0
0.0,0.0006410599999999999,1.0,True,easy,8b7d4695f32523c96c79e649252f6f7b9f85eab9a7f6973a565553a740c47c5f,evaluator_v2.3,1.0,22119.2,3,KAFarmTwin-TypedRepair,1.0,1.0,1.0,EXT-SC-014,scene_construction,False,3544
0.0,0.00059346,1.0,True,easy,8b7d4695f32523c96c79e649252f6f7b9f85eab9a7f6973a565553a740c47c5f,evaluator_v2.3,1.0,22300.3,3,SingleAgent-AllTools,1.0,0.8889,0.6667,EXT-SC-014,scene_construction,False,3374
0.0,0.00058982,1.0,True,easy,8b7d4695f32523c96c79e649252f6f7b9f85eab9a7f6973a565553a740c47c5f,evaluator_v2.3,1.0,17259.3,3,SingleAgent-AllTools,1.0,1.0,0.6667,EXT-SC-013,scene_construction,False,3348
0.0,0.00077182,1.0,False,easy,8b7d4695f32523c96c79e649252f6f7b9f85eab9a7f6973a565553a740c47c5f,evaluator_v2.3,1.0,29362.7,3,KAFarmTwin-TypedRepair,1.0,0.6,1.0,EXT-SC-013,scene_construction,False,4017
1.0,0.00017318,1.0,True,easy,8b7d4695f32523c96c79e649252f6f7b9f85eab9a7f6973a565553a740c47c5f,evaluator_v2.3,1.0,950.0,1,KAFarmTwin-TypedRepair,1.0,1.0,1.0,EXT-RR-012,rule_repair,False,1230
0.0,0.0,1.0,False,easy,8b7d4695f32523c96c79e649252f6f7b9f85eab9a7f6973a565553a740c47c5f,evaluator_v2.3,1.0,0.1,0,SingleAgent-AllTools,1.0,0.0,1.0,EXT-RR-012,rule_repair,False,0
1.0,0.00017234,1.0,True,easy,8b7d4695f32523c96c79e649252f6f7b9f85eab9a7f6973a565553a740c47c5f,evaluator_v2.3,1.0,3908.5,1,SingleAgent-AllTools,1.0,1.0,0.0,EXT-DB-012,data_binding,False,1051
1.0,0.00036778,1.0,True,easy,8b7d4695f32523c96c79e649252f6f7b9f85eab9a7f6973a565553a740c47c5f,evaluator_v2.3,1.0,4628.2,2,KAFarmTwin-TypedRepair,1.0,1.0,1.0,EXT-DB-012,data_binding,False,2440
1.0,0.000189,1.0,True,medium,8b7d4695f32523c96c79e649252f6f7b9f85eab9a7f6973a565553a740c47c5f,evaluator_v2.3,1.0,1401.5,1,KAFarmTwin-TypedRepair,1.0,1.0,1.0,EXT-RR-044,rule_repair,False,1343
0.0,0.0,1.0,False,medium,8b7d4695f32523c96c79e649252f6f7b9f85eab9a7f6973a565553a740c47c5f,evaluator_v2.3,1.0,0.0,0,SingleAgent-AllTools,1.0,0.0,1.0,EXT-RR-044,rule_repair,False,0
1.0,0.0001764,1.0,True,easy,8b7d4695f32523c96c79e649252f6f7b9f85eab9a7f6973a565553a740c47c5f,evaluator_v2.3,1.0,3855.3,1,SingleAgent-AllTools,1.0,1.0,0.0,EXT-DB-004,data_binding,False,1070
0.5,0.00036722,1.0,False,easy,8b7d4695f32523c96c79e649252f6f7b9f85eab9a7f6973a565553a740c47c5f,evaluator_v2.3,1.0,5187.9,2,KAFarmTwin-TypedRepair,1.0,1.0,1.0,EXT-DB-004,data_binding,False,2446
0.0,0.00059276,1.0,True,hard,8b7d4695f32523c96c79e649252f6f7b9f85eab9a7f6973a565553a740c47c5f,evaluator_v2.3,1.0,17030.5,3,KAFarmTwin-TypedRepair,1.0,1.0,1.0,EXT-SC-047,scene_construction,False,3385
0.0,0.00074452,1.0,True,hard,8b7d4695f32523c96c79e649252f6f7b9f85eab9a7f6973a565553a740c47c5f,evaluator_v2.3,1.0,27206.8,3,SingleAgent-AllTools,1.0,1.0,0.625,EXT-SC-047,scene_construction,False,3924
0.0,0.0,1.0,False,easy,8b7d4695f32523c96c79e649252f6f7b9f85eab9a7f6973a565553a740c47c5f,evaluator_v2.3,1.0,0.0,0,SingleAgent-AllTools,1.0,0.0,1.0,EXT-RR-005,rule_repair,False,0
1.0,0.00017066,1.0,True,easy,8b7d4695f32523c96c79e649252f6f7b9f85eab9a7f6973a565553a740c47c5f,evaluator_v2.3,1.0,1401.8,1,KAFarmTwin-TypedRepair,1.0,1.0,1.0,EXT-RR-005,rule_repair,False,1208
1.0,0.00039102,1.0,True,hard,8b7d4695f32523c96c79e649252f6f7b9f85eab9a7f6973a565553a740c47c5f,evaluator_v2.3,1.0,4622.2,2,KAFarmTwin-TypedRepair,1.0,1.0,1.0,EXT-AR-046,asset_routing,False,2631
0.0,0.00044744,0.0,False,hard,8b7d4695f32523c96c79e649252f6f7b9f85eab9a7f6973a565553a740c47c5f,evaluator_v2.3,0.0,21419.4,1,SingleAgent-AllTools,0.0,0.0,0.0,EXT-AR-046,asset_routing,False,1996
0.0,0.00044716,0.0,False,hard,8b7d4695f32523c96c79e649252f6f7b9f85eab9a7f6973a565553a740c47c5f,evaluator_v2.3,0.0,19547.4,1,SingleAgent-AllTools,0.0,0.0,0.0,EXT-AR-057,asset_routing,False,1994
0.8,0.00042014,1.0,False,hard,8b7d4695f32523c96c79e649252f6f7b9f85eab9a7f6973a565553a740c47c5f,evaluator_v2.3,1.0,7413.6,2,KAFarmTwin-TypedRepair,0.9091,0.6,1.0,EXT-AR-057,asset_routing,False,2702
1.0,0.0003325,1.0,True,easy,8b7d4695f32523c96c79e649252f6f7b9f85eab9a7f6973a565553a740c47c5f,evaluator_v2.3,1.0,4743.1,2,KAFarmTwin-TypedRepair,1.0,1.0,1.0,EXT-AR-015,asset_routing,False,2217
0.0,0.00044352,1.0,False,easy,8b7d4695f32523c96c79e649252f6f7b9f85eab9a7f6973a565553a740c47c5f,evaluator_v2.3,0.0,20608.9,1,SingleAgent-AllTools,0.0,0.0,0.0,EXT-AR-015,asset_routing,False,1968
0.0,0.0,1.0,False,medium,8b7d4695f32523c96c79e649252f6f7b9f85eab9a7f6973a565553a740c47c5f,evaluator_v2.3,1.0,0.0,0,SingleAgent-AllTools,1.0,0.0,1.0,EXT-RR-018,rule_repair,False,0
1.0,0.00018816,1.0,True,medium,8b7d4695f32523c96c79e649252f6f7b9f85eab9a7f6973a565553a740c47c5f,evaluator_v2.3,1.0,890.2,1,KAFarmTwin-TypedRepair,1.0,1.0,1.0,EXT-RR-018,rule_repair,False,1337
0.0,0.0,1.0,True,medium,8b7d4695f32523c96c79e649252f6f7b9f85eab9a7f6973a565553a740c47c5f,evaluator_v2.3,1.0,2.1,0,KAFarmTwin-TypedRepair,0.0,0.0,0.0,EXT-MQ-030,memory_query,False,0
0.0,0.0,1.0,True,medium,8b7d4695f32523c96c79e649252f6f7b9f85eab9a7f6973a565553a740c47c5f,evaluator_v2.3,1.0,1.7,0,SingleAgent-AllTools,0.0,0.0,0.0,EXT-MQ-030,memory_query,False,0
0.0,0.0,1.0,True,medium,8b7d4695f32523c96c79e649252f6f7b9f85eab9a7f6973a565553a740c47c5f,evaluator_v2.3,1.0,1.5,0,SingleAgent-AllTools,0.0,0.0,0.0,EXT-MQ-022,memory_query,False,0
0.0,0.0,1.0,True,medium,8b7d4695f32523c96c79e649252f6f7b9f85eab9a7f6973a565553a740c47c5f,evaluator_v2.3,1.0,1.2,0,KAFarmTwin-TypedRepair,0.0,0.0,0.0,EXT-MQ-022,memory_query,False,0
1.0,0.00020076,1.0,True,hard,8b7d4695f32523c96c79e649252f6f7b9f85eab9a7f6973a565553a740c47c5f,evaluator_v2.3,1.0,994.8,1,KAFarmTwin-TypedRepair,1.0,1.0,1.0,EXT-RR-053,rule_repair,False,1427
0.0,0.0,1.0,False,hard,8b7d4695f32523c96c79e649252f6f7b9f85eab9a7f6973a565553a740c47c5f,evaluator_v2.3,1.0,0.0,0,SingleAgent-AllTools,1.0,0.0,1.0,EXT-RR-053,rule_repair,False,0
0.0,0.00096208,1.0,False,medium,8b7d4695f32523c96c79e649252f6f7b9f85eab9a7f6973a565553a740c47c5f,evaluator_v2.3,1.0,39347.4,3,SingleAgent-AllTools,0.1887,0.4286,0.6667,EXT-AR-024,asset_routing,False,4740
1.0,0.00036218000000000003,1.0,False,medium,8b7d4695f32523c96c79e649252f6f7b9f85eab9a7f6973a565553a740c47c5f,evaluator_v2.3,1.0,5053.2,2,KAFarmTwin-TypedRepair,0.2083,1.0,1.0,EXT-AR-024,asset_routing,False,2445
0.0,0.0,1.0,True,medium,8b7d4695f32523c96c79e649252f6f7b9f85eab9a7f6973a565553a740c47c5f,evaluator_v2.3,1.0,2.2,0,KAFarmTwin-TypedRepair,0.0,0.0,0.0,EXT-MQ-034,memory_query,False,0
0.0,0.0,1.0,True,medium,8b7d4695f32523c96c79e649252f6f7b9f85eab9a7f6973a565553a740c47c5f,evaluator_v2.3,1.0,1.4,0,SingleAgent-AllTools,0.0,0.0,0.0,EXT-MQ-034,memory_query,False,0
0.0,0.00044814,0.0,False,hard,8b7d4695f32523c96c79e649252f6f7b9f85eab9a7f6973a565553a740c47c5f,evaluator_v2.3,0.0,21842.0,1,SingleAgent-AllTools,0.0,0.0,0.0,EXT-AR-049,asset_routing,False,2001
0.8,0.00042462,1.0,False,hard,8b7d4695f32523c96c79e649252f6f7b9f85eab9a7f6973a565553a740c47c5f,evaluator_v2.3,1.0,8108.2,2,KAFarmTwin-TypedRepair,0.2941,0.6,1.0,EXT-AR-049,asset_routing,False,2726
0.0,0.0006934199999999999,1.0,True,medium,8b7d4695f32523c96c79e649252f6f7b9f85eab9a7f6973a565553a740c47c5f,evaluator_v2.3,1.0,25010.4,3,KAFarmTwin-TypedRepair,1.0,0.5882,1.0,EXT-SC-016,scene_construction,False,3752
0.0,0.0006455399999999999,1.0,True,medium,8b7d4695f32523c96c79e649252f6f7b9f85eab9a7f6973a565553a740c47c5f,evaluator_v2.3,1.0,21367.6,3,SingleAgent-AllTools,1.0,1.0,0.5714,EXT-SC-016,scene_construction,False,3563
1.0,0.00020048,1.0,True,medium,8b7d4695f32523c96c79e649252f6f7b9f85eab9a7f6973a565553a740c47c5f,evaluator_v2.3,1.0,5780.7,1,SingleAgent-AllTools,1.0,1.0,0.0,EXT-DB-020,data_binding,False,1169
0.6667,0.00041594,1.0,False,medium,8b7d4695f32523c96c79e649252f6f7b9f85eab9a7f6973a565553a740c47c5f,evaluator_v2.3,1.0,6405.8,2,KAFarmTwin-TypedRepair,1.0,1.0,1.0,EXT-DB-020,data_binding,False,2718
0.8571,0.00037688,1.0,False,medium,8b7d4695f32523c96c79e649252f6f7b9f85eab9a7f6973a565553a740c47c5f,evaluator_v2.3,1.0,5659.4,2,KAFarmTwin-TypedRepair,0.9714,0.75,1.0,EXT-AR-020,asset_routing,False,2510
0.0,0.00044674,0.0,False,medium,8b7d4695f32523c96c79e649252f6f7b9f85eab9a7f6973a565553a740c47c5f,evaluator_v2.3,0.0,21518.0,1,SingleAgent-AllTools,0.0,0.0,0.0,EXT-AR-020,asset_routing,False,1991
0.0,0.0,1.0,False,easy,8b7d4695f32523c96c79e649252f6f7b9f85eab9a7f6973a565553a740c47c5f,evaluator_v2.3,1.0,0.0,0,SingleAgent-AllTools,1.0,0.0,1.0,EXT-RR-010,rule_repair,False,0
1.0,0.00016968,1.0,True,easy,8b7d4695f32523c96c79e649252f6f7b9f85eab9a7f6973a565553a740c47c5f,evaluator_v2.3,1.0,1036.2,1,KAFarmTwin-TypedRepair,1.0,1.0,1.0,EXT-RR-010,rule_repair,False,1201
1.0,0.00017108,1.0,True,easy,8b7d4695f32523c96c79e649252f6f7b9f85eab9a7f6973a565553a740c47c5f,evaluator_v2.3,1.0,1121.8,1,KAFarmTwin-TypedRepair,1.0,1.0,1.0,EXT-RR-006,rule_repair,False,1215
0.0,0.0,1.0,False,easy,8b7d4695f32523c96c79e649252f6f7b9f85eab9a7f6973a565553a740c47c5f,evaluator_v2.3,1.0,0.0,0,SingleAgent-AllTools,1.0,0.0,1.0,EXT-RR-006,rule_repair,False,0
0.0,0.00044352,1.0,False,easy,8b7d4695f32523c96c79e649252f6f7b9f85eab9a7f6973a565553a740c47c5f,evaluator_v2.3,0.0,20809.6,1,SingleAgent-AllTools,0.0,0.0,0.0,EXT-AR-010,asset_routing,False,1968
1.0,0.0003325,1.0,True,easy,8b7d4695f32523c96c79e649252f6f7b9f85eab9a7f6973a565553a740c47c5f,evaluator_v2.3,1.0,4391.8,2,KAFarmTwin-TypedRepair,1.0,1.0,1.0,EXT-AR-010,asset_routing,False,2217
0.0,0.00060172,1.0,True,easy,8b7d4695f32523c96c79e649252f6f7b9f85eab9a7f6973a565553a740c47c5f,evaluator_v2.3,1.0,18473.4,3,KAFarmTwin-TypedRepair,1.0,0.8889,1.0,EXT-SC-012,scene_construction,False,3405
0.0,0.0006731199999999999,1.0,True,easy,8b7d4695f32523c96c79e649252f6f7b9f85eab9a7f6973a565553a740c47c5f,evaluator_v2.3,1.0,27878.9,3,SingleAgent-AllTools,0.96,1.0,0.5714,EXT-SC-012,scene_construction,False,3670
0.0,0.0,1.0,False,medium,8b7d4695f32523c96c79e649252f6f7b9f85eab9a7f6973a565553a740c47c5f,evaluator_v2.3,1.0,0.0,0,SingleAgent-AllTools,1.0,0.0,1.0,EXT-RR-032,rule_repair,False,0
1.0,0.00018942,1.0,True,medium,8b7d4695f32523c96c79e649252f6f7b9f85eab9a7f6973a565553a740c47c5f,evaluator_v2.3,1.0,997.6,1,KAFarmTwin-TypedRepair,1.0,1.0,1.0,EXT-RR-032,rule_repair,False,1346
0.0,0.00085078,1.0,True,hard,8b7d4695f32523c96c79e649252f6f7b9f85eab9a7f6973a565553a740c47c5f,evaluator_v2.3,1.0,35670.1,3,KAFarmTwin-TypedRepair,1.0,1.0,1.0,EXT-SC-055,scene_construction,False,4301
0.0,0.00061418,1.0,True,hard,8b7d4695f32523c96c79e649252f6f7b9f85eab9a7f6973a565553a740c47c5f,evaluator_v2.3,1.0,25722.6,3,SingleAgent-AllTools,1.0,1.0,0.625,EXT-SC-055,scene_construction,False,3462
0.0,0.0,1.0,False,medium,8b7d4695f32523c96c79e649252f6f7b9f85eab9a7f6973a565553a740c47c5f,evaluator_v2.3,1.0,0.0,0,SingleAgent-AllTools,1.0,0.0,1.0,EXT-RR-045,rule_repair,False,0
1.0,0.00018648,1.0,True,medium,8b7d4695f32523c96c79e649252f6f7b9f85eab9a7f6973a565553a740c47c5f,evaluator_v2.3,1.0,1028.8,1,KAFarmTwin-TypedRepair,1.0,1.0,1.0,EXT-RR-045,rule_repair,False,1321
1.0,0.00059066,1.0,True,hard,8b7d4695f32523c96c79e649252f6f7b9f85eab9a7f6973a565553a740c47c5f,evaluator_v2.3,1.0,13063.2,2,KAFarmTwin-TypedRepair,1.0,1.0,1.0,EXT-DB-051,data_binding,False,3770
0.6667,0.00026096,1.0,False,hard,8b7d4695f32523c96c79e649252f6f7b9f85eab9a7f6973a565553a740c47c5f,evaluator_v2.3,1.0,7587.6,1,SingleAgent-AllTools,1.0,1.0,0.0,EXT-DB-051,data_binding,False,1444
1.0,0.00020412,1.0,True,medium,8b7d4695f32523c96c79e649252f6f7b9f85eab9a7f6973a565553a740c47c5f,evaluator_v2.3,1.0,5201.7,1,SingleAgent-AllTools,1.0,1.0,0.0,EXT-DB-044,data_binding,False,1186
1.0,0.00040753999999999996,1.0,True,medium,8b7d4695f32523c96c79e649252f6f7b9f85eab9a7f6973a565553a740c47c5f,evaluator_v2.3,1.0,5222.9,2,KAFarmTwin-TypedRepair,1.0,1.0,1.0,EXT-DB-044,data_binding,False,2712
1.0,0.00041132,1.0,True,medium,8b7d4695f32523c96c79e649252f6f7b9f85eab9a7f6973a565553a740c47c5f,evaluator_v2.3,1.0,5785.8,2,KAFarmTwin-TypedRepair,1.0,1.0,1.0,EXT-DB-042,data_binding,False,2712
1.0,0.00018886,1.0,True,medium,8b7d4695f32523c96c79e649252f6f7b9f85eab9a7f6973a565553a740c47c5f,evaluator_v2.3,1.0,4540.0,1,SingleAgent-AllTools,1.0,1.0,0.0,EXT-DB-042,data_binding,False,1130
0.0,0.0004438,1.0,False,easy,8b7d4695f32523c96c79e649252f6f7b9f85eab9a7f6973a565553a740c47c5f,evaluator_v2.3,0.0,20967.2,1,SingleAgent-AllTools,0.0,0.0,0.0,EXT-AR-003,asset_routing,False,1970
1.0,0.00032998,1.0,False,easy,8b7d4695f32523c96c79e649252f6f7b9f85eab9a7f6973a565553a740c47c5f,evaluator_v2.3,1.0,4326.8,2,KAFarmTwin-TypedRepair,0.2692,1.0,1.0,EXT-AR-003,asset_routing,False,2206
1.0,0.00041398,1.0,True,medium,8b7d4695f32523c96c79e649252f6f7b9f85eab9a7f6973a565553a740c47c5f,evaluator_v2.3,1.0,5983.6,2,KAFarmTwin-TypedRepair,1.0,1.0,1.0,EXT-DB-038,data_binding,False,2727
1.0,0.0001904,1.0,True,medium,8b7d4695f32523c96c79e649252f6f7b9f85eab9a7f6973a565553a740c47c5f,evaluator_v2.3,1.0,4478.6,1,SingleAgent-AllTools,1.0,1.0,0.0,EXT-DB-038,data_binding,False,1137
0.0,0.0,1.0,False,hard,8b7d4695f32523c96c79e649252f6f7b9f85eab9a7f6973a565553a740c47c5f,evaluator_v2.3,1.0,0.1,0,SingleAgent-AllTools,1.0,0.0,1.0,EXT-RR-057,rule_repair,False,0
1.0,0.00020118,1.0,True,hard,8b7d4695f32523c96c79e649252f6f7b9f85eab9a7f6973a565553a740c47c5f,evaluator_v2.3,1.0,945.6,1,KAFarmTwin-TypedRepair,1.0,1.0,1.0,EXT-RR-057,rule_repair,False,1430
0.8571,0.00038009999999999997,1.0,False,medium,8b7d4695f32523c96c79e649252f6f7b9f85eab9a7f6973a565553a740c47c5f,evaluator_v2.3,1.0,6416.5,2,KAFarmTwin-TypedRepair,0.3462,0.75,1.0,EXT-AR-023,asset_routing,False,2478
0.0,0.00044702,0.0,False,medium,8b7d4695f32523c96c79e649252f6f7b9f85eab9a7f6973a565553a740c47c5f,evaluator_v2.3,0.0,20664.7,1,SingleAgent-AllTools,0.0,0.0,0.0,EXT-AR-023,asset_routing,False,1993
0.0,0.0,1.0,True,hard,8b7d4695f32523c96c79e649252f6f7b9f85eab9a7f6973a565553a740c47c5f,evaluator_v2.3,1.0,3.2,0,SingleAgent-AllTools,0.0,0.0,0.0,EXT-MQ-053,memory_query,False,0
0.0,0.0,1.0,True,hard,8b7d4695f32523c96c79e649252f6f7b9f85eab9a7f6973a565553a740c47c5f,evaluator_v2.3,1.0,1.9,0,KAFarmTwin-TypedRepair,0.0,0.0,0.0,EXT-MQ-053,memory_query,False,0
0.8571,0.00037562,1.0,False,medium,8b7d4695f32523c96c79e649252f6f7b9f85eab9a7f6973a565553a740c47c5f,evaluator_v2.3,1.0,5077.3,2,KAFarmTwin-TypedRepair,0.9697,0.75,1.0,EXT-AR-033,asset_routing,False,2474
0.0,0.00044688,0.0,False,medium,8b7d4695f32523c96c79e649252f6f7b9f85eab9a7f6973a565553a740c47c5f,evaluator_v2.3,0.0,21655.3,1,SingleAgent-AllTools,0.0,0.0,0.0,EXT-AR-033,asset_routing,False,1992
0.0,0.0,1.0,False,hard,8b7d4695f32523c96c79e649252f6f7b9f85eab9a7f6973a565553a740c47c5f,evaluator_v2.3,1.0,0.0,0,SingleAgent-AllTools,1.0,0.0,1.0,EXT-RR-047,rule_repair,False,0
1.0,0.00019978,1.0,True,hard,8b7d4695f32523c96c79e649252f6f7b9f85eab9a7f6973a565553a740c47c5f,evaluator_v2.3,1.0,1143.5,1,KAFarmTwin-TypedRepair,1.0,1.0,1.0,EXT-RR-047,rule_repair,False,1420
0.0,0.0,1.0,True,easy,8b7d4695f32523c96c79e649252f6f7b9f85eab9a7f6973a565553a740c47c5f,evaluator_v2.3,1.0,1.6,0,KAFarmTwin-TypedRepair,0.0,0.0,0.0,EXT-MQ-002,memory_query,False,0
0.0,0.0,1.0,True,easy,8b7d4695f32523c96c79e649252f6f7b9f85eab9a7f6973a565553a740c47c5f,evaluator_v2.3,1.0,1.4,0,SingleAgent-AllTools,0.0,0.0,0.0,EXT-MQ-002,memory_query,False,0
0.0,0.0,1.0,False,medium,8b7d4695f32523c96c79e649252f6f7b9f85eab9a7f6973a565553a740c47c5f,evaluator_v2.3,1.0,0.0,0,SingleAgent-AllTools,1.0,0.0,1.0,EXT-RR-027,rule_repair,False,0
1.0,0.0001841,1.0,True,medium,8b7d4695f32523c96c79e649252f6f7b9f85eab9a7f6973a565553a740c47c5f,evaluator_v2.3,1.0,1002.0,1,KAFarmTwin-TypedRepair,1.0,1.0,1.0,EXT-RR-027,rule_repair,False,1308
1.0,0.00032914,1.0,True,easy,8b7d4695f32523c96c79e649252f6f7b9f85eab9a7f6973a565553a740c47c5f,evaluator_v2.3,1.0,4046.6,2,KAFarmTwin-TypedRepair,1.0,1.0,1.0,EXT-AR-006,asset_routing,False,2231
0.0,0.00076734,1.0,False,easy,8b7d4695f32523c96c79e649252f6f7b9f85eab9a7f6973a565553a740c47c5f,evaluator_v2.3,1.0,31014.8,3,SingleAgent-AllTools,0.9552,0.5,0.6667,EXT-AR-006,asset_routing,False,3980
0.0,0.0,1.0,True,medium,8b7d4695f32523c96c79e649252f6f7b9f85eab9a7f6973a565553a740c47c5f,evaluator_v2.3,1.0,2.3,0,SingleAgent-AllTools,0.0,0.0,0.0,EXT-MQ-027,memory_query,False,0
0.0,0.0,1.0,True,medium,8b7d4695f32523c96c79e649252f6f7b9f85eab9a7f6973a565553a740c47c5f,evaluator_v2.3,1.0,1.7,0,KAFarmTwin-TypedRepair,0.0,0.0,0.0,EXT-MQ-027,memory_query,False,0
1.0,0.00041496,1.0,True,medium,8b7d4695f32523c96c79e649252f6f7b9f85eab9a7f6973a565553a740c47c5f,evaluator_v2.3,1.0,5534.8,2,KAFarmTwin-TypedRepair,1.0,1.0,1.0,EXT-DB-034,data_binding,False,2733
1.0,0.00019082,1.0,True,medium,8b7d4695f32523c96c79e649252f6f7b9f85eab9a7f6973a565553a740c47c5f,evaluator_v2.3,1.0,4230.6,1,SingleAgent-AllTools,1.0,1.0,0.0,EXT-DB-034,data_binding,False,1139
0.0,0.0,1.0,True,hard,8b7d4695f32523c96c79e649252f6f7b9f85eab9a7f6973a565553a740c47c5f,evaluator_v2.3,1.0,2.6,0,SingleAgent-AllTools,0.0,0.0,0.0,EXT-MQ-055,memory_query,False,0
0.0,0.0,1.0,True,hard,8b7d4695f32523c96c79e649252f6f7b9f85eab9a7f6973a565553a740c47c5f,evaluator_v2.3,1.0,2.5,0,KAFarmTwin-TypedRepair,0.0,0.0,0.0,EXT-MQ-055,memory_query,False,0
1.0,0.00034118,1.0,True,easy,8b7d4695f32523c96c79e649252f6f7b9f85eab9a7f6973a565553a740c47c5f,evaluator_v2.3,1.0,5811.8,2,KAFarmTwin-TypedRepair,1.0,1.0,1.0,EXT-AR-011,asset_routing,False,2280
0.0,0.00044324,1.0,False,easy,8b7d4695f32523c96c79e649252f6f7b9f85eab9a7f6973a565553a740c47c5f,evaluator_v2.3,0.0,20923.2,1,SingleAgent-AllTools,0.0,0.0,0.0,EXT-AR-011,asset_routing,False,1966
0.0,0.0,1.0,False,easy,8b7d4695f32523c96c79e649252f6f7b9f85eab9a7f6973a565553a740c47c5f,evaluator_v2.3,1.0,0.0,0,SingleAgent-AllTools,1.0,0.0,1.0,EXT-RR-007,rule_repair,False,0
1.0,0.00016562,1.0,True,easy,8b7d4695f32523c96c79e649252f6f7b9f85eab9a7f6973a565553a740c47c5f,evaluator_v2.3,1.0,1505.0,1,KAFarmTwin-TypedRepair,1.0,1.0,1.0,EXT-RR-007,rule_repair,False,1176
0.8571,0.00037702000000000005,1.0,False,medium,8b7d4695f32523c96c79e649252f6f7b9f85eab9a7f6973a565553a740c47c5f,evaluator_v2.3,1.0,5716.7,2,KAFarmTwin-TypedRepair,0.2162,0.75,1.0,EXT-AR-034,asset_routing,False,2481
0.0,0.00044688,0.0,False,medium,8b7d4695f32523c96c79e649252f6f7b9f85eab9a7f6973a565553a740c47c5f,evaluator_v2.3,0.0,20859.8,1,SingleAgent-AllTools,0.0,0.0,0.0,EXT-AR-034,asset_routing,False,1992
0.0,0.0,1.0,True,medium,8b7d4695f32523c96c79e649252f6f7b9f85eab9a7f6973a565553a740c47c5f,evaluator_v2.3,1.0,2.1,0,SingleAgent-AllTools,0.0,0.0,0.0,EXT-MQ-036,memory_query,False,0
0.0,0.0,1.0,True,medium,8b7d4695f32523c96c79e649252f6f7b9f85eab9a7f6973a565553a740c47c5f,evaluator_v2.3,1.0,1.7,0,KAFarmTwin-TypedRepair,0.0,0.0,0.0,EXT-MQ-036,memory_query,False,0
0.0,0.0005832400000000001,1.0,True,medium,8b7d4695f32523c96c79e649252f6f7b9f85eab9a7f6973a565553a740c47c5f,evaluator_v2.3,1.0,17928.9,3,KAFarmTwin-TypedRepair,1.0,0.9091,1.0,EXT-SC-038,scene_construction,False,3336
0.0,0.00065716,1.0,True,medium,8b7d4695f32523c96c79e649252f6f7b9f85eab9a7f6973a565553a740c47c5f,evaluator_v2.3,1.0,20108.9,3,SingleAgent-AllTools,1.0,0.9091,0.5714,EXT-SC-038,scene_construction,False,3600
0.0,0.0,1.0,True,hard,8b7d4695f32523c96c79e649252f6f7b9f85eab9a7f6973a565553a740c47c5f,evaluator_v2.3,1.0,1.1,0,SingleAgent-AllTools,0.0,0.0,0.0,EXT-MQ-054,memory_query,False,0
0.0,0.0,1.0,True,hard,8b7d4695f32523c96c79e649252f6f7b9f85eab9a7f6973a565553a740c47c5f,evaluator_v2.3,1.0,1.2,0,KAFarmTwin-TypedRepair,0.0,0.0,0.0,EXT-MQ-054,memory_query,False,0
0.0,0.0,1.0,True,hard,8b7d4695f32523c96c79e649252f6f7b9f85eab9a7f6973a565553a740c47c5f,evaluator_v2.3,1.0,1.4,0,KAFarmTwin-TypedRepair,0.0,0.0,0.0,EXT-MQ-046,memory_query,False,0
0.0,0.0,1.0,True,hard,8b7d4695f32523c96c79e649252f6f7b9f85eab9a7f6973a565553a740c47c5f,evaluator_v2.3,1.0,0.9,0,SingleAgent-AllTools,0.0,0.0,0.0,EXT-MQ-046,memory_query,False,0
1.0,0.00029134,1.0,True,hard,8b7d4695f32523c96c79e649252f6f7b9f85eab9a7f6973a565553a740c47c5f,evaluator_v2.3,1.0,10327.7,1,SingleAgent-AllTools,1.0,1.0,0.0,EXT-DB-053,data_binding,False,1556
1.0,0.00056952,1.0,True,hard,8b7d4695f32523c96c79e649252f6f7b9f85eab9a7f6973a565553a740c47c5f,evaluator_v2.3,1.0,8747.0,2,KAFarmTwin-TypedRepair,1.0,1.0,1.0,EXT-DB-053,data_binding,False,3698
0.0,0.0,1.0,True,easy,8b7d4695f32523c96c79e649252f6f7b9f85eab9a7f6973a565553a740c47c5f,evaluator_v2.3,1.0,2.0,0,KAFarmTwin-TypedRepair,0.0,0.0,0.5,EXT-MQ-012,memory_query,False,0
0.0,0.0,1.0,True,easy,8b7d4695f32523c96c79e649252f6f7b9f85eab9a7f6973a565553a740c47c5f,evaluator_v2.3,1.0,1.5,0,SingleAgent-AllTools,0.0,0.0,0.5,EXT-MQ-012,memory_query,False,0
0.0,0.00073262,1.0,False,hard,8b7d4695f32523c96c79e649252f6f7b9f85eab9a7f6973a565553a740c47c5f,evaluator_v2.3,1.0,26035.4,3,SingleAgent-AllTools,0.9905,0.3529,0.7692,EXT-SC-048,scene_construction,False,3913
0.0,0.00060578,1.0,False,hard,8b7d4695f32523c96c79e649252f6f7b9f85eab9a7f6973a565553a740c47c5f,evaluator_v2.3,1.0,18916.6,3,KAFarmTwin-TypedRepair,0.9905,0.6667,1.0,EXT-SC-048,scene_construction,False,3409
0.0,0.00069566,1.0,True,medium,8b7d4695f32523c96c79e649252f6f7b9f85eab9a7f6973a565553a740c47c5f,evaluator_v2.3,1.0,30499.1,3,KAFarmTwin-TypedRepair,1.0,1.0,1.0,EXT-SC-039,scene_construction,False,3754
0.0,0.0006601,1.0,False,medium,8b7d4695f32523c96c79e649252f6f7b9f85eab9a7f6973a565553a740c47c5f,evaluator_v2.3,1.0,20326.8,3,SingleAgent-AllTools,1.0,0.6667,0.6667,EXT-SC-039,scene_construction,False,3646
0.0,0.00080794,1.0,True,medium,8b7d4695f32523c96c79e649252f6f7b9f85eab9a7f6973a565553a740c47c5f,evaluator_v2.3,1.0,34927.7,3,SingleAgent-AllTools,1.0,0.8333,0.6667,EXT-SC-045,scene_construction,False,4165
0.0,0.0007513800000000001,1.0,False,medium,8b7d4695f32523c96c79e649252f6f7b9f85eab9a7f6973a565553a740c47c5f,evaluator_v2.3,1.0,27910.7,3,KAFarmTwin-TypedRepair,1.0,0.6667,1.0,EXT-SC-045,scene_construction,False,3963
0.0,0.0,1.0,True,medium,8b7d4695f32523c96c79e649252f6f7b9f85eab9a7f6973a565553a740c47c5f,evaluator_v2.3,1.0,1.3,0,KAFarmTwin-TypedRepair,0.0,0.0,0.0,EXT-MQ-026,memory_query,False,0
0.0,0.0,1.0,True,medium,8b7d4695f32523c96c79e649252f6f7b9f85eab9a7f6973a565553a740c47c5f,evaluator_v2.3,1.0,1.1,0,SingleAgent-AllTools,0.0,0.0,0.0,EXT-MQ-026,memory_query,False,0
1.0,0.00016604,1.0,True,easy,8b7d4695f32523c96c79e649252f6f7b9f85eab9a7f6973a565553a740c47c5f,evaluator_v2.3,1.0,3517.1,1,SingleAgent-AllTools,1.0,1.0,0.0,EXT-DB-010,data_binding,False,1029
1.0,0.00035924000000000004,1.0,True,easy,8b7d4695f32523c96c79e649252f6f7b9f85eab9a7f6973a565553a740c47c5f,evaluator_v2.3,1.0,5636.6,2,KAFarmTwin-TypedRepair,1.0,1.0,1.0,EXT-DB-010,data_binding,False,2402
0.0,0.00061642,1.0,True,medium,8b7d4695f32523c96c79e649252f6f7b9f85eab9a7f6973a565553a740c47c5f,evaluator_v2.3,1.0,18024.1,3,KAFarmTwin-TypedRepair,1.0,0.9091,1.0,EXT-SC-028,scene_construction,False,3453
0.0,0.00056518,1.0,True,medium,8b7d4695f32523c96c79e649252f6f7b9f85eab9a7f6973a565553a740c47c5f,evaluator_v2.3,1.0,24695.6,3,SingleAgent-AllTools,1.0,0.7143,0.7273,EXT-SC-028,scene_construction,False,3284
0.0,0.0008056999999999999,1.0,False,medium,8b7d4695f32523c96c79e649252f6f7b9f85eab9a7f6973a565553a740c47c5f,evaluator_v2.3,1.0,30446.3,3,SingleAgent-AllTools,1.0,0.8,0.5714,EXT-SC-035,scene_construction,False,4132
0.0,0.0007427,1.0,False,medium,8b7d4695f32523c96c79e649252f6f7b9f85eab9a7f6973a565553a740c47c5f,evaluator_v2.3,1.0,28550.7,3,KAFarmTwin-TypedRepair,1.0,0.5,1.0,EXT-SC-035,scene_construction,False,3949
0.0,0.0008303399999999999,1.0,True,hard,8b7d4695f32523c96c79e649252f6f7b9f85eab9a7f6973a565553a740c47c5f,evaluator_v2.3,1.0,32640.0,3,KAFarmTwin-TypedRepair,1.0,1.0,1.0,EXT-SC-053,scene_construction,False,4238
0.0,0.0006699,1.0,True,hard,8b7d4695f32523c96c79e649252f6f7b9f85eab9a7f6973a565553a740c47c5f,evaluator_v2.3,1.0,21392.7,3,SingleAgent-AllTools,1.0,1.0,0.625,EXT-SC-053,scene_construction,False,3664
0.0,0.0,1.0,False,easy,8b7d4695f32523c96c79e649252f6f7b9f85eab9a7f6973a565553a740c47c5f,evaluator_v2.3,1.0,0.0,0,SingleAgent-AllTools,1.0,0.0,1.0,EXT-RR-002,rule_repair,False,0
1.0,0.00017024,1.0,True,easy,8b7d4695f32523c96c79e649252f6f7b9f85eab9a7f6973a565553a740c47c5f,evaluator_v2.3,1.0,1054.8,1,KAFarmTwin-TypedRepair,1.0,1.0,1.0,EXT-RR-002,rule_repair,False,1205
0.0,0.0,1.0,True,hard,8b7d4695f32523c96c79e649252f6f7b9f85eab9a7f6973a565553a740c47c5f,evaluator_v2.3,1.0,2.5,0,KAFarmTwin-TypedRepair,0.0,0.0,0.0,EXT-MQ-059,memory_query,False,0
0.0,0.0,1.0,True,hard,8b7d4695f32523c96c79e649252f6f7b9f85eab9a7f6973a565553a740c47c5f,evaluator_v2.3,1.0,2.1,0,SingleAgent-AllTools,0.0,0.0,0.0,EXT-MQ-059,memory_query,False,0
0.0,0.0,1.0,False,medium,8b7d4695f32523c96c79e649252f6f7b9f85eab9a7f6973a565553a740c47c5f,evaluator_v2.3,1.0,0.0,0,SingleAgent-AllTools,1.0,0.0,1.0,EXT-RR-026,rule_repair,False,0
1.0,0.0001869,1.0,True,medium,8b7d4695f32523c96c79e649252f6f7b9f85eab9a7f6973a565553a740c47c5f,evaluator_v2.3,1.0,1308.1,1,KAFarmTwin-TypedRepair,1.0,1.0,1.0,EXT-RR-026,rule_repair,False,1328
0.8571,0.00040082,1.0,False,medium,8b7d4695f32523c96c79e649252f6f7b9f85eab9a7f6973a565553a740c47c5f,evaluator_v2.3,1.0,8067.2,2,KAFarmTwin-TypedRepair,0.2308,0.75,1.0,EXT-AR-038,asset_routing,False,2599
0.0,0.00044702,0.0,False,medium,8b7d4695f32523c96c79e649252f6f7b9f85eab9a7f6973a565553a740c47c5f,evaluator_v2.3,0.0,21747.2,1,SingleAgent-AllTools,0.0,0.0,0.0,EXT-AR-038,asset_routing,False,1993
0.0,0.00071442,1.0,True,hard,8b7d4695f32523c96c79e649252f6f7b9f85eab9a7f6973a565553a740c47c5f,evaluator_v2.3,1.0,23107.1,3,SingleAgent-AllTools,1.0,1.0,0.625,EXT-SC-056,scene_construction,False,3834
0.0,0.00076846,1.0,True,hard,8b7d4695f32523c96c79e649252f6f7b9f85eab9a7f6973a565553a740c47c5f,evaluator_v2.3,1.0,28616.0,3,KAFarmTwin-TypedRepair,1.0,0.8,1.0,EXT-SC-056,scene_construction,False,4059
1.0,0.00039116,1.0,True,medium,8b7d4695f32523c96c79e649252f6f7b9f85eab9a7f6973a565553a740c47c5f,evaluator_v2.3,1.0,4491.9,2,KAFarmTwin-TypedRepair,1.0,1.0,1.0,EXT-DB-030,data_binding,False,2644
1.0,0.0001897,1.0,True,medium,8b7d4695f32523c96c79e649252f6f7b9f85eab9a7f6973a565553a740c47c5f,evaluator_v2.3,1.0,4574.6,1,SingleAgent-AllTools,1.0,1.0,0.0,EXT-DB-030,data_binding,False,1134
0.0,0.00081186,1.0,False,medium,8b7d4695f32523c96c79e649252f6f7b9f85eab9a7f6973a565553a740c47c5f,evaluator_v2.3,1.0,30445.2,3,SingleAgent-AllTools,0.8889,0.5455,0.8333,EXT-AR-031,asset_routing,False,4187
1.0,0.00036232,1.0,True,medium,8b7d4695f32523c96c79e649252f6f7b9f85eab9a7f6973a565553a740c47c5f,evaluator_v2.3,1.0,5341.4,2,KAFarmTwin-TypedRepair,1.0,1.0,1.0,EXT-AR-031,asset_routing,False,2414
0.0,0.0,1.0,True,medium,8b7d4695f32523c96c79e649252f6f7b9f85eab9a7f6973a565553a740c47c5f,evaluator_v2.3,1.0,2.4,0,KAFarmTwin-TypedRepair,0.0,0.0,0.0,EXT-MQ-037,memory_query,False,0
0.0,0.0,1.0,True,medium,8b7d4695f32523c96c79e649252f6f7b9f85eab9a7f6973a565553a740c47c5f,evaluator_v2.3,1.0,1.9,0,SingleAgent-AllTools,0.0,0.0,0.0,EXT-MQ-037,memory_query,False,0
0.0,0.00062426,1.0,False,hard,8b7d4695f32523c96c79e649252f6f7b9f85eab9a7f6973a565553a740c47c5f,evaluator_v2.3,1.0,20408.4,3,SingleAgent-AllTools,0.9916,0.6667,0.5714,EXT-SC-057,scene_construction,False,3481
0.0,0.00056434,1.0,False,hard,8b7d4695f32523c96c79e649252f6f7b9f85eab9a7f6973a565553a740c47c5f,evaluator_v2.3,1.0,15781.0,3,KAFarmTwin-TypedRepair,0.9916,0.5455,1.0,EXT-SC-057,scene_construction,False,3267
0.0,0.00058772,1.0,True,medium,8b7d4695f32523c96c79e649252f6f7b9f85eab9a7f6973a565553a740c47c5f,evaluator_v2.3,1.0,15639.5,3,KAFarmTwin-TypedRepair,1.0,0.9091,1.0,EXT-SC-020,scene_construction,False,3353
0.0,0.0006538000000000001,1.0,True,medium,8b7d4695f32523c96c79e649252f6f7b9f85eab9a7f6973a565553a740c47c5f,evaluator_v2.3,1.0,22168.7,3,SingleAgent-AllTools,1.0,0.9091,0.5714,EXT-SC-020,scene_construction,False,3591
0.0,0.0,1.0,True,medium,8b7d4695f32523c96c79e649252f6f7b9f85eab9a7f6973a565553a740c47c5f,evaluator_v2.3,1.0,2.4,0,SingleAgent-AllTools,0.0,0.0,0.0,EXT-MQ-021,memory_query,False,0
0.0,0.0,1.0,True,medium,8b7d4695f32523c96c79e649252f6f7b9f85eab9a7f6973a565553a740c47c5f,evaluator_v2.3,1.0,2.0,0,KAFarmTwin-TypedRepair,0.0,0.0,0.0,EXT-MQ-021,memory_query,False,0
1.0,0.00019992,1.0,True,hard,8b7d4695f32523c96c79e649252f6f7b9f85eab9a7f6973a565553a740c47c5f,evaluator_v2.3,1.0,998.9,1,KAFarmTwin-TypedRepair,1.0,1.0,1.0,EXT-RR-051,rule_repair,False,1421
0.0,0.0,1.0,False,hard,8b7d4695f32523c96c79e649252f6f7b9f85eab9a7f6973a565553a740c47c5f,evaluator_v2.3,1.0,0.0,0,SingleAgent-AllTools,1.0,0.0,1.0,EXT-RR-051,rule_repair,False,0
0.0,0.00079702,1.0,True,medium,8b7d4695f32523c96c79e649252f6f7b9f85eab9a7f6973a565553a740c47c5f,evaluator_v2.3,1.0,27015.7,3,SingleAgent-AllTools,1.0,0.625,0.7692,EXT-SC-032,scene_construction,False,4148
0.0,0.0008155,1.0,True,medium,8b7d4695f32523c96c79e649252f6f7b9f85eab9a7f6973a565553a740c47c5f,evaluator_v2.3,1.0,30300.0,3,KAFarmTwin-TypedRepair,1.0,0.625,1.0,EXT-SC-032,scene_construction,False,4200
1.0,0.00046158,1.0,True,medium,8b7d4695f32523c96c79e649252f6f7b9f85eab9a7f6973a565553a740c47c5f,evaluator_v2.3,1.0,6004.6,2,KAFarmTwin-TypedRepair,1.0,1.0,1.0,EXT-DB-031,data_binding,False,3008
1.0,0.0002114,1.0,True,medium,8b7d4695f32523c96c79e649252f6f7b9f85eab9a7f6973a565553a740c47c5f,evaluator_v2.3,1.0,5548.1,1,SingleAgent-AllTools,1.0,1.0,0.0,EXT-DB-031,data_binding,False,1228
0.0,0.0,1.0,True,medium,8b7d4695f32523c96c79e649252f6f7b9f85eab9a7f6973a565553a740c47c5f,evaluator_v2.3,1.0,2.0,0,SingleAgent-AllTools,0.0,0.0,0.0,EXT-MQ-019,memory_query,False,0
0.0,0.0,1.0,True,medium,8b7d4695f32523c96c79e649252f6f7b9f85eab9a7f6973a565553a740c47c5f,evaluator_v2.3,1.0,2.3,0,KAFarmTwin-TypedRepair,0.0,0.0,0.0,EXT-MQ-019,memory_query,False,0
1.0,0.00018382,1.0,True,medium,8b7d4695f32523c96c79e649252f6f7b9f85eab9a7f6973a565553a740c47c5f,evaluator_v2.3,1.0,1142.3,1,KAFarmTwin-TypedRepair,1.0,1.0,1.0,EXT-RR-035,rule_repair,False,1306
0.0,0.0,1.0,False,medium,8b7d4695f32523c96c79e649252f6f7b9f85eab9a7f6973a565553a740c47c5f,evaluator_v2.3,1.0,0.0,0,SingleAgent-AllTools,1.0,0.0,1.0,EXT-RR-035,rule_repair,False,0
0.0,0.0006029799999999999,1.0,False,medium,8b7d4695f32523c96c79e649252f6f7b9f85eab9a7f6973a565553a740c47c5f,evaluator_v2.3,1.0,17768.4,3,SingleAgent-AllTools,1.0,0.8,0.5714,EXT-SC-036,scene_construction,False,3411
0.0,0.00061362,1.0,False,medium,8b7d4695f32523c96c79e649252f6f7b9f85eab9a7f6973a565553a740c47c5f,evaluator_v2.3,1.0,17753.7,3,KAFarmTwin-TypedRepair,1.0,0.6667,1.0,EXT-SC-036,scene_construction,False,3474
1.0,0.00018522,1.0,True,medium,8b7d4695f32523c96c79e649252f6f7b9f85eab9a7f6973a565553a740c47c5f,evaluator_v2.3,1.0,1187.1,1,KAFarmTwin-TypedRepair,1.0,1.0,1.0,EXT-RR-017,rule_repair,False,1316
0.0,0.0,1.0,False,medium,8b7d4695f32523c96c79e649252f6f7b9f85eab9a7f6973a565553a740c47c5f,evaluator_v2.3,1.0,0.0,0,SingleAgent-AllTools,1.0,0.0,1.0,EXT-RR-017,rule_repair,False,0
0.0,0.0,1.0,True,medium,8b7d4695f32523c96c79e649252f6f7b9f85eab9a7f6973a565553a740c47c5f,evaluator_v2.3,1.0,2.2,0,SingleAgent-AllTools,0.0,0.0,0.0,EXT-MQ-023,memory_query,False,0
0.0,0.0,1.0,True,medium,8b7d4695f32523c96c79e649252f6f7b9f85eab9a7f6973a565553a740c47c5f,evaluator_v2.3,1.0,1.9,0,KAFarmTwin-TypedRepair,0.0,0.0,0.0,EXT-MQ-023,memory_query,False,0
1.0,0.00018844,1.0,True,medium,8b7d4695f32523c96c79e649252f6f7b9f85eab9a7f6973a565553a740c47c5f,evaluator_v2.3,1.0,1088.3,1,KAFarmTwin-TypedRepair,1.0,1.0,1.0,EXT-RR-040,rule_repair,False,1339
0.0,0.0,1.0,False,medium,8b7d4695f32523c96c79e649252f6f7b9f85eab9a7f6973a565553a740c47c5f,evaluator_v2.3,1.0,0.0,0,SingleAgent-AllTools,1.0,0.0,1.0,EXT-RR-040,rule_repair,False,0
1.0,0.00023044,1.0,True,medium,8b7d4695f32523c96c79e649252f6f7b9f85eab9a7f6973a565553a740c47c5f,evaluator_v2.3,1.0,8501.0,1,SingleAgent-AllTools,1.0,1.0,0.0,EXT-DB-045,data_binding,False,1299
1.0,0.00048034,1.0,True,medium,8b7d4695f32523c96c79e649252f6f7b9f85eab9a7f6973a565553a740c47c5f,evaluator_v2.3,1.0,7578.1,2,KAFarmTwin-TypedRepair,1.0,1.0,1.0,EXT-DB-045,data_binding,False,3077
0.8571,0.00038752000000000003,1.0,False,medium,8b7d4695f32523c96c79e649252f6f7b9f85eab9a7f6973a565553a740c47c5f,evaluator_v2.3,1.0,6044.6,2,KAFarmTwin-TypedRepair,0.3913,0.75,1.0,EXT-AR-029,asset_routing,False,2515
0.0,0.00044744,0.0,False,medium,8b7d4695f32523c96c79e649252f6f7b9f85eab9a7f6973a565553a740c47c5f,evaluator_v2.3,0.0,21097.6,1,SingleAgent-AllTools,0.0,0.0,0.0,EXT-AR-029,asset_routing,False,1996
0.0,0.0004473,0.0,False,hard,8b7d4695f32523c96c79e649252f6f7b9f85eab9a7f6973a565553a740c47c5f,evaluator_v2.3,0.0,21130.5,1,SingleAgent-AllTools,0.0,0.0,0.0,EXT-AR-047,asset_routing,False,1995
1.0,0.00041384,1.0,False,hard,8b7d4695f32523c96c79e649252f6f7b9f85eab9a7f6973a565553a740c47c5f,evaluator_v2.3,1.0,6890.3,2,KAFarmTwin-TypedRepair,0.2778,1.0,1.0,EXT-AR-047,asset_routing,False,2709
0.8571,0.00038598,1.0,False,medium,8b7d4695f32523c96c79e649252f6f7b9f85eab9a7f6973a565553a740c47c5f,evaluator_v2.3,1.0,6251.0,2,KAFarmTwin-TypedRepair,0.2069,0.75,1.0,EXT-AR-032,asset_routing,False,2504
0.0,0.00044688,0.0,False,medium,8b7d4695f32523c96c79e649252f6f7b9f85eab9a7f6973a565553a740c47c5f,evaluator_v2.3,0.0,21081.2,1,SingleAgent-AllTools,0.0,0.0,0.0,EXT-AR-032,asset_routing,False,1992
0.0,0.0010255,1.0,False,medium,8b7d4695f32523c96c79e649252f6f7b9f85eab9a7f6973a565553a740c47c5f,evaluator_v2.3,1.0,42716.7,3,SingleAgent-AllTools,0.1176,0.0,0.8,EXT-AR-044,asset_routing,False,4979
1.0,0.00036232,1.0,False,medium,8b7d4695f32523c96c79e649252f6f7b9f85eab9a7f6973a565553a740c47c5f,evaluator_v2.3,1.0,4798.1,2,KAFarmTwin-TypedRepair,0.3043,1.0,1.0,EXT-AR-044,asset_routing,False,2446
1.0,0.00032970000000000005,1.0,False,easy,8b7d4695f32523c96c79e649252f6f7b9f85eab9a7f6973a565553a740c47c5f,evaluator_v2.3,1.0,4213.4,2,KAFarmTwin-TypedRepair,0.375,1.0,1.0,EXT-AR-014,asset_routing,False,2203
0.0,0.00091826,1.0,False,easy,8b7d4695f32523c96c79e649252f6f7b9f85eab9a7f6973a565553a740c47c5f,evaluator_v2.3,1.0,37540.4,3,SingleAgent-AllTools,0.3429,0.4,0.7273,EXT-AR-014,asset_routing,False,4532
0.0,0.00044674,0.0,False,medium,8b7d4695f32523c96c79e649252f6f7b9f85eab9a7f6973a565553a740c47c5f,evaluator_v2.3,0.0,20500.0,1,SingleAgent-AllTools,0.0,0.0,0.0,EXT-AR-037,asset_routing,False,1991
1.0,0.00036050000000000003,1.0,False,medium,8b7d4695f32523c96c79e649252f6f7b9f85eab9a7f6973a565553a740c47c5f,evaluator_v2.3,1.0,3778.4,2,KAFarmTwin-TypedRepair,0.2727,1.0,1.0,EXT-AR-037,asset_routing,False,2435
0.8571,0.00037688,1.0,False,medium,8b7d4695f32523c96c79e649252f6f7b9f85eab9a7f6973a565553a740c47c5f,evaluator_v2.3,1.0,5748.0,2,KAFarmTwin-TypedRepair,0.3103,0.75,1.0,EXT-AR-017,asset_routing,False,2465
0.0,0.00044688,0.0,False,medium,8b7d4695f32523c96c79e649252f6f7b9f85eab9a7f6973a565553a740c47c5f,evaluator_v2.3,0.0,22976.5,1,SingleAgent-AllTools,0.0,0.0,0.0,EXT-AR-017,asset_routing,False,1992
1.0,0.00017556,1.0,True,easy,8b7d4695f32523c96c79e649252f6f7b9f85eab9a7f6973a565553a740c47c5f,evaluator_v2.3,1.0,4146.9,1,SingleAgent-AllTools,1.0,1.0,0.0,EXT-DB-013,data_binding,False,1070
1.0,0.0003724,1.0,True,easy,8b7d4695f32523c96c79e649252f6f7b9f85eab9a7f6973a565553a740c47c5f,evaluator_v2.3,1.0,6705.5,2,KAFarmTwin-TypedRepair,1.0,1.0,1.0,EXT-DB-013,data_binding,False,2469
0.0,0.0,1.0,True,hard,8b7d4695f32523c96c79e649252f6f7b9f85eab9a7f6973a565553a740c47c5f,evaluator_v2.3,1.0,2.7,0,KAFarmTwin-TypedRepair,0.0,0.0,0.0,EXT-MQ-057,memory_query,False,0
0.0,0.0,1.0,True,hard,8b7d4695f32523c96c79e649252f6f7b9f85eab9a7f6973a565553a740c47c5f,evaluator_v2.3,1.0,2.1,0,SingleAgent-AllTools,0.0,0.0,0.0,EXT-MQ-057,memory_query,False,0
0.0,0.0,1.0,True,medium,8b7d4695f32523c96c79e649252f6f7b9f85eab9a7f6973a565553a740c47c5f,evaluator_v2.3,1.0,2.0,0,SingleAgent-AllTools,0.0,0.0,0.0,EXT-MQ-044,memory_query,False,0
0.0,0.0,1.0,True,medium,8b7d4695f32523c96c79e649252f6f7b9f85eab9a7f6973a565553a740c47c5f,evaluator_v2.3,1.0,1.1,0,KAFarmTwin-TypedRepair,0.0,0.0,0.0,EXT-MQ-044,memory_query,False,0
1.0,0.00045066,1.0,True,medium,8b7d4695f32523c96c79e649252f6f7b9f85eab9a7f6973a565553a740c47c5f,evaluator_v2.3,1.0,5857.0,2,KAFarmTwin-TypedRepair,1.0,1.0,1.0,EXT-DB-025,data_binding,False,2971
1.0,0.00019964,1.0,True,medium,8b7d4695f32523c96c79e649252f6f7b9f85eab9a7f6973a565553a740c47c5f,evaluator_v2.3,1.0,4868.7,1,SingleAgent-AllTools,1.0,1.0,0.0,EXT-DB-025,data_binding,False,1189
0.0,0.00055776,1.0,False,easy,8b7d4695f32523c96c79e649252f6f7b9f85eab9a7f6973a565553a740c47c5f,evaluator_v2.3,1.0,15131.5,3,SingleAgent-AllTools,1.0,0.6,0.75,EXT-SC-009,scene_construction,False,3262
0.0,0.0008159199999999999,1.0,True,easy,8b7d4695f32523c96c79e649252f6f7b9f85eab9a7f6973a565553a740c47c5f,evaluator_v2.3,1.0,31175.0,3,KAFarmTwin-TypedRepair,1.0,0.8,1.0,EXT-SC-009,scene_construction,False,4187
1.0,0.00033012,1.0,False,easy,8b7d4695f32523c96c79e649252f6f7b9f85eab9a7f6973a565553a740c47c5f,evaluator_v2.3,1.0,5086.1,2,KAFarmTwin-TypedRepair,0.1379,1.0,1.0,EXT-AR-012,asset_routing,False,2205
0.0,0.00075516,1.0,False,easy,8b7d4695f32523c96c79e649252f6f7b9f85eab9a7f6973a565553a740c47c5f,evaluator_v2.3,1.0,26913.0,3,SingleAgent-AllTools,0.9355,0.2222,0.7,EXT-AR-012,asset_routing,False,3948
0.0,0.0,1.0,True,easy,8b7d4695f32523c96c79e649252f6f7b9f85eab9a7f6973a565553a740c47c5f,evaluator_v2.3,1.0,2.0,0,SingleAgent-AllTools,0.0,0.0,0.0,EXT-MQ-001,memory_query,False,0
0.0,0.0,1.0,True,easy,8b7d4695f32523c96c79e649252f6f7b9f85eab9a7f6973a565553a740c47c5f,evaluator_v2.3,1.0,1.5,0,KAFarmTwin-TypedRepair,0.0,0.0,0.0,EXT-MQ-001,memory_query,False,0
1.0,0.00041818,1.0,False,hard,8b7d4695f32523c96c79e649252f6f7b9f85eab9a7f6973a565553a740c47c5f,evaluator_v2.3,1.0,6114.1,2,KAFarmTwin-TypedRepair,0.9429,0.6,1.0,EXT-AR-055,asset_routing,False,2733
0.0,0.00044744,0.0,False,hard,8b7d4695f32523c96c79e649252f6f7b9f85eab9a7f6973a565553a740c47c5f,evaluator_v2.3,0.0,21585.4,1,SingleAgent-AllTools,0.0,0.0,0.0,EXT-AR-055,asset_routing,False,1996
0.0,0.0,1.0,True,easy,8b7d4695f32523c96c79e649252f6f7b9f85eab9a7f6973a565553a740c47c5f,evaluator_v2.3,1.0,1.7,0,SingleAgent-AllTools,0.0,0.0,0.0,EXT-MQ-010,memory_query,False,0
0.0,0.0,1.0,True,easy,8b7d4695f32523c96c79e649252f6f7b9f85eab9a7f6973a565553a740c47c5f,evaluator_v2.3,1.0,1.3,0,KAFarmTwin-TypedRepair,0.0,0.0,0.0,EXT-MQ-010,memory_query,False,0
0.0,0.00085834,1.0,False,medium,8b7d4695f32523c96c79e649252f6f7b9f85eab9a7f6973a565553a740c47c5f,evaluator_v2.3,1.0,45851.7,3,KAFarmTwin-TypedRepair,1.0,0.5,1.0,EXT-SC-023,scene_construction,False,4365
0.0,0.0010619,1.0,True,medium,8b7d4695f32523c96c79e649252f6f7b9f85eab9a7f6973a565553a740c47c5f,evaluator_v2.3,1.0,44073.1,3,SingleAgent-AllTools,1.0,0.625,0.7692,EXT-SC-023,scene_construction,False,5092
1.0,0.00022232,1.0,True,hard,8b7d4695f32523c96c79e649252f6f7b9f85eab9a7f6973a565553a740c47c5f,evaluator_v2.3,1.0,5802.4,1,SingleAgent-AllTools,1.0,1.0,0.0,EXT-DB-050,data_binding,False,1305
1.0,0.0005867400000000001,1.0,True,hard,8b7d4695f32523c96c79e649252f6f7b9f85eab9a7f6973a565553a740c47c5f,evaluator_v2.3,1.0,9759.4,2,KAFarmTwin-TypedRepair,1.0,1.0,1.0,EXT-DB-050,data_binding,False,3751
0.0,0.0,1.0,True,medium,8b7d4695f32523c96c79e649252f6f7b9f85eab9a7f6973a565553a740c47c5f,evaluator_v2.3,1.0,2.3,0,KAFarmTwin-TypedRepair,0.0,0.0,0.0,EXT-MQ-033,memory_query,False,0
0.0,0.0,1.0,True,medium,8b7d4695f32523c96c79e649252f6f7b9f85eab9a7f6973a565553a740c47c5f,evaluator_v2.3,1.0,2.2,0,SingleAgent-AllTools,0.0,0.0,0.0,EXT-MQ-033,memory_query,False,0
0.0,0.0,1.0,False,medium,8b7d4695f32523c96c79e649252f6f7b9f85eab9a7f6973a565553a740c47c5f,evaluator_v2.3,1.0,0.0,0,SingleAgent-AllTools,1.0,0.0,1.0,EXT-RR-024,rule_repair,False,0
1.0,0.000189,1.0,True,medium,8b7d4695f32523c96c79e649252f6f7b9f85eab9a7f6973a565553a740c47c5f,evaluator_v2.3,1.0,960.5,1,KAFarmTwin-TypedRepair,1.0,1.0,1.0,EXT-RR-024,rule_repair,False,1343
1.0,0.0004256,1.0,True,medium,8b7d4695f32523c96c79e649252f6f7b9f85eab9a7f6973a565553a740c47c5f,evaluator_v2.3,1.0,6860.3,2,KAFarmTwin-TypedRepair,1.0,1.0,1.0,EXT-DB-028,data_binding,False,2766
0.6667,0.00017458,1.0,False,medium,8b7d4695f32523c96c79e649252f6f7b9f85eab9a7f6973a565553a740c47c5f,evaluator_v2.3,1.0,12236.8,1,SingleAgent-AllTools,1.0,1.0,0.0,EXT-DB-028,data_binding,False,1078
0.0,0.0,1.0,False,easy,8b7d4695f32523c96c79e649252f6f7b9f85eab9a7f6973a565553a740c47c5f,evaluator_v2.3,1.0,0.0,0,SingleAgent-AllTools,1.0,0.0,1.0,EXT-RR-001,rule_repair,False,0
1.0,0.00016646,1.0,True,easy,8b7d4695f32523c96c79e649252f6f7b9f85eab9a7f6973a565553a740c47c5f,evaluator_v2.3,1.0,3195.7,1,KAFarmTwin-TypedRepair,1.0,1.0,1.0,EXT-RR-001,rule_repair,False,1182
0.0,0.0,1.0,True,medium,8b7d4695f32523c96c79e649252f6f7b9f85eab9a7f6973a565553a740c47c5f,evaluator_v2.3,1.0,1.4,0,KAFarmTwin-TypedRepair,0.0,0.0,0.0,EXT-MQ-028,memory_query,False,0
0.0,0.0,1.0,True,medium,8b7d4695f32523c96c79e649252f6f7b9f85eab9a7f6973a565553a740c47c5f,evaluator_v2.3,1.0,1.0,0,SingleAgent-AllTools,0.0,0.0,0.0,EXT-MQ-028,memory_query,False,0
0.0,0.0,1.0,False,medium,8b7d4695f32523c96c79e649252f6f7b9f85eab9a7f6973a565553a740c47c5f,evaluator_v2.3,1.0,0.0,0,SingleAgent-AllTools,1.0,0.0,1.0,EXT-RR-028,rule_repair,False,0
1.0,0.00018942,1.0,True,medium,8b7d4695f32523c96c79e649252f6f7b9f85eab9a7f6973a565553a740c47c5f,evaluator_v2.3,1.0,1003.1,1,KAFarmTwin-TypedRepair,1.0,1.0,1.0,EXT-RR-028,rule_repair,False,1346
1.0,0.00058898,1.0,True,hard,8b7d4695f32523c96c79e649252f6f7b9f85eab9a7f6973a565553a740c47c5f,evaluator_v2.3,1.0,11246.6,2,KAFarmTwin-TypedRepair,1.0,1.0,1.0,EXT-DB-054,data_binding,False,3763
1.0,0.00022372,1.0,True,hard,8b7d4695f32523c96c79e649252f6f7b9f85eab9a7f6973a565553a740c47c5f,evaluator_v2.3,1.0,5753.5,1,SingleAgent-AllTools,1.0,1.0,0.0,EXT-DB-054,data_binding,False,1311
0.0,0.00044772,0.0,False,hard,8b7d4695f32523c96c79e649252f6f7b9f85eab9a7f6973a565553a740c47c5f,evaluator_v2.3,0.0,20212.0,1,SingleAgent-AllTools,0.0,0.0,0.0,EXT-AR-058,asset_routing,False,1998
1.0,0.00040726,1.0,False,hard,8b7d4695f32523c96c79e649252f6f7b9f85eab9a7f6973a565553a740c47c5f,evaluator_v2.3,1.0,5945.0,2,KAFarmTwin-TypedRepair,0.3846,1.0,1.0,EXT-AR-058,asset_routing,False,2648
