binding_f1,cost,critical_recall,cvsr,difficulty,evaluator_hash,evaluator_version,evidence_precision,latency_ms,llm_calls,method,object_f1,relation_f1,replay_success,task_id,task_type,technical_failure,tokens
0.0,0.0,1.0,True,hard,8b7d4695f32523c96c79e649252f6f7b9f85eab9a7f6973a565553a740c47c5f,evaluator_v2.3,1.0,2.6,0,KAFarmTwin-TypedRepair,0.0,0.0,0.0,EXT-MQ-047,memory_query,False,0
0.0,0.0,1.0,True,hard,8b7d4695f32523c96c79e649252f6f7b9f85eab9a7f6973a565553a740c47c5f,evaluator_v2.3,1.0,2.1,0,SingleAgent-AllTools,0.0,0.0,0.0,EXT-MQ-047,memory_query,False,0
1.0,0.00019026,1.0,True,easy,8b7d4695f32523c96c79e649252f6f7b9f85eab9a7f6973a565553a740c47c5f,evaluator_v2.3,1.0,6864.2,1,SingleAgent-AllTools,1.0,1.0,0.0,EXT-DB-003,data_binding,False,1145
1.0,0.00039886,1.0,True,easy,8b7d4695f32523c96c79e649252f6f7b9f85eab9a7f6973a565553a740c47c5f,evaluator_v2.3,1.0,11388.7,2,KAFarmTwin-TypedRepair,1.0,1.0,1.0,EXT-DB-003,data_binding,False,2627
1.0,0.00034398,1.0,False,easy,8b7d4695f32523c96c79e649252f6f7b9f85eab9a7f6973a565553a740c47c5f,evaluator_v2.3,1.0,55036.2,2,KAFarmTwin-TypedRepair,0.1515,1.0,1.0,EXT-AR-013,asset_routing,False,2282
0.0,0.0006657,1.0,False,easy,8b7d4695f32523c96c79e649252f6f7b9f85eab9a7f6973a565553a740c47c5f,evaluator_v2.3,1.0,45410.8,3,SingleAgent-AllTools,0.0303,0.75,0.8571,EXT-AR-013,asset_routing,False,3668
0.0,0.00062454,1.0,False,medium,8b7d4695f32523c96c79e649252f6f7b9f85eab9a7f6973a565553a740c47c5f,evaluator_v2.3,1.0,35240.4,3,SingleAgent-AllTools,1.0,0.8,0.5714,EXT-SC-031,scene_construction,False,3546
0.0,0.0006550600000000001,1.0,True,medium,8b7d4695f32523c96c79e649252f6f7b9f85eab9a7f6973a565553a740c47c5f,evaluator_v2.3,1.0,37389.8,3,KAFarmTwin-TypedRepair,1.0,1.0,1.0,EXT-SC-031,scene_construction,False,3655
1.0,0.0006874,1.0,True,hard,8b7d4695f32523c96c79e649252f6f7b9f85eab9a7f6973a565553a740c47c5f,evaluator_v2.3,1.0,23020.3,2,KAFarmTwin-TypedRepair,1.0,1.0,1.0,EXT-DB-048,data_binding,False,4213
1.0,0.00034482,1.0,True,hard,8b7d4695f32523c96c79e649252f6f7b9f85eab9a7f6973a565553a740c47c5f,evaluator_v2.3,1.0,17473.9,1,SingleAgent-AllTools,1.0,1.0,0.0,EXT-DB-048,data_binding,False,1774
0.0,0.0,1.0,False,easy,8b7d4695f32523c96c79e649252f6f7b9f85eab9a7f6973a565553a740c47c5f,evaluator_v2.3,1.0,0.0,0,SingleAgent-AllTools,1.0,0.0,1.0,EXT-RR-011,rule_repair,False,0
1.0,0.00017416,1.0,True,easy,8b7d4695f32523c96c79e649252f6f7b9f85eab9a7f6973a565553a740c47c5f,evaluator_v2.3,1.0,825.6,1,KAFarmTwin-TypedRepair,1.0,1.0,1.0,EXT-RR-011,rule_repair,False,1236
1.0,0.00068572,1.0,True,hard,8b7d4695f32523c96c79e649252f6f7b9f85eab9a7f6973a565553a740c47c5f,evaluator_v2.3,1.0,24908.5,2,KAFarmTwin-TypedRepair,1.0,1.0,1.0,EXT-DB-052,data_binding,False,4204
1.0,0.0003437,1.0,True,hard,8b7d4695f32523c96c79e649252f6f7b9f85eab9a7f6973a565553a740c47c5f,evaluator_v2.3,1.0,19876.3,1,SingleAgent-AllTools,1.0,1.0,0.0,EXT-DB-052,data_binding,False,1769
0.0,0.0,1.0,False,hard,8b7d4695f32523c96c79e649252f6f7b9f85eab9a7f6973a565553a740c47c5f,evaluator_v2.3,1.0,0.0,0,SingleAgent-AllTools,1.0,0.0,1.0,EXT-RR-058,rule_repair,False,0
1.0,0.00021238,1.0,True,hard,8b7d4695f32523c96c79e649252f6f7b9f85eab9a7f6973a565553a740c47c5f,evaluator_v2.3,1.0,4634.1,1,KAFarmTwin-TypedRepair,1.0,1.0,1.0,EXT-RR-058,rule_repair,False,1509
1.0,0.00039298,1.0,True,easy,8b7d4695f32523c96c79e649252f6f7b9f85eab9a7f6973a565553a740c47c5f,evaluator_v2.3,1.0,12234.9,2,KAFarmTwin-TypedRepair,1.0,1.0,1.0,EXT-DB-006,data_binding,False,2592
1.0,0.00018718,1.0,True,easy,8b7d4695f32523c96c79e649252f6f7b9f85eab9a7f6973a565553a740c47c5f,evaluator_v2.3,1.0,7314.9,1,SingleAgent-AllTools,1.0,1.0,0.0,EXT-DB-006,data_binding,False,1130
0.0,0.00063322,1.0,False,medium,8b7d4695f32523c96c79e649252f6f7b9f85eab9a7f6973a565553a740c47c5f,evaluator_v2.3,1.0,54077.6,3,SingleAgent-AllTools,1.0,0.8,0.5714,EXT-SC-034,scene_construction,False,3576
0.0,0.0006601,1.0,False,medium,8b7d4695f32523c96c79e649252f6f7b9f85eab9a7f6973a565553a740c47c5f,evaluator_v2.3,1.0,39320.4,3,KAFarmTwin-TypedRepair,1.0,0.8,1.0,EXT-SC-034,scene_construction,False,3669
1.0,0.00019124,1.0,True,medium,8b7d4695f32523c96c79e649252f6f7b9f85eab9a7f6973a565553a740c47c5f,evaluator_v2.3,1.0,6141.5,1,KAFarmTwin-TypedRepair,1.0,1.0,1.0,EXT-RR-031,rule_repair,False,1358
0.0,0.0,1.0,False,medium,8b7d4695f32523c96c79e649252f6f7b9f85eab9a7f6973a565553a740c47c5f,evaluator_v2.3,1.0,0.1,0,SingleAgent-AllTools,1.0,0.0,1.0,EXT-RR-031,rule_repair,False,0
0.0,0.0,1.0,True,medium,8b7d4695f32523c96c79e649252f6f7b9f85eab9a7f6973a565553a740c47c5f,evaluator_v2.3,1.0,2.2,0,SingleAgent-AllTools,0.0,0.0,0.0,EXT-MQ-018,memory_query,False,0
0.0,0.0,1.0,True,medium,8b7d4695f32523c96c79e649252f6f7b9f85eab9a7f6973a565553a740c47c5f,evaluator_v2.3,1.0,1.7,0,KAFarmTwin-TypedRepair,0.0,0.0,0.0,EXT-MQ-018,memory_query,False,0
1.0,0.00037883999999999997,1.0,False,medium,8b7d4695f32523c96c79e649252f6f7b9f85eab9a7f6973a565553a740c47c5f,evaluator_v2.3,1.0,10050.6,2,KAFarmTwin-TypedRepair,0.4737,1.0,1.0,EXT-AR-028,asset_routing,False,2502
0.0,0.0009499,1.0,False,medium,8b7d4695f32523c96c79e649252f6f7b9f85eab9a7f6973a565553a740c47c5f,evaluator_v2.3,1.0,57935.7,3,SingleAgent-AllTools,0.0513,0.5714,0.9167,EXT-AR-028,asset_routing,False,4767
1.0,0.0002457,1.0,True,medium,8b7d4695f32523c96c79e649252f6f7b9f85eab9a7f6973a565553a740c47c5f,evaluator_v2.3,1.0,21726.0,1,SingleAgent-AllTools,1.0,1.0,0.0,EXT-DB-043,data_binding,False,1383
1.0,0.00051352,1.0,True,medium,8b7d4695f32523c96c79e649252f6f7b9f85eab9a7f6973a565553a740c47c5f,evaluator_v2.3,1.0,20333.5,2,KAFarmTwin-TypedRepair,1.0,1.0,1.0,EXT-DB-043,data_binding,False,3288
1.0,0.00068782,1.0,True,hard,8b7d4695f32523c96c79e649252f6f7b9f85eab9a7f6973a565553a740c47c5f,evaluator_v2.3,1.0,31689.9,2,KAFarmTwin-TypedRepair,1.0,1.0,1.0,EXT-DB-057,data_binding,False,4217
1.0,0.00034552,1.0,True,hard,8b7d4695f32523c96c79e649252f6f7b9f85eab9a7f6973a565553a740c47c5f,evaluator_v2.3,1.0,23942.6,1,SingleAgent-AllTools,1.0,1.0,0.0,EXT-DB-057,data_binding,False,1780
0.0,0.00045094,0.0,False,hard,8b7d4695f32523c96c79e649252f6f7b9f85eab9a7f6973a565553a740c47c5f,evaluator_v2.3,0.0,46921.5,1,SingleAgent-AllTools,0.0,0.0,0.0,EXT-AR-048,asset_routing,False,2021
1.0,0.00041356,1.0,False,hard,8b7d4695f32523c96c79e649252f6f7b9f85eab9a7f6973a565553a740c47c5f,evaluator_v2.3,1.0,8590.3,2,KAFarmTwin-TypedRepair,0.1765,1.0,1.0,EXT-AR-048,asset_routing,False,2723
1.0,0.00040222,1.0,True,easy,8b7d4695f32523c96c79e649252f6f7b9f85eab9a7f6973a565553a740c47c5f,evaluator_v2.3,1.0,15847.8,2,KAFarmTwin-TypedRepair,1.0,1.0,1.0,EXT-DB-008,data_binding,False,2625
1.0,0.00019614,1.0,True,easy,8b7d4695f32523c96c79e649252f6f7b9f85eab9a7f6973a565553a740c47c5f,evaluator_v2.3,1.0,5255.8,1,SingleAgent-AllTools,1.0,1.0,0.0,EXT-DB-008,data_binding,False,1161
0.0,0.0004946200000000001,1.0,True,easy,8b7d4695f32523c96c79e649252f6f7b9f85eab9a7f6973a565553a740c47c5f,evaluator_v2.3,1.0,32413.0,3,SingleAgent-AllTools,1.0,1.0,0.8,EXT-SC-005,scene_construction,False,3032
0.0,0.00070714,1.0,True,easy,8b7d4695f32523c96c79e649252f6f7b9f85eab9a7f6973a565553a740c47c5f,evaluator_v2.3,1.0,39041.2,4,KAFarmTwin-TypedRepair,0.9697,1.0,1.0,EXT-SC-005,scene_construction,False,4455
0.0,0.0006314000000000001,1.0,False,hard,8b7d4695f32523c96c79e649252f6f7b9f85eab9a7f6973a565553a740c47c5f,evaluator_v2.3,1.0,44917.9,3,KAFarmTwin-TypedRepair,0.9912,0.7273,1.0,EXT-SC-054,scene_construction,False,3570
0.0,0.00064316,1.0,False,hard,8b7d4695f32523c96c79e649252f6f7b9f85eab9a7f6973a565553a740c47c5f,evaluator_v2.3,1.0,38007.9,3,SingleAgent-AllTools,0.9912,0.7273,0.5714,EXT-SC-054,scene_construction,False,3612
0.0,0.0007497,1.0,False,medium,8b7d4695f32523c96c79e649252f6f7b9f85eab9a7f6973a565553a740c47c5f,evaluator_v2.3,1.0,44389.4,3,SingleAgent-AllTools,1.0,0.6667,0.6667,EXT-SC-042,scene_construction,False,4009
0.0,0.00063182,1.0,False,medium,8b7d4695f32523c96c79e649252f6f7b9f85eab9a7f6973a565553a740c47c5f,evaluator_v2.3,1.0,44153.9,3,KAFarmTwin-TypedRepair,1.0,0.8,1.0,EXT-SC-042,scene_construction,False,3568
1.0,0.00039648000000000005,1.0,True,easy,8b7d4695f32523c96c79e649252f6f7b9f85eab9a7f6973a565553a740c47c5f,evaluator_v2.3,1.0,26585.7,2,KAFarmTwin-TypedRepair,1.0,1.0,1.0,EXT-DB-015,data_binding,False,2613
1.0,0.000189,1.0,True,easy,8b7d4695f32523c96c79e649252f6f7b9f85eab9a7f6973a565553a740c47c5f,evaluator_v2.3,1.0,7412.9,1,SingleAgent-AllTools,1.0,1.0,0.0,EXT-DB-015,data_binding,False,1139
0.0,0.0,1.0,True,hard,8b7d4695f32523c96c79e649252f6f7b9f85eab9a7f6973a565553a740c47c5f,evaluator_v2.3,1.0,2.6,0,SingleAgent-AllTools,0.0,0.0,0.0,EXT-MQ-060,memory_query,False,0
0.0,0.0,1.0,True,hard,8b7d4695f32523c96c79e649252f6f7b9f85eab9a7f6973a565553a740c47c5f,evaluator_v2.3,1.0,2.2,0,KAFarmTwin-TypedRepair,0.0,0.0,0.0,EXT-MQ-060,memory_query,False,0
1.0,0.00020804,1.0,True,hard,8b7d4695f32523c96c79e649252f6f7b9f85eab9a7f6973a565553a740c47c5f,evaluator_v2.3,1.0,725.8,1,KAFarmTwin-TypedRepair,1.0,1.0,1.0,EXT-RR-059,rule_repair,False,1478
0.0,0.0,1.0,False,hard,8b7d4695f32523c96c79e649252f6f7b9f85eab9a7f6973a565553a740c47c5f,evaluator_v2.3,1.0,0.0,0,SingleAgent-AllTools,1.0,0.0,1.0,EXT-RR-059,rule_repair,False,0
1.0,0.0002317,1.0,True,medium,8b7d4695f32523c96c79e649252f6f7b9f85eab9a7f6973a565553a740c47c5f,evaluator_v2.3,1.0,17619.0,1,SingleAgent-AllTools,1.0,1.0,0.0,EXT-DB-040,data_binding,False,1307
1.0,0.00046662,1.0,True,medium,8b7d4695f32523c96c79e649252f6f7b9f85eab9a7f6973a565553a740c47c5f,evaluator_v2.3,1.0,13705.0,2,KAFarmTwin-TypedRepair,1.0,1.0,1.0,EXT-DB-040,data_binding,False,2977
1.0,0.00034328,1.0,False,easy,8b7d4695f32523c96c79e649252f6f7b9f85eab9a7f6973a565553a740c47c5f,evaluator_v2.3,1.0,14282.3,2,KAFarmTwin-TypedRepair,0.3043,1.0,1.0,EXT-AR-009,asset_routing,False,2312
0.0,0.0007742000000000001,1.0,False,easy,8b7d4695f32523c96c79e649252f6f7b9f85eab9a7f6973a565553a740c47c5f,evaluator_v2.3,1.0,58672.4,3,SingleAgent-AllTools,0.0435,0.6,0.8889,EXT-AR-009,asset_routing,False,4076
0.0,0.0,1.0,False,medium,8b7d4695f32523c96c79e649252f6f7b9f85eab9a7f6973a565553a740c47c5f,evaluator_v2.3,1.0,0.0,0,SingleAgent-AllTools,1.0,0.0,1.0,EXT-RR-030,rule_repair,False,0
1.0,0.00019446,1.0,True,medium,8b7d4695f32523c96c79e649252f6f7b9f85eab9a7f6973a565553a740c47c5f,evaluator_v2.3,1.0,724.3,1,KAFarmTwin-TypedRepair,1.0,1.0,1.0,EXT-RR-030,rule_repair,False,1381
1.0,0.00037478,1.0,False,medium,8b7d4695f32523c96c79e649252f6f7b9f85eab9a7f6973a565553a740c47c5f,evaluator_v2.3,1.0,7856.5,2,KAFarmTwin-TypedRepair,0.1935,1.0,1.0,EXT-AR-019,asset_routing,False,2512
0.0,0.0008638000000000001,1.0,False,medium,8b7d4695f32523c96c79e649252f6f7b9f85eab9a7f6973a565553a740c47c5f,evaluator_v2.3,1.0,69083.7,3,SingleAgent-AllTools,0.022,0.7273,0.6154,EXT-AR-019,asset_routing,False,4458
0.0,0.00061068,1.0,False,medium,8b7d4695f32523c96c79e649252f6f7b9f85eab9a7f6973a565553a740c47c5f,evaluator_v2.3,1.0,39323.1,3,SingleAgent-AllTools,1.0,0.8,0.5714,EXT-SC-029,scene_construction,False,3507
0.0,0.00061012,1.0,False,medium,8b7d4695f32523c96c79e649252f6f7b9f85eab9a7f6973a565553a740c47c5f,evaluator_v2.3,1.0,36036.5,3,KAFarmTwin-TypedRepair,1.0,0.8,1.0,EXT-SC-029,scene_construction,False,3497
0.0,0.0006139,1.0,False,easy,8b7d4695f32523c96c79e649252f6f7b9f85eab9a7f6973a565553a740c47c5f,evaluator_v2.3,1.0,35572.1,3,KAFarmTwin-TypedRepair,1.0,0.6667,1.0,EXT-SC-011,scene_construction,False,3516
0.0,0.00054474,1.0,False,easy,8b7d4695f32523c96c79e649252f6f7b9f85eab9a7f6973a565553a740c47c5f,evaluator_v2.3,1.0,19810.8,3,SingleAgent-AllTools,1.0,0.75,0.6667,EXT-SC-011,scene_construction,False,3257
0.0,0.0,1.0,False,medium,8b7d4695f32523c96c79e649252f6f7b9f85eab9a7f6973a565553a740c47c5f,evaluator_v2.3,1.0,0.0,0,SingleAgent-AllTools,1.0,0.0,1.0,EXT-RR-016,rule_repair,False,0
1.0,0.0001974,1.0,True,medium,8b7d4695f32523c96c79e649252f6f7b9f85eab9a7f6973a565553a740c47c5f,evaluator_v2.3,1.0,808.8,1,KAFarmTwin-TypedRepair,1.0,1.0,1.0,EXT-RR-016,rule_repair,False,1402
1.0,0.00037898,1.0,False,medium,8b7d4695f32523c96c79e649252f6f7b9f85eab9a7f6973a565553a740c47c5f,evaluator_v2.3,1.0,8937.6,2,KAFarmTwin-TypedRepair,0.2647,1.0,1.0,EXT-AR-040,asset_routing,False,2503
0.0,0.0004501,0.0,False,medium,8b7d4695f32523c96c79e649252f6f7b9f85eab9a7f6973a565553a740c47c5f,evaluator_v2.3,0.0,25817.2,1,SingleAgent-AllTools,0.0,0.0,0.0,EXT-AR-040,asset_routing,False,2015
0.0,0.0,1.0,False,easy,8b7d4695f32523c96c79e649252f6f7b9f85eab9a7f6973a565553a740c47c5f,evaluator_v2.3,1.0,0.4,0,SingleAgent-AllTools,1.0,0.0,1.0,EXT-RR-014,rule_repair,False,0
1.0,0.00017836,1.0,True,easy,8b7d4695f32523c96c79e649252f6f7b9f85eab9a7f6973a565553a740c47c5f,evaluator_v2.3,1.0,1799.4,1,KAFarmTwin-TypedRepair,1.0,1.0,1.0,EXT-RR-014,rule_repair,False,1266
1.0,0.00065982,1.0,True,hard,8b7d4695f32523c96c79e649252f6f7b9f85eab9a7f6973a565553a740c47c5f,evaluator_v2.3,1.0,24104.2,2,KAFarmTwin-TypedRepair,1.0,1.0,1.0,EXT-DB-059,data_binding,False,4136
1.0,0.00031304,1.0,True,hard,8b7d4695f32523c96c79e649252f6f7b9f85eab9a7f6973a565553a740c47c5f,evaluator_v2.3,1.0,17028.1,1,SingleAgent-AllTools,1.0,1.0,0.0,EXT-DB-059,data_binding,False,1667
1.0,0.00019768,1.0,True,easy,8b7d4695f32523c96c79e649252f6f7b9f85eab9a7f6973a565553a740c47c5f,evaluator_v2.3,1.0,10909.6,1,SingleAgent-AllTools,1.0,1.0,0.0,EXT-DB-005,data_binding,False,1171
1.0,0.00040432,1.0,True,easy,8b7d4695f32523c96c79e649252f6f7b9f85eab9a7f6973a565553a740c47c5f,evaluator_v2.3,1.0,11683.1,2,KAFarmTwin-TypedRepair,1.0,1.0,1.0,EXT-DB-005,data_binding,False,2639
1.0,0.00039662,1.0,True,easy,8b7d4695f32523c96c79e649252f6f7b9f85eab9a7f6973a565553a740c47c5f,evaluator_v2.3,1.0,9939.6,2,KAFarmTwin-TypedRepair,1.0,1.0,1.0,EXT-DB-014,data_binding,False,2613
1.0,0.00018914,1.0,True,easy,8b7d4695f32523c96c79e649252f6f7b9f85eab9a7f6973a565553a740c47c5f,evaluator_v2.3,1.0,6440.3,1,SingleAgent-AllTools,1.0,1.0,0.0,EXT-DB-014,data_binding,False,1139
0.0,0.00064596,1.0,True,hard,8b7d4695f32523c96c79e649252f6f7b9f85eab9a7f6973a565553a740c47c5f,evaluator_v2.3,1.0,45598.0,3,SingleAgent-AllTools,1.0,1.0,0.625,EXT-SC-049,scene_construction,False,3645
0.0,0.00073444,1.0,True,hard,8b7d4695f32523c96c79e649252f6f7b9f85eab9a7f6973a565553a740c47c5f,evaluator_v2.3,1.0,63071.2,3,KAFarmTwin-TypedRepair,1.0,1.0,1.0,EXT-SC-049,scene_construction,False,3985
1.0,0.00021518,1.0,True,hard,8b7d4695f32523c96c79e649252f6f7b9f85eab9a7f6973a565553a740c47c5f,evaluator_v2.3,1.0,1360.4,1,KAFarmTwin-TypedRepair,1.0,1.0,1.0,EXT-RR-048,rule_repair,False,1529
0.0,0.0,1.0,False,hard,8b7d4695f32523c96c79e649252f6f7b9f85eab9a7f6973a565553a740c47c5f,evaluator_v2.3,1.0,0.0,0,SingleAgent-AllTools,1.0,0.0,1.0,EXT-RR-048,rule_repair,False,0
0.0,0.00068166,1.0,True,hard,8b7d4695f32523c96c79e649252f6f7b9f85eab9a7f6973a565553a740c47c5f,evaluator_v2.3,1.0,48795.3,3,SingleAgent-AllTools,1.0,1.0,0.625,EXT-SC-050,scene_construction,False,3780
0.0,0.00065842,1.0,True,hard,8b7d4695f32523c96c79e649252f6f7b9f85eab9a7f6973a565553a740c47c5f,evaluator_v2.3,1.0,31346.2,3,KAFarmTwin-TypedRepair,1.0,1.0,1.0,EXT-SC-050,scene_construction,False,3697
0.0,0.0,1.0,True,medium,8b7d4695f32523c96c79e649252f6f7b9f85eab9a7f6973a565553a740c47c5f,evaluator_v2.3,1.0,1.4,0,KAFarmTwin-TypedRepair,0.0,0.0,0.0,EXT-MQ-039,memory_query,False,0
0.0,0.0,1.0,True,medium,8b7d4695f32523c96c79e649252f6f7b9f85eab9a7f6973a565553a740c47c5f,evaluator_v2.3,1.0,1.1,0,SingleAgent-AllTools,0.0,0.0,0.0,EXT-MQ-039,memory_query,False,0
0.0,0.0007635599999999999,1.0,False,easy,8b7d4695f32523c96c79e649252f6f7b9f85eab9a7f6973a565553a740c47c5f,evaluator_v2.3,1.0,44461.2,3,SingleAgent-AllTools,0.0435,0.6667,0.7,EXT-AR-002,asset_routing,False,4045
1.0,0.00034076,1.0,False,easy,8b7d4695f32523c96c79e649252f6f7b9f85eab9a7f6973a565553a740c47c5f,evaluator_v2.3,1.0,7329.3,2,KAFarmTwin-TypedRepair,0.2727,1.0,1.0,EXT-AR-002,asset_routing,False,2297
1.0,0.00019516,1.0,True,medium,8b7d4695f32523c96c79e649252f6f7b9f85eab9a7f6973a565553a740c47c5f,evaluator_v2.3,1.0,645.8,1,KAFarmTwin-TypedRepair,1.0,1.0,1.0,EXT-RR-042,rule_repair,False,1386
0.0,0.0,1.0,False,medium,8b7d4695f32523c96c79e649252f6f7b9f85eab9a7f6973a565553a740c47c5f,evaluator_v2.3,1.0,0.0,0,SingleAgent-AllTools,1.0,0.0,1.0,EXT-RR-042,rule_repair,False,0
0.0,0.00090426,1.0,False,hard,8b7d4695f32523c96c79e649252f6f7b9f85eab9a7f6973a565553a740c47c5f,evaluator_v2.3,1.0,62515.8,3,SingleAgent-AllTools,0.0563,0.6154,0.8,EXT-AR-059,asset_routing,False,4638
1.0,0.00040795999999999996,1.0,False,hard,8b7d4695f32523c96c79e649252f6f7b9f85eab9a7f6973a565553a740c47c5f,evaluator_v2.3,1.0,5695.2,2,KAFarmTwin-TypedRepair,0.3667,1.0,1.0,EXT-AR-059,asset_routing,False,2724
1.0,0.00037632,1.0,False,medium,8b7d4695f32523c96c79e649252f6f7b9f85eab9a7f6973a565553a740c47c5f,evaluator_v2.3,1.0,7055.6,2,KAFarmTwin-TypedRepair,0.4444,1.0,1.0,EXT-AR-021,asset_routing,False,2487
0.0,0.00085218,1.0,False,medium,8b7d4695f32523c96c79e649252f6f7b9f85eab9a7f6973a565553a740c47c5f,evaluator_v2.3,1.0,73157.4,3,SingleAgent-AllTools,0.0556,0.3333,0.9,EXT-AR-021,asset_routing,False,4401
0.0,0.00059612,1.0,False,medium,8b7d4695f32523c96c79e649252f6f7b9f85eab9a7f6973a565553a740c47c5f,evaluator_v2.3,1.0,58020.6,3,SingleAgent-AllTools,0.0526,0.5,0.8333,EXT-AR-041,asset_routing,False,3431
1.0,0.0003836,1.0,False,medium,8b7d4695f32523c96c79e649252f6f7b9f85eab9a7f6973a565553a740c47c5f,evaluator_v2.3,1.0,23828.4,2,KAFarmTwin-TypedRepair,0.2632,1.0,1.0,EXT-AR-041,asset_routing,False,2518
1.0,0.00044842,1.0,True,medium,8b7d4695f32523c96c79e649252f6f7b9f85eab9a7f6973a565553a740c47c5f,evaluator_v2.3,1.0,12014.2,2,KAFarmTwin-TypedRepair,1.0,1.0,1.0,EXT-DB-026,data_binding,False,2912
1.0,0.00021378,1.0,True,medium,8b7d4695f32523c96c79e649252f6f7b9f85eab9a7f6973a565553a740c47c5f,evaluator_v2.3,1.0,9601.0,1,SingleAgent-AllTools,1.0,1.0,0.0,EXT-DB-026,data_binding,False,1244
1.0,0.00023534,1.0,True,medium,8b7d4695f32523c96c79e649252f6f7b9f85eab9a7f6973a565553a740c47c5f,evaluator_v2.3,1.0,10086.3,1,SingleAgent-AllTools,1.0,1.0,0.0,EXT-DB-024,data_binding,False,1324
1.0,0.00047362,1.0,True,medium,8b7d4695f32523c96c79e649252f6f7b9f85eab9a7f6973a565553a740c47c5f,evaluator_v2.3,1.0,12275.5,2,KAFarmTwin-TypedRepair,1.0,1.0,1.0,EXT-DB-024,data_binding,False,3018
1.0,0.00034608,1.0,False,easy,8b7d4695f32523c96c79e649252f6f7b9f85eab9a7f6973a565553a740c47c5f,evaluator_v2.3,1.0,12512.9,2,KAFarmTwin-TypedRepair,0.3158,1.0,1.0,EXT-AR-008,asset_routing,False,2294
0.0,0.00074788,1.0,False,easy,8b7d4695f32523c96c79e649252f6f7b9f85eab9a7f6973a565553a740c47c5f,evaluator_v2.3,1.0,53416.8,3,SingleAgent-AllTools,0.0526,0.6667,0.875,EXT-AR-008,asset_routing,False,3977
0.0,0.0006511399999999999,1.0,False,hard,8b7d4695f32523c96c79e649252f6f7b9f85eab9a7f6973a565553a740c47c5f,evaluator_v2.3,1.0,63686.6,3,SingleAgent-AllTools,0.9888,0.5455,0.5714,EXT-SC-046,scene_construction,False,3645
0.0,0.00063574,1.0,False,hard,8b7d4695f32523c96c79e649252f6f7b9f85eab9a7f6973a565553a740c47c5f,evaluator_v2.3,1.0,47333.1,3,KAFarmTwin-TypedRepair,0.9888,0.6,1.0,EXT-SC-046,scene_construction,False,3581
0.0,0.0,1.0,True,medium,8b7d4695f32523c96c79e649252f6f7b9f85eab9a7f6973a565553a740c47c5f,evaluator_v2.3,1.0,2.9,0,KAFarmTwin-TypedRepair,0.0,0.0,0.0,EXT-MQ-029,memory_query,False,0
0.0,0.0,1.0,True,medium,8b7d4695f32523c96c79e649252f6f7b9f85eab9a7f6973a565553a740c47c5f,evaluator_v2.3,1.0,1.6,0,SingleAgent-AllTools,0.0,0.0,0.0,EXT-MQ-029,memory_query,False,0
0.0,0.0,1.0,True,easy,8b7d4695f32523c96c79e649252f6f7b9f85eab9a7f6973a565553a740c47c5f,evaluator_v2.3,1.0,1.2,0,SingleAgent-AllTools,0.0,0.0,0.0,EXT-MQ-008,memory_query,False,0
0.0,0.0,1.0,True,easy,8b7d4695f32523c96c79e649252f6f7b9f85eab9a7f6973a565553a740c47c5f,evaluator_v2.3,1.0,1.4,0,KAFarmTwin-TypedRepair,0.0,0.0,0.0,EXT-MQ-008,memory_query,False,0
1.0,0.00021518,1.0,True,hard,8b7d4695f32523c96c79e649252f6f7b9f85eab9a7f6973a565553a740c47c5f,evaluator_v2.3,1.0,852.0,1,KAFarmTwin-TypedRepair,1.0,1.0,1.0,EXT-RR-052,rule_repair,False,1529
0.0,0.0,1.0,False,hard,8b7d4695f32523c96c79e649252f6f7b9f85eab9a7f6973a565553a740c47c5f,evaluator_v2.3,1.0,0.0,0,SingleAgent-AllTools,1.0,0.0,1.0,EXT-RR-052,rule_repair,False,0
1.0,0.00026992,1.0,True,medium,8b7d4695f32523c96c79e649252f6f7b9f85eab9a7f6973a565553a740c47c5f,evaluator_v2.3,1.0,24485.0,1,SingleAgent-AllTools,1.0,1.0,0.0,EXT-DB-021,data_binding,False,1468
1.0,0.00053494,1.0,True,medium,8b7d4695f32523c96c79e649252f6f7b9f85eab9a7f6973a565553a740c47c5f,evaluator_v2.3,1.0,15323.2,2,KAFarmTwin-TypedRepair,1.0,1.0,1.0,EXT-DB-021,data_binding,False,3353
1.0,0.00017416,1.0,True,easy,8b7d4695f32523c96c79e649252f6f7b9f85eab9a7f6973a565553a740c47c5f,evaluator_v2.3,1.0,762.3,1,KAFarmTwin-TypedRepair,1.0,1.0,1.0,EXT-RR-003,rule_repair,False,1236
0.0,0.0,1.0,False,easy,8b7d4695f32523c96c79e649252f6f7b9f85eab9a7f6973a565553a740c47c5f,evaluator_v2.3,1.0,0.0,0,SingleAgent-AllTools,1.0,0.0,1.0,EXT-RR-003,rule_repair,False,0
0.0,0.0,1.0,False,medium,8b7d4695f32523c96c79e649252f6f7b9f85eab9a7f6973a565553a740c47c5f,evaluator_v2.3,1.0,0.0,0,SingleAgent-AllTools,1.0,0.0,1.0,EXT-RR-029,rule_repair,False,0
1.0,0.00019306,1.0,True,medium,8b7d4695f32523c96c79e649252f6f7b9f85eab9a7f6973a565553a740c47c5f,evaluator_v2.3,1.0,854.9,1,KAFarmTwin-TypedRepair,1.0,1.0,1.0,EXT-RR-029,rule_repair,False,1371
1.0,0.00019572,1.0,True,medium,8b7d4695f32523c96c79e649252f6f7b9f85eab9a7f6973a565553a740c47c5f,evaluator_v2.3,1.0,753.8,1,KAFarmTwin-TypedRepair,1.0,1.0,1.0,EXT-RR-038,rule_repair,False,1390
0.0,0.0,1.0,False,medium,8b7d4695f32523c96c79e649252f6f7b9f85eab9a7f6973a565553a740c47c5f,evaluator_v2.3,1.0,0.0,0,SingleAgent-AllTools,1.0,0.0,1.0,EXT-RR-038,rule_repair,False,0
0.0,0.0,1.0,False,easy,8b7d4695f32523c96c79e649252f6f7b9f85eab9a7f6973a565553a740c47c5f,evaluator_v2.3,1.0,0.0,0,SingleAgent-AllTools,1.0,0.0,1.0,EXT-RR-009,rule_repair,False,0
1.0,0.00017626,1.0,True,easy,8b7d4695f32523c96c79e649252f6f7b9f85eab9a7f6973a565553a740c47c5f,evaluator_v2.3,1.0,3611.1,1,KAFarmTwin-TypedRepair,1.0,1.0,1.0,EXT-RR-009,rule_repair,False,1251
0.0,0.00064372,1.0,False,hard,8b7d4695f32523c96c79e649252f6f7b9f85eab9a7f6973a565553a740c47c5f,evaluator_v2.3,1.0,56774.4,3,KAFarmTwin-TypedRepair,0.9908,0.7273,1.0,EXT-SC-051,scene_construction,False,3613
0.0,0.00059696,1.0,False,hard,8b7d4695f32523c96c79e649252f6f7b9f85eab9a7f6973a565553a740c47c5f,evaluator_v2.3,1.0,32762.2,3,SingleAgent-AllTools,0.9908,0.5455,0.5714,EXT-SC-051,scene_construction,False,3458
0.0,0.0,1.0,False,medium,8b7d4695f32523c96c79e649252f6f7b9f85eab9a7f6973a565553a740c47c5f,evaluator_v2.3,1.0,0.0,0,SingleAgent-AllTools,1.0,0.0,1.0,EXT-RR-037,rule_repair,False,0
1.0,0.00019278,1.0,True,medium,8b7d4695f32523c96c79e649252f6f7b9f85eab9a7f6973a565553a740c47c5f,evaluator_v2.3,1.0,1028.0,1,KAFarmTwin-TypedRepair,1.0,1.0,1.0,EXT-RR-037,rule_repair,False,1369
1.0,0.00019502,1.0,True,medium,8b7d4695f32523c96c79e649252f6f7b9f85eab9a7f6973a565553a740c47c5f,evaluator_v2.3,1.0,795.1,1,KAFarmTwin-TypedRepair,1.0,1.0,1.0,EXT-RR-034,rule_repair,False,1385
0.0,0.0,1.0,False,medium,8b7d4695f32523c96c79e649252f6f7b9f85eab9a7f6973a565553a740c47c5f,evaluator_v2.3,1.0,0.0,0,SingleAgent-AllTools,1.0,0.0,1.0,EXT-RR-034,rule_repair,False,0
0.0,0.00064232,1.0,False,medium,8b7d4695f32523c96c79e649252f6f7b9f85eab9a7f6973a565553a740c47c5f,evaluator_v2.3,1.0,36170.7,3,SingleAgent-AllTools,1.0,0.8,0.5714,EXT-SC-022,scene_construction,False,3594
0.0,0.00062132,1.0,True,medium,8b7d4695f32523c96c79e649252f6f7b9f85eab9a7f6973a565553a740c47c5f,evaluator_v2.3,1.0,32658.2,3,KAFarmTwin-TypedRepair,1.0,1.0,1.0,EXT-SC-022,scene_construction,False,3519
0.0,0.0,1.0,True,medium,8b7d4695f32523c96c79e649252f6f7b9f85eab9a7f6973a565553a740c47c5f,evaluator_v2.3,1.0,2.0,0,KAFarmTwin-TypedRepair,0.0,0.0,0.0,EXT-MQ-032,memory_query,False,0
0.0,0.0,1.0,True,medium,8b7d4695f32523c96c79e649252f6f7b9f85eab9a7f6973a565553a740c47c5f,evaluator_v2.3,1.0,1.6,0,SingleAgent-AllTools,0.0,0.0,0.0,EXT-MQ-032,memory_query,False,0
1.0,0.0002702,1.0,True,medium,8b7d4695f32523c96c79e649252f6f7b9f85eab9a7f6973a565553a740c47c5f,evaluator_v2.3,1.0,12101.8,1,SingleAgent-AllTools,1.0,1.0,0.0,EXT-DB-037,data_binding,False,1469
1.0,0.00053522,1.0,True,medium,8b7d4695f32523c96c79e649252f6f7b9f85eab9a7f6973a565553a740c47c5f,evaluator_v2.3,1.0,19672.7,2,KAFarmTwin-TypedRepair,1.0,1.0,1.0,EXT-DB-037,data_binding,False,3354
1.0,0.00021392,1.0,True,hard,8b7d4695f32523c96c79e649252f6f7b9f85eab9a7f6973a565553a740c47c5f,evaluator_v2.3,1.0,1643.9,1,KAFarmTwin-TypedRepair,1.0,1.0,1.0,EXT-RR-056,rule_repair,False,1520
0.0,0.0,1.0,False,hard,8b7d4695f32523c96c79e649252f6f7b9f85eab9a7f6973a565553a740c47c5f,evaluator_v2.3,1.0,0.0,0,SingleAgent-AllTools,1.0,0.0,1.0,EXT-RR-056,rule_repair,False,0
0.0,0.0,1.0,False,medium,8b7d4695f32523c96c79e649252f6f7b9f85eab9a7f6973a565553a740c47c5f,evaluator_v2.3,1.0,0.0,0,SingleAgent-AllTools,1.0,0.0,1.0,EXT-RR-021,rule_repair,False,0
1.0,0.00019236,1.0,True,medium,8b7d4695f32523c96c79e649252f6f7b9f85eab9a7f6973a565553a740c47c5f,evaluator_v2.3,1.0,934.6,1,KAFarmTwin-TypedRepair,1.0,1.0,1.0,EXT-RR-021,rule_repair,False,1366
0.0,0.0,1.0,True,easy,8b7d4695f32523c96c79e649252f6f7b9f85eab9a7f6973a565553a740c47c5f,evaluator_v2.3,1.0,1.6,0,KAFarmTwin-TypedRepair,0.0,0.0,0.0,EXT-MQ-004,memory_query,False,0
0.0,0.0,1.0,True,easy,8b7d4695f32523c96c79e649252f6f7b9f85eab9a7f6973a565553a740c47c5f,evaluator_v2.3,1.0,1.3,0,SingleAgent-AllTools,0.0,0.0,0.0,EXT-MQ-004,memory_query,False,0
0.0,0.00044996,0.0,False,medium,8b7d4695f32523c96c79e649252f6f7b9f85eab9a7f6973a565553a740c47c5f,evaluator_v2.3,0.0,40482.0,1,SingleAgent-AllTools,0.0,0.0,0.0,EXT-AR-045,asset_routing,False,2014
1.0,0.00037982,1.0,False,medium,8b7d4695f32523c96c79e649252f6f7b9f85eab9a7f6973a565553a740c47c5f,evaluator_v2.3,1.0,10914.3,2,KAFarmTwin-TypedRepair,0.2963,1.0,1.0,EXT-AR-045,asset_routing,False,2510
1.0,0.00041089999999999996,1.0,False,hard,8b7d4695f32523c96c79e649252f6f7b9f85eab9a7f6973a565553a740c47c5f,evaluator_v2.3,1.0,12487.4,2,KAFarmTwin-TypedRepair,0.1935,1.0,1.0,EXT-AR-054,asset_routing,False,2708
0.0,0.00071414,1.0,False,hard,8b7d4695f32523c96c79e649252f6f7b9f85eab9a7f6973a565553a740c47c5f,evaluator_v2.3,1.0,411386.3,3,SingleAgent-AllTools,0.1613,0.9091,0.875,EXT-AR-054,asset_routing,False,3875
0.0,0.0,1.0,True,medium,8b7d4695f32523c96c79e649252f6f7b9f85eab9a7f6973a565553a740c47c5f,evaluator_v2.3,1.0,1.3,0,SingleAgent-AllTools,0.0,0.0,0.0,EXT-MQ-043,memory_query,False,0
0.0,0.0,1.0,True,medium,8b7d4695f32523c96c79e649252f6f7b9f85eab9a7f6973a565553a740c47c5f,evaluator_v2.3,1.0,1.0,0,KAFarmTwin-TypedRepair,0.0,0.0,0.0,EXT-MQ-043,memory_query,False,0
1.0,0.0001813,1.0,True,easy,8b7d4695f32523c96c79e649252f6f7b9f85eab9a7f6973a565553a740c47c5f,evaluator_v2.3,1.0,1248.3,1,KAFarmTwin-TypedRepair,1.0,1.0,1.0,EXT-RR-004,rule_repair,False,1287
0.0,0.0,1.0,False,easy,8b7d4695f32523c96c79e649252f6f7b9f85eab9a7f6973a565553a740c47c5f,evaluator_v2.3,1.0,0.0,0,SingleAgent-AllTools,1.0,0.0,1.0,EXT-RR-004,rule_repair,False,0
1.0,0.00024528,1.0,True,medium,8b7d4695f32523c96c79e649252f6f7b9f85eab9a7f6973a565553a740c47c5f,evaluator_v2.3,1.0,16859.1,1,SingleAgent-AllTools,1.0,1.0,0.0,EXT-DB-019,data_binding,False,1381
1.0,0.00051282,1.0,True,medium,8b7d4695f32523c96c79e649252f6f7b9f85eab9a7f6973a565553a740c47c5f,evaluator_v2.3,1.0,15558.3,2,KAFarmTwin-TypedRepair,1.0,1.0,1.0,EXT-DB-019,data_binding,False,3284
0.0,0.00054754,1.0,False,easy,8b7d4695f32523c96c79e649252f6f7b9f85eab9a7f6973a565553a740c47c5f,evaluator_v2.3,1.0,32202.1,3,KAFarmTwin-TypedRepair,1.0,0.75,1.0,EXT-SC-008,scene_construction,False,3264
0.0,0.00061754,1.0,False,easy,8b7d4695f32523c96c79e649252f6f7b9f85eab9a7f6973a565553a740c47c5f,evaluator_v2.3,1.0,31178.8,3,SingleAgent-AllTools,1.0,0.75,0.6667,EXT-SC-008,scene_construction,False,3511
0.0,0.0007147,1.0,False,hard,8b7d4695f32523c96c79e649252f6f7b9f85eab9a7f6973a565553a740c47c5f,evaluator_v2.3,1.0,166763.9,3,SingleAgent-AllTools,0.1,0.5,0.8889,EXT-AR-052,asset_routing,False,3890
1.0,0.00041314,1.0,False,hard,8b7d4695f32523c96c79e649252f6f7b9f85eab9a7f6973a565553a740c47c5f,evaluator_v2.3,1.0,7778.7,2,KAFarmTwin-TypedRepair,0.3448,1.0,1.0,EXT-AR-052,asset_routing,False,2723
0.0,0.00070238,1.0,False,medium,8b7d4695f32523c96c79e649252f6f7b9f85eab9a7f6973a565553a740c47c5f,evaluator_v2.3,1.0,45093.9,3,KAFarmTwin-TypedRepair,1.0,0.6667,1.0,EXT-SC-019,scene_construction,False,3841
0.0,0.00065534,1.0,False,medium,8b7d4695f32523c96c79e649252f6f7b9f85eab9a7f6973a565553a740c47c5f,evaluator_v2.3,1.0,30600.7,3,SingleAgent-AllTools,1.0,0.8,0.5714,EXT-SC-019,scene_construction,False,3657
0.0,0.0005579,1.0,True,easy,8b7d4695f32523c96c79e649252f6f7b9f85eab9a7f6973a565553a740c47c5f,evaluator_v2.3,1.0,38102.2,3,SingleAgent-AllTools,1.0,1.0,0.6667,EXT-SC-007,scene_construction,False,3292
0.0,0.0005705,1.0,True,easy,8b7d4695f32523c96c79e649252f6f7b9f85eab9a7f6973a565553a740c47c5f,evaluator_v2.3,1.0,29703.1,3,KAFarmTwin-TypedRepair,1.0,1.0,1.0,EXT-SC-007,scene_construction,False,3344
1.0,0.0001925,1.0,True,medium,8b7d4695f32523c96c79e649252f6f7b9f85eab9a7f6973a565553a740c47c5f,evaluator_v2.3,1.0,1036.9,1,KAFarmTwin-TypedRepair,1.0,1.0,1.0,EXT-RR-033,rule_repair,False,1367
0.0,0.0,1.0,False,medium,8b7d4695f32523c96c79e649252f6f7b9f85eab9a7f6973a565553a740c47c5f,evaluator_v2.3,1.0,0.0,0,SingleAgent-AllTools,1.0,0.0,1.0,EXT-RR-033,rule_repair,False,0
0.0,0.00059332,1.0,False,medium,8b7d4695f32523c96c79e649252f6f7b9f85eab9a7f6973a565553a740c47c5f,evaluator_v2.3,1.0,28216.8,3,SingleAgent-AllTools,0.96,1.0,0.8333,EXT-AR-016,asset_routing,False,3416
1.0,0.00037618,1.0,False,medium,8b7d4695f32523c96c79e649252f6f7b9f85eab9a7f6973a565553a740c47c5f,evaluator_v2.3,1.0,7186.8,2,KAFarmTwin-TypedRepair,0.36,1.0,1.0,EXT-AR-016,asset_routing,False,2486
1.0,0.0001757,1.0,True,easy,8b7d4695f32523c96c79e649252f6f7b9f85eab9a7f6973a565553a740c47c5f,evaluator_v2.3,1.0,679.8,1,KAFarmTwin-TypedRepair,1.0,1.0,1.0,EXT-RR-013,rule_repair,False,1247
0.0,0.0,1.0,False,easy,8b7d4695f32523c96c79e649252f6f7b9f85eab9a7f6973a565553a740c47c5f,evaluator_v2.3,1.0,0.0,0,SingleAgent-AllTools,1.0,0.0,1.0,EXT-RR-013,rule_repair,False,0
1.0,0.0002436,1.0,True,medium,8b7d4695f32523c96c79e649252f6f7b9f85eab9a7f6973a565553a740c47c5f,evaluator_v2.3,1.0,11968.3,1,SingleAgent-AllTools,1.0,1.0,0.0,EXT-DB-027,data_binding,False,1373
1.0,0.00050946,1.0,True,medium,8b7d4695f32523c96c79e649252f6f7b9f85eab9a7f6973a565553a740c47c5f,evaluator_v2.3,1.0,17327.5,2,KAFarmTwin-TypedRepair,1.0,1.0,1.0,EXT-DB-027,data_binding,False,3264
1.0,0.00053522,1.0,True,medium,8b7d4695f32523c96c79e649252f6f7b9f85eab9a7f6973a565553a740c47c5f,evaluator_v2.3,1.0,16233.8,2,KAFarmTwin-TypedRepair,1.0,1.0,1.0,EXT-DB-017,data_binding,False,3354
1.0,0.0002702,1.0,True,medium,8b7d4695f32523c96c79e649252f6f7b9f85eab9a7f6973a565553a740c47c5f,evaluator_v2.3,1.0,26337.4,1,SingleAgent-AllTools,1.0,1.0,0.0,EXT-DB-017,data_binding,False,1469
1.0,0.00023212,1.0,True,medium,8b7d4695f32523c96c79e649252f6f7b9f85eab9a7f6973a565553a740c47c5f,evaluator_v2.3,1.0,17525.7,1,SingleAgent-AllTools,1.0,1.0,0.0,EXT-DB-016,data_binding,False,1309
1.0,0.0004676,1.0,True,medium,8b7d4695f32523c96c79e649252f6f7b9f85eab9a7f6973a565553a740c47c5f,evaluator_v2.3,1.0,22784.4,2,KAFarmTwin-TypedRepair,1.0,1.0,1.0,EXT-DB-016,data_binding,False,2983
0.0,0.0,1.0,True,medium,8b7d4695f32523c96c79e649252f6f7b9f85eab9a7f6973a565553a740c47c5f,evaluator_v2.3,1.0,2.2,0,KAFarmTwin-TypedRepair,0.0,0.0,0.0,EXT-MQ-025,memory_query,False,0
0.0,0.0,1.0,True,medium,8b7d4695f32523c96c79e649252f6f7b9f85eab9a7f6973a565553a740c47c5f,evaluator_v2.3,1.0,1.8,0,SingleAgent-AllTools,0.0,0.0,0.0,EXT-MQ-025,memory_query,False,0
0.0,0.00087234,1.0,False,hard,8b7d4695f32523c96c79e649252f6f7b9f85eab9a7f6973a565553a740c47c5f,evaluator_v2.3,1.0,57205.1,3,SingleAgent-AllTools,0.871,0.6154,0.6154,EXT-AR-060,asset_routing,False,4488
1.0,0.00041202000000000003,1.0,False,hard,8b7d4695f32523c96c79e649252f6f7b9f85eab9a7f6973a565553a740c47c5f,evaluator_v2.3,1.0,9337.0,2,KAFarmTwin-TypedRepair,0.2143,1.0,1.0,EXT-AR-060,asset_routing,False,2714
1.0,0.00039228,1.0,True,easy,8b7d4695f32523c96c79e649252f6f7b9f85eab9a7f6973a565553a740c47c5f,evaluator_v2.3,1.0,11619.8,2,KAFarmTwin-TypedRepair,1.0,1.0,1.0,EXT-DB-002,data_binding,False,2588
1.0,0.00018676,1.0,True,easy,8b7d4695f32523c96c79e649252f6f7b9f85eab9a7f6973a565553a740c47c5f,evaluator_v2.3,1.0,8096.2,1,SingleAgent-AllTools,1.0,1.0,0.0,EXT-DB-002,data_binding,False,1128
0.0,0.0,1.0,True,hard,8b7d4695f32523c96c79e649252f6f7b9f85eab9a7f6973a565553a740c47c5f,evaluator_v2.3,1.0,2.5,0,SingleAgent-AllTools,0.0,0.0,0.0,EXT-MQ-049,memory_query,False,0
0.0,0.0,1.0,True,hard,8b7d4695f32523c96c79e649252f6f7b9f85eab9a7f6973a565553a740c47c5f,evaluator_v2.3,1.0,2.0,0,KAFarmTwin-TypedRepair,0.0,0.0,0.0,EXT-MQ-049,memory_query,False,0
0.0,0.0,1.0,True,hard,8b7d4695f32523c96c79e649252f6f7b9f85eab9a7f6973a565553a740c47c5f,evaluator_v2.3,1.0,2.4,0,KAFarmTwin-TypedRepair,0.0,0.0,0.0,EXT-MQ-051,memory_query,False,0
0.0,0.0,1.0,True,hard,8b7d4695f32523c96c79e649252f6f7b9f85eab9a7f6973a565553a740c47c5f,evaluator_v2.3,1.0,1.3,0,SingleAgent-AllTools,0.0,0.0,0.0,EXT-MQ-051,memory_query,False,0
0.0,0.0,1.0,False,hard,8b7d4695f32523c96c79e649252f6f7b9f85eab9a7f6973a565553a740c47c5f,evaluator_v2.3,1.0,0.0,0,SingleAgent-AllTools,1.0,0.0,1.0,EXT-RR-060,rule_repair,False,0
1.0,0.00021406,1.0,True,hard,8b7d4695f32523c96c79e649252f6f7b9f85eab9a7f6973a565553a740c47c5f,evaluator_v2.3,1.0,1275.3,1,KAFarmTwin-TypedRepair,1.0,1.0,1.0,EXT-RR-060,rule_repair,False,1521
1.0,0.00046662,1.0,True,medium,8b7d4695f32523c96c79e649252f6f7b9f85eab9a7f6973a565553a740c47c5f,evaluator_v2.3,1.0,10263.6,2,KAFarmTwin-TypedRepair,1.0,1.0,1.0,EXT-DB-032,data_binding,False,2977
1.0,0.0002317,1.0,True,medium,8b7d4695f32523c96c79e649252f6f7b9f85eab9a7f6973a565553a740c47c5f,evaluator_v2.3,1.0,12152.3,1,SingleAgent-AllTools,1.0,1.0,0.0,EXT-DB-032,data_binding,False,1307
0.0,0.00062986,1.0,False,hard,8b7d4695f32523c96c79e649252f6f7b9f85eab9a7f6973a565553a740c47c5f,evaluator_v2.3,1.0,41532.0,3,SingleAgent-AllTools,0.9877,0.7273,0.5714,EXT-SC-060,scene_construction,False,3563
0.0,0.0006125,1.0,False,hard,8b7d4695f32523c96c79e649252f6f7b9f85eab9a7f6973a565553a740c47c5f,evaluator_v2.3,1.0,36627.5,3,KAFarmTwin-TypedRepair,0.9877,0.5455,1.0,EXT-SC-060,scene_construction,False,3501
1.0,0.00038108,1.0,False,medium,8b7d4695f32523c96c79e649252f6f7b9f85eab9a7f6973a565553a740c47c5f,evaluator_v2.3,1.0,18306.9,2,KAFarmTwin-TypedRepair,0.2381,1.0,1.0,EXT-AR-030,asset_routing,False,2517
0.0,0.0004501,0.0,False,medium,8b7d4695f32523c96c79e649252f6f7b9f85eab9a7f6973a565553a740c47c5f,evaluator_v2.3,0.0,39581.8,1,SingleAgent-AllTools,0.0,0.0,0.0,EXT-AR-030,asset_routing,False,2015
1.0,0.00034538,1.0,True,hard,8b7d4695f32523c96c79e649252f6f7b9f85eab9a7f6973a565553a740c47c5f,evaluator_v2.3,1.0,44291.6,1,SingleAgent-AllTools,1.0,1.0,0.0,EXT-DB-056,data_binding,False,1777
1.0,0.00068908,1.0,True,hard,8b7d4695f32523c96c79e649252f6f7b9f85eab9a7f6973a565553a740c47c5f,evaluator_v2.3,1.0,21493.5,2,KAFarmTwin-TypedRepair,1.0,1.0,1.0,EXT-DB-056,data_binding,False,4224
0.0,0.0007312200000000001,1.0,True,hard,8b7d4695f32523c96c79e649252f6f7b9f85eab9a7f6973a565553a740c47c5f,evaluator_v2.3,1.0,77809.4,3,KAFarmTwin-TypedRepair,1.0,1.0,1.0,EXT-SC-059,scene_construction,False,3957
0.0,0.00070518,1.0,True,hard,8b7d4695f32523c96c79e649252f6f7b9f85eab9a7f6973a565553a740c47c5f,evaluator_v2.3,1.0,40942.5,3,SingleAgent-AllTools,1.0,1.0,0.625,EXT-SC-059,scene_construction,False,3864
0.0,0.00071134,1.0,False,medium,8b7d4695f32523c96c79e649252f6f7b9f85eab9a7f6973a565553a740c47c5f,evaluator_v2.3,1.0,35396.8,3,SingleAgent-AllTools,1.0,0.6667,0.6667,EXT-SC-033,scene_construction,False,3881
0.0,0.0007343,1.0,False,medium,8b7d4695f32523c96c79e649252f6f7b9f85eab9a7f6973a565553a740c47c5f,evaluator_v2.3,1.0,36328.2,3,KAFarmTwin-TypedRepair,1.0,0.6667,1.0,EXT-SC-033,scene_construction,False,3961
1.0,0.0001974,1.0,True,medium,8b7d4695f32523c96c79e649252f6f7b9f85eab9a7f6973a565553a740c47c5f,evaluator_v2.3,1.0,772.3,1,KAFarmTwin-TypedRepair,1.0,1.0,1.0,EXT-RR-020,rule_repair,False,1402
0.0,0.0,1.0,False,medium,8b7d4695f32523c96c79e649252f6f7b9f85eab9a7f6973a565553a740c47c5f,evaluator_v2.3,1.0,0.0,0,SingleAgent-AllTools,1.0,0.0,1.0,EXT-RR-020,rule_repair,False,0
0.0,0.0,1.0,True,medium,8b7d4695f32523c96c79e649252f6f7b9f85eab9a7f6973a565553a740c47c5f,evaluator_v2.3,1.0,2.1,0,SingleAgent-AllTools,0.0,0.0,0.0,EXT-MQ-024,memory_query,False,0
0.0,0.0,1.0,True,medium,8b7d4695f32523c96c79e649252f6f7b9f85eab9a7f6973a565553a740c47c5f,evaluator_v2.3,1.0,1.8,0,KAFarmTwin-TypedRepair,0.0,0.0,0.0,EXT-MQ-024,memory_query,False,0
1.0,0.0006489,1.0,True,hard,8b7d4695f32523c96c79e649252f6f7b9f85eab9a7f6973a565553a740c47c5f,evaluator_v2.3,1.0,20638.2,2,KAFarmTwin-TypedRepair,1.0,1.0,1.0,EXT-DB-060,data_binding,False,4070
1.0,0.00034328,1.0,True,hard,8b7d4695f32523c96c79e649252f6f7b9f85eab9a7f6973a565553a740c47c5f,evaluator_v2.3,1.0,15435.8,1,SingleAgent-AllTools,1.0,1.0,0.0,EXT-DB-060,data_binding,False,1767
0.0,0.0,1.0,True,easy,8b7d4695f32523c96c79e649252f6f7b9f85eab9a7f6973a565553a740c47c5f,evaluator_v2.3,1.0,1.8,0,SingleAgent-AllTools,0.0,0.0,0.0,EXT-MQ-013,memory_query,False,0
0.0,0.0,1.0,True,easy,8b7d4695f32523c96c79e649252f6f7b9f85eab9a7f6973a565553a740c47c5f,evaluator_v2.3,1.0,1.5,0,KAFarmTwin-TypedRepair,0.0,0.0,0.0,EXT-MQ-013,memory_query,False,0
0.0,0.0,1.0,True,medium,8b7d4695f32523c96c79e649252f6f7b9f85eab9a7f6973a565553a740c47c5f,evaluator_v2.3,1.0,1.9,0,KAFarmTwin-TypedRepair,0.0,0.0,0.0,EXT-MQ-042,memory_query,False,0
0.0,0.0,1.0,True,medium,8b7d4695f32523c96c79e649252f6f7b9f85eab9a7f6973a565553a740c47c5f,evaluator_v2.3,1.0,1.7,0,SingleAgent-AllTools,0.0,0.0,0.0,EXT-MQ-042,memory_query,False,0
1.0,0.0002457,1.0,True,medium,8b7d4695f32523c96c79e649252f6f7b9f85eab9a7f6973a565553a740c47c5f,evaluator_v2.3,1.0,18424.2,1,SingleAgent-AllTools,1.0,1.0,0.0,EXT-DB-023,data_binding,False,1383
1.0,0.00051352,1.0,True,medium,8b7d4695f32523c96c79e649252f6f7b9f85eab9a7f6973a565553a740c47c5f,evaluator_v2.3,1.0,12319.0,2,KAFarmTwin-TypedRepair,1.0,1.0,1.0,EXT-DB-023,data_binding,False,3288
0.0,0.00057596,1.0,True,easy,8b7d4695f32523c96c79e649252f6f7b9f85eab9a7f6973a565553a740c47c5f,evaluator_v2.3,1.0,28096.4,3,KAFarmTwin-TypedRepair,1.0,1.0,1.0,EXT-SC-015,scene_construction,False,3366
0.0,0.0005843599999999999,1.0,True,easy,8b7d4695f32523c96c79e649252f6f7b9f85eab9a7f6973a565553a740c47c5f,evaluator_v2.3,1.0,34429.3,3,SingleAgent-AllTools,1.0,1.0,0.6667,EXT-SC-015,scene_construction,False,3396
0.0,0.0,1.0,True,medium,8b7d4695f32523c96c79e649252f6f7b9f85eab9a7f6973a565553a740c47c5f,evaluator_v2.3,1.0,1.3,0,SingleAgent-AllTools,0.0,0.0,0.0,EXT-MQ-020,memory_query,False,0
0.0,0.0,1.0,True,medium,8b7d4695f32523c96c79e649252f6f7b9f85eab9a7f6973a565553a740c47c5f,evaluator_v2.3,1.0,1.1,0,KAFarmTwin-TypedRepair,0.0,0.0,0.0,EXT-MQ-020,memory_query,False,0
0.0,0.00048454,1.0,True,easy,8b7d4695f32523c96c79e649252f6f7b9f85eab9a7f6973a565553a740c47c5f,evaluator_v2.3,1.0,13370.7,3,KAFarmTwin-TypedRepair,1.0,1.0,1.0,EXT-SC-001,scene_construction,False,2988
0.0,0.0005019,1.0,False,easy,8b7d4695f32523c96c79e649252f6f7b9f85eab9a7f6973a565553a740c47c5f,evaluator_v2.3,1.0,24628.4,3,SingleAgent-AllTools,1.0,0.6667,0.8,EXT-SC-001,scene_construction,False,3055
1.0,0.00018774,1.0,True,easy,8b7d4695f32523c96c79e649252f6f7b9f85eab9a7f6973a565553a740c47c5f,evaluator_v2.3,1.0,15682.1,1,SingleAgent-AllTools,1.0,1.0,0.0,EXT-DB-007,data_binding,False,1133
1.0,0.0003941,1.0,True,easy,8b7d4695f32523c96c79e649252f6f7b9f85eab9a7f6973a565553a740c47c5f,evaluator_v2.3,1.0,11938.3,2,KAFarmTwin-TypedRepair,1.0,1.0,1.0,EXT-DB-007,data_binding,False,2599
1.0,0.00044912,1.0,True,medium,8b7d4695f32523c96c79e649252f6f7b9f85eab9a7f6973a565553a740c47c5f,evaluator_v2.3,1.0,14680.7,2,KAFarmTwin-TypedRepair,1.0,1.0,1.0,EXT-DB-022,data_binding,False,2916
1.0,0.0002142,1.0,True,medium,8b7d4695f32523c96c79e649252f6f7b9f85eab9a7f6973a565553a740c47c5f,evaluator_v2.3,1.0,14387.2,1,SingleAgent-AllTools,1.0,1.0,0.0,EXT-DB-022,data_binding,False,1246
0.0,0.0004473,1.0,False,easy,8b7d4695f32523c96c79e649252f6f7b9f85eab9a7f6973a565553a740c47c5f,evaluator_v2.3,0.0,30974.7,1,SingleAgent-AllTools,0.0,0.0,0.0,EXT-AR-005,asset_routing,False,1995
1.0,0.00034328,1.0,False,easy,8b7d4695f32523c96c79e649252f6f7b9f85eab9a7f6973a565553a740c47c5f,evaluator_v2.3,1.0,9085.3,2,KAFarmTwin-TypedRepair,0.2647,1.0,1.0,EXT-AR-005,asset_routing,False,2278
1.0,0.00019138,1.0,True,medium,8b7d4695f32523c96c79e649252f6f7b9f85eab9a7f6973a565553a740c47c5f,evaluator_v2.3,1.0,11642.4,1,KAFarmTwin-TypedRepair,1.0,1.0,1.0,EXT-RR-039,rule_repair,False,1359
0.0,0.0,1.0,False,medium,8b7d4695f32523c96c79e649252f6f7b9f85eab9a7f6973a565553a740c47c5f,evaluator_v2.3,1.0,0.1,0,SingleAgent-AllTools,1.0,0.0,1.0,EXT-RR-039,rule_repair,False,0
0.0,0.00081102,1.0,False,easy,8b7d4695f32523c96c79e649252f6f7b9f85eab9a7f6973a565553a740c47c5f,evaluator_v2.3,1.0,52065.3,3,SingleAgent-AllTools,0.0556,0.75,0.4615,EXT-AR-007,asset_routing,False,4235
1.0,0.0003409,1.0,False,easy,8b7d4695f32523c96c79e649252f6f7b9f85eab9a7f6973a565553a740c47c5f,evaluator_v2.3,1.0,10746.6,2,KAFarmTwin-TypedRepair,0.3333,1.0,1.0,EXT-AR-007,asset_routing,False,2298
0.0,0.0006096999999999999,1.0,True,medium,8b7d4695f32523c96c79e649252f6f7b9f85eab9a7f6973a565553a740c47c5f,evaluator_v2.3,1.0,30072.7,3,KAFarmTwin-TypedRepair,1.0,1.0,1.0,EXT-SC-026,scene_construction,False,3491
0.0,0.00062818,1.0,True,medium,8b7d4695f32523c96c79e649252f6f7b9f85eab9a7f6973a565553a740c47c5f,evaluator_v2.3,1.0,35175.8,3,SingleAgent-AllTools,1.0,1.0,0.5714,EXT-SC-026,scene_construction,False,3553
0.0,0.00060802,1.0,False,medium,8b7d4695f32523c96c79e649252f6f7b9f85eab9a7f6973a565553a740c47c5f,evaluator_v2.3,1.0,42027.7,3,SingleAgent-AllTools,0.0455,1.0,0.8333,EXT-AR-022,asset_routing,False,3474
1.0,0.00037478,1.0,False,medium,8b7d4695f32523c96c79e649252f6f7b9f85eab9a7f6973a565553a740c47c5f,evaluator_v2.3,1.0,15831.9,2,KAFarmTwin-TypedRepair,0.4091,1.0,1.0,EXT-AR-022,asset_routing,False,2513
0.0,0.00057204,1.0,True,easy,8b7d4695f32523c96c79e649252f6f7b9f85eab9a7f6973a565553a740c47c5f,evaluator_v2.3,1.0,25683.8,3,KAFarmTwin-TypedRepair,1.0,0.75,1.0,EXT-SC-003,scene_construction,False,3326
0.0,0.00050204,1.0,False,easy,8b7d4695f32523c96c79e649252f6f7b9f85eab9a7f6973a565553a740c47c5f,evaluator_v2.3,1.0,33749.6,3,SingleAgent-AllTools,1.0,0.6667,0.8,EXT-SC-003,scene_construction,False,3057
0.0,0.00044996,0.0,False,medium,8b7d4695f32523c96c79e649252f6f7b9f85eab9a7f6973a565553a740c47c5f,evaluator_v2.3,0.0,48411.0,1,SingleAgent-AllTools,0.0,0.0,0.0,EXT-AR-025,asset_routing,False,2014
1.0,0.00037772,1.0,False,medium,8b7d4695f32523c96c79e649252f6f7b9f85eab9a7f6973a565553a740c47c5f,evaluator_v2.3,1.0,15767.7,2,KAFarmTwin-TypedRepair,0.2143,1.0,1.0,EXT-AR-025,asset_routing,False,2496
0.0,0.0,1.0,True,hard,8b7d4695f32523c96c79e649252f6f7b9f85eab9a7f6973a565553a740c47c5f,evaluator_v2.3,1.0,1.5,0,KAFarmTwin-TypedRepair,0.0,0.0,0.0,EXT-MQ-048,memory_query,False,0
0.0,0.0,1.0,True,hard,8b7d4695f32523c96c79e649252f6f7b9f85eab9a7f6973a565553a740c47c5f,evaluator_v2.3,1.0,1.1,0,SingleAgent-AllTools,0.0,0.0,0.0,EXT-MQ-048,memory_query,False,0
0.0,0.00058548,1.0,True,easy,8b7d4695f32523c96c79e649252f6f7b9f85eab9a7f6973a565553a740c47c5f,evaluator_v2.3,1.0,41677.2,3,SingleAgent-AllTools,1.0,1.0,0.6667,EXT-SC-010,scene_construction,False,3393
0.0,0.0005852,1.0,True,easy,8b7d4695f32523c96c79e649252f6f7b9f85eab9a7f6973a565553a740c47c5f,evaluator_v2.3,1.0,37399.2,3,KAFarmTwin-TypedRepair,1.0,1.0,1.0,EXT-SC-010,scene_construction,False,3392
0.0,0.00105448,1.0,True,medium,8b7d4695f32523c96c79e649252f6f7b9f85eab9a7f6973a565553a740c47c5f,evaluator_v2.3,1.0,82152.9,4,KAFarmTwin-TypedRepair,0.9462,1.0,1.0,EXT-SC-017,scene_construction,False,6156
0.0,0.00080178,1.0,False,medium,8b7d4695f32523c96c79e649252f6f7b9f85eab9a7f6973a565553a740c47c5f,evaluator_v2.3,1.0,61311.5,3,SingleAgent-AllTools,0.9888,0.5714,0.7273,EXT-SC-017,scene_construction,False,4233
0.0,0.0,1.0,False,medium,8b7d4695f32523c96c79e649252f6f7b9f85eab9a7f6973a565553a740c47c5f,evaluator_v2.3,1.0,0.1,0,SingleAgent-AllTools,1.0,0.0,1.0,EXT-RR-041,rule_repair,False,0
1.0,0.00019236,1.0,True,medium,8b7d4695f32523c96c79e649252f6f7b9f85eab9a7f6973a565553a740c47c5f,evaluator_v2.3,1.0,4763.2,1,KAFarmTwin-TypedRepair,1.0,1.0,1.0,EXT-RR-041,rule_repair,False,1366
1.0,0.00037744,1.0,False,medium,8b7d4695f32523c96c79e649252f6f7b9f85eab9a7f6973a565553a740c47c5f,evaluator_v2.3,1.0,16586.5,2,KAFarmTwin-TypedRepair,0.2222,1.0,1.0,EXT-AR-027,asset_routing,False,2530
0.0,0.00060228,1.0,False,medium,8b7d4695f32523c96c79e649252f6f7b9f85eab9a7f6973a565553a740c47c5f,evaluator_v2.3,1.0,30526.8,3,SingleAgent-AllTools,0.0556,0.5,0.8333,EXT-AR-027,asset_routing,False,3456
0.0,0.0006879599999999999,1.0,True,medium,8b7d4695f32523c96c79e649252f6f7b9f85eab9a7f6973a565553a740c47c5f,evaluator_v2.3,1.0,40172.6,3,SingleAgent-AllTools,1.0,0.8333,0.6667,EXT-SC-021,scene_construction,False,3791
0.0,0.00064204,1.0,True,medium,8b7d4695f32523c96c79e649252f6f7b9f85eab9a7f6973a565553a740c47c5f,evaluator_v2.3,1.0,34378.1,3,KAFarmTwin-TypedRepair,1.0,1.0,1.0,EXT-SC-021,scene_construction,False,3608
1.0,0.00040459999999999997,1.0,True,easy,8b7d4695f32523c96c79e649252f6f7b9f85eab9a7f6973a565553a740c47c5f,evaluator_v2.3,1.0,16552.3,2,KAFarmTwin-TypedRepair,1.0,1.0,1.0,EXT-DB-009,data_binding,False,2640
1.0,0.00019796,1.0,True,easy,8b7d4695f32523c96c79e649252f6f7b9f85eab9a7f6973a565553a740c47c5f,evaluator_v2.3,1.0,10131.8,1,SingleAgent-AllTools,1.0,1.0,0.0,EXT-DB-009,data_binding,False,1172
0.0,0.0006372799999999999,1.0,True,medium,8b7d4695f32523c96c79e649252f6f7b9f85eab9a7f6973a565553a740c47c5f,evaluator_v2.3,1.0,32883.9,3,SingleAgent-AllTools,1.0,1.0,0.5714,EXT-SC-044,scene_construction,False,3590
0.0,0.00061516,1.0,True,medium,8b7d4695f32523c96c79e649252f6f7b9f85eab9a7f6973a565553a740c47c5f,evaluator_v2.3,1.0,35021.7,3,KAFarmTwin-TypedRepair,1.0,1.0,1.0,EXT-SC-044,scene_construction,False,3509
1.0,0.00019516,1.0,True,medium,8b7d4695f32523c96c79e649252f6f7b9f85eab9a7f6973a565553a740c47c5f,evaluator_v2.3,1.0,3793.0,1,KAFarmTwin-TypedRepair,1.0,1.0,1.0,EXT-RR-022,rule_repair,False,1386
0.0,0.0,1.0,False,medium,8b7d4695f32523c96c79e649252f6f7b9f85eab9a7f6973a565553a740c47c5f,evaluator_v2.3,1.0,0.0,0,SingleAgent-AllTools,1.0,0.0,1.0,EXT-RR-022,rule_repair,False,0
0.0,0.00076706,1.0,False,hard,8b7d4695f32523c96c79e649252f6f7b9f85eab9a7f6973a565553a740c47c5f,evaluator_v2.3,1.0,51655.2,3,SingleAgent-AllTools,0.0294,0.8333,0.7778,EXT-AR-053,asset_routing,False,4080
1.0,0.0004102,1.0,False,hard,8b7d4695f32523c96c79e649252f6f7b9f85eab9a7f6973a565553a740c47c5f,evaluator_v2.3,1.0,11719.9,2,KAFarmTwin-TypedRepair,0.3333,1.0,1.0,EXT-AR-053,asset_routing,False,2703
0.0,0.0006538,1.0,False,medium,8b7d4695f32523c96c79e649252f6f7b9f85eab9a7f6973a565553a740c47c5f,evaluator_v2.3,1.0,42735.5,3,KAFarmTwin-TypedRepair,1.0,0.8,1.0,EXT-SC-027,scene_construction,False,3654
0.0,0.00065408,1.0,False,medium,8b7d4695f32523c96c79e649252f6f7b9f85eab9a7f6973a565553a740c47c5f,evaluator_v2.3,1.0,54654.0,3,SingleAgent-AllTools,1.0,0.8,0.5714,EXT-SC-027,scene_construction,False,3655
1.0,0.0002429,1.0,True,medium,8b7d4695f32523c96c79e649252f6f7b9f85eab9a7f6973a565553a740c47c5f,evaluator_v2.3,1.0,10415.2,1,SingleAgent-AllTools,1.0,1.0,0.0,EXT-DB-035,data_binding,False,1370
1.0,0.00050848,1.0,True,medium,8b7d4695f32523c96c79e649252f6f7b9f85eab9a7f6973a565553a740c47c5f,evaluator_v2.3,1.0,16203.1,2,KAFarmTwin-TypedRepair,1.0,1.0,1.0,EXT-DB-035,data_binding,False,3259
1.0,0.00038108,1.0,False,medium,8b7d4695f32523c96c79e649252f6f7b9f85eab9a7f6973a565553a740c47c5f,evaluator_v2.3,1.0,9598.6,2,KAFarmTwin-TypedRepair,0.2667,1.0,1.0,EXT-AR-039,asset_routing,False,2517
0.0,0.0006902,1.0,False,medium,8b7d4695f32523c96c79e649252f6f7b9f85eab9a7f6973a565553a740c47c5f,evaluator_v2.3,1.0,47383.7,3,SingleAgent-AllTools,0.0645,0.8,0.625,EXT-AR-039,asset_routing,False,3785
0.0,0.0,1.0,False,medium,8b7d4695f32523c96c79e649252f6f7b9f85eab9a7f6973a565553a740c47c5f,evaluator_v2.3,1.0,0.0,0,SingleAgent-AllTools,1.0,0.0,1.0,EXT-RR-023,rule_repair,False,0
1.0,0.00019096,1.0,True,medium,8b7d4695f32523c96c79e649252f6f7b9f85eab9a7f6973a565553a740c47c5f,evaluator_v2.3,1.0,2346.1,1,KAFarmTwin-TypedRepair,1.0,1.0,1.0,EXT-RR-023,rule_repair,False,1356
1.0,0.00037744,1.0,False,medium,8b7d4695f32523c96c79e649252f6f7b9f85eab9a7f6973a565553a740c47c5f,evaluator_v2.3,1.0,17933.5,2,KAFarmTwin-TypedRepair,0.5,1.0,1.0,EXT-AR-035,asset_routing,False,2494
0.0,0.00045024,0.0,False,medium,8b7d4695f32523c96c79e649252f6f7b9f85eab9a7f6973a565553a740c47c5f,evaluator_v2.3,0.0,37370.8,1,SingleAgent-AllTools,0.0,0.0,0.0,EXT-AR-035,asset_routing,False,2016
0.0,0.0,1.0,True,medium,8b7d4695f32523c96c79e649252f6f7b9f85eab9a7f6973a565553a740c47c5f,evaluator_v2.3,1.0,2.5,0,SingleAgent-AllTools,0.0,0.0,0.0,EXT-MQ-045,memory_query,False,0
0.0,0.0,1.0,True,medium,8b7d4695f32523c96c79e649252f6f7b9f85eab9a7f6973a565553a740c47c5f,evaluator_v2.3,1.0,1.9,0,KAFarmTwin-TypedRepair,0.0,0.0,0.0,EXT-MQ-045,memory_query,False,0
0.0,0.00091798,1.0,True,easy,8b7d4695f32523c96c79e649252f6f7b9f85eab9a7f6973a565553a740c47c5f,evaluator_v2.3,1.0,23312.1,5,KAFarmTwin-TypedRepair,0.9565,1.0,1.0,EXT-SC-002,scene_construction,False,5860
0.0,0.0004921,1.0,True,easy,8b7d4695f32523c96c79e649252f6f7b9f85eab9a7f6973a565553a740c47c5f,evaluator_v2.3,1.0,18171.7,3,SingleAgent-AllTools,1.0,1.0,0.8,EXT-SC-002,scene_construction,False,3017
1.0,0.00023212,1.0,True,medium,8b7d4695f32523c96c79e649252f6f7b9f85eab9a7f6973a565553a740c47c5f,evaluator_v2.3,1.0,9333.2,1,SingleAgent-AllTools,1.0,1.0,0.0,EXT-DB-036,data_binding,False,1309
1.0,0.0004676,1.0,True,medium,8b7d4695f32523c96c79e649252f6f7b9f85eab9a7f6973a565553a740c47c5f,evaluator_v2.3,1.0,21739.1,2,KAFarmTwin-TypedRepair,1.0,1.0,1.0,EXT-DB-036,data_binding,False,2983
1.0,0.00020972,1.0,True,hard,8b7d4695f32523c96c79e649252f6f7b9f85eab9a7f6973a565553a740c47c5f,evaluator_v2.3,1.0,704.5,1,KAFarmTwin-TypedRepair,1.0,1.0,1.0,EXT-RR-049,rule_repair,False,1490
0.0,0.0,1.0,False,hard,8b7d4695f32523c96c79e649252f6f7b9f85eab9a7f6973a565553a740c47c5f,evaluator_v2.3,1.0,0.0,0,SingleAgent-AllTools,1.0,0.0,1.0,EXT-RR-049,rule_repair,False,0
0.0,0.0,1.0,True,medium,8b7d4695f32523c96c79e649252f6f7b9f85eab9a7f6973a565553a740c47c5f,evaluator_v2.3,1.0,2.4,0,SingleAgent-AllTools,0.0,0.0,0.0,EXT-MQ-031,memory_query,False,0
0.0,0.0,1.0,True,medium,8b7d4695f32523c96c79e649252f6f7b9f85eab9a7f6973a565553a740c47c5f,evaluator_v2.3,1.0,1.9,0,KAFarmTwin-TypedRepair,0.0,0.0,0.0,EXT-MQ-031,memory_query,False,0
0.0,0.0,1.0,True,medium,8b7d4695f32523c96c79e649252f6f7b9f85eab9a7f6973a565553a740c47c5f,evaluator_v2.3,1.0,2.3,0,KAFarmTwin-TypedRepair,0.0,0.0,0.0,EXT-MQ-035,memory_query,False,0
0.0,0.0,1.0,True,medium,8b7d4695f32523c96c79e649252f6f7b9f85eab9a7f6973a565553a740c47c5f,evaluator_v2.3,1.0,1.9,0,SingleAgent-AllTools,0.0,0.0,0.0,EXT-MQ-035,memory_query,False,0
0.0,0.0,1.0,False,hard,8b7d4695f32523c96c79e649252f6f7b9f85eab9a7f6973a565553a740c47c5f,evaluator_v2.3,1.0,0.0,0,SingleAgent-AllTools,1.0,0.0,1.0,EXT-RR-054,rule_repair,False,0
1.0,0.00021168,1.0,True,hard,8b7d4695f32523c96c79e649252f6f7b9f85eab9a7f6973a565553a740c47c5f,evaluator_v2.3,1.0,833.9,1,KAFarmTwin-TypedRepair,1.0,1.0,1.0,EXT-RR-054,rule_repair,False,1504
0.0,0.00066528,1.0,False,medium,8b7d4695f32523c96c79e649252f6f7b9f85eab9a7f6973a565553a740c47c5f,evaluator_v2.3,1.0,48270.1,3,KAFarmTwin-TypedRepair,1.0,0.8,1.0,EXT-SC-040,scene_construction,False,3697
0.0,0.00064876,1.0,True,medium,8b7d4695f32523c96c79e649252f6f7b9f85eab9a7f6973a565553a740c47c5f,evaluator_v2.3,1.0,34339.9,3,SingleAgent-AllTools,1.0,1.0,0.5714,EXT-SC-040,scene_construction,False,3638
1.0,0.00021574,1.0,True,medium,8b7d4695f32523c96c79e649252f6f7b9f85eab9a7f6973a565553a740c47c5f,evaluator_v2.3,1.0,7119.4,1,SingleAgent-AllTools,1.0,1.0,0.0,EXT-DB-018,data_binding,False,1253
1.0,0.00045178,1.0,True,medium,8b7d4695f32523c96c79e649252f6f7b9f85eab9a7f6973a565553a740c47c5f,evaluator_v2.3,1.0,18298.0,2,KAFarmTwin-TypedRepair,1.0,1.0,1.0,EXT-DB-018,data_binding,False,2931
1.0,0.00018186,1.0,True,easy,8b7d4695f32523c96c79e649252f6f7b9f85eab9a7f6973a565553a740c47c5f,evaluator_v2.3,1.0,722.2,1,KAFarmTwin-TypedRepair,1.0,1.0,1.0,EXT-RR-008,rule_repair,False,1291
0.0,0.0,1.0,False,easy,8b7d4695f32523c96c79e649252f6f7b9f85eab9a7f6973a565553a740c47c5f,evaluator_v2.3,1.0,0.0,0,SingleAgent-AllTools,1.0,0.0,1.0,EXT-RR-008,rule_repair,False,0
0.0,0.0,1.0,True,easy,8b7d4695f32523c96c79e649252f6f7b9f85eab9a7f6973a565553a740c47c5f,evaluator_v2.3,1.0,1.7,0,SingleAgent-AllTools,0.0,0.0,0.5,EXT-MQ-009,memory_query,False,0
0.0,0.0,1.0,True,easy,8b7d4695f32523c96c79e649252f6f7b9f85eab9a7f6973a565553a740c47c5f,evaluator_v2.3,1.0,1.4,0,KAFarmTwin-TypedRepair,0.0,0.0,0.5,EXT-MQ-009,memory_query,False,0
0.0,0.0,1.0,True,medium,8b7d4695f32523c96c79e649252f6f7b9f85eab9a7f6973a565553a740c47c5f,evaluator_v2.3,1.0,2.0,0,KAFarmTwin-TypedRepair,0.0,0.0,0.0,EXT-MQ-040,memory_query,False,0
0.0,0.0,1.0,True,medium,8b7d4695f32523c96c79e649252f6f7b9f85eab9a7f6973a565553a740c47c5f,evaluator_v2.3,1.0,1.0,0,SingleAgent-AllTools,0.0,0.0,0.0,EXT-MQ-040,memory_query,False,0
1.0,0.0003087,1.0,True,hard,8b7d4695f32523c96c79e649252f6f7b9f85eab9a7f6973a565553a740c47c5f,evaluator_v2.3,1.0,22649.3,1,SingleAgent-AllTools,1.0,1.0,0.0,EXT-DB-058,data_binding,False,1646
1.0,0.0006510000000000001,1.0,True,hard,8b7d4695f32523c96c79e649252f6f7b9f85eab9a7f6973a565553a740c47c5f,evaluator_v2.3,1.0,24451.7,2,KAFarmTwin-TypedRepair,1.0,1.0,1.0,EXT-DB-058,data_binding,False,4083
1.0,0.0006503,1.0,True,hard,8b7d4695f32523c96c79e649252f6f7b9f85eab9a7f6973a565553a740c47c5f,evaluator_v2.3,1.0,21503.9,2,KAFarmTwin-TypedRepair,1.0,1.0,1.0,EXT-DB-046,data_binding,False,4079
1.0,0.00030828,1.0,True,hard,8b7d4695f32523c96c79e649252f6f7b9f85eab9a7f6973a565553a740c47c5f,evaluator_v2.3,1.0,25099.6,1,SingleAgent-AllTools,1.0,1.0,0.0,EXT-DB-046,data_binding,False,1644
1.0,0.00018816,1.0,True,easy,8b7d4695f32523c96c79e649252f6f7b9f85eab9a7f6973a565553a740c47c5f,evaluator_v2.3,1.0,8713.7,1,SingleAgent-AllTools,1.0,1.0,0.0,EXT-DB-011,data_binding,False,1135
1.0,0.00039479999999999995,1.0,True,easy,8b7d4695f32523c96c79e649252f6f7b9f85eab9a7f6973a565553a740c47c5f,evaluator_v2.3,1.0,9581.3,2,KAFarmTwin-TypedRepair,1.0,1.0,1.0,EXT-DB-011,data_binding,False,2603
0.0,0.0006405,1.0,True,medium,8b7d4695f32523c96c79e649252f6f7b9f85eab9a7f6973a565553a740c47c5f,evaluator_v2.3,1.0,42722.4,3,KAFarmTwin-TypedRepair,1.0,1.0,1.0,EXT-SC-018,scene_construction,False,3602
0.0,0.00065198,1.0,False,medium,8b7d4695f32523c96c79e649252f6f7b9f85eab9a7f6973a565553a740c47c5f,evaluator_v2.3,1.0,37069.4,3,SingleAgent-AllTools,1.0,0.8,0.5714,EXT-SC-018,scene_construction,False,3643
0.0,0.0009490599999999999,1.0,False,hard,8b7d4695f32523c96c79e649252f6f7b9f85eab9a7f6973a565553a740c47c5f,evaluator_v2.3,1.0,75398.9,3,SingleAgent-AllTools,0.7895,0.6667,0.8333,EXT-AR-056,asset_routing,False,4751
1.0,0.00040963999999999996,1.0,False,hard,8b7d4695f32523c96c79e649252f6f7b9f85eab9a7f6973a565553a740c47c5f,evaluator_v2.3,1.0,7190.9,2,KAFarmTwin-TypedRepair,0.4444,1.0,1.0,EXT-AR-056,asset_routing,False,2699
1.0,0.00020804,1.0,True,hard,8b7d4695f32523c96c79e649252f6f7b9f85eab9a7f6973a565553a740c47c5f,evaluator_v2.3,1.0,833.3,1,KAFarmTwin-TypedRepair,1.0,1.0,1.0,EXT-RR-055,rule_repair,False,1478
0.0,0.0,1.0,False,hard,8b7d4695f32523c96c79e649252f6f7b9f85eab9a7f6973a565553a740c47c5f,evaluator_v2.3,1.0,0.0,0,SingleAgent-AllTools,1.0,0.0,1.0,EXT-RR-055,rule_repair,False,0
0.0,0.000637,1.0,False,hard,8b7d4695f32523c96c79e649252f6f7b9f85eab9a7f6973a565553a740c47c5f,evaluator_v2.3,1.0,38350.0,3,SingleAgent-AllTools,0.9905,0.5455,0.5714,EXT-SC-058,scene_construction,False,3581
0.0,0.00063336,1.0,False,hard,8b7d4695f32523c96c79e649252f6f7b9f85eab9a7f6973a565553a740c47c5f,evaluator_v2.3,1.0,55663.8,3,KAFarmTwin-TypedRepair,0.9905,0.5455,1.0,EXT-SC-058,scene_construction,False,3568
0.0,0.0,1.0,True,medium,8b7d4695f32523c96c79e649252f6f7b9f85eab9a7f6973a565553a740c47c5f,evaluator_v2.3,1.0,2.1,0,KAFarmTwin-TypedRepair,0.0,0.0,0.0,EXT-MQ-016,memory_query,False,0
0.0,0.0,1.0,True,medium,8b7d4695f32523c96c79e649252f6f7b9f85eab9a7f6973a565553a740c47c5f,evaluator_v2.3,1.0,1.5,0,SingleAgent-AllTools,0.0,0.0,0.0,EXT-MQ-016,memory_query,False,0
0.0,0.0,1.0,True,medium,8b7d4695f32523c96c79e649252f6f7b9f85eab9a7f6973a565553a740c47c5f,evaluator_v2.3,1.0,1.8,0,SingleAgent-AllTools,0.0,0.0,0.0,EXT-MQ-041,memory_query,False,0
0.0,0.0,1.0,True,medium,8b7d4695f32523c96c79e649252f6f7b9f85eab9a7f6973a565553a740c47c5f,evaluator_v2.3,1.0,1.5,0,KAFarmTwin-TypedRepair,0.0,0.0,0.0,EXT-MQ-041,memory_query,False,0
0.0,0.0,1.0,True,easy,8b7d4695f32523c96c79e649252f6f7b9f85eab9a7f6973a565553a740c47c5f,evaluator_v2.3,1.0,1.4,0,KAFarmTwin-TypedRepair,0.0,0.0,0.0,EXT-MQ-007,memory_query,False,0
0.0,0.0,1.0,True,easy,8b7d4695f32523c96c79e649252f6f7b9f85eab9a7f6973a565553a740c47c5f,evaluator_v2.3,1.0,1.2,0,SingleAgent-AllTools,0.0,0.0,0.0,EXT-MQ-007,memory_query,False,0
0.0,0.00065184,1.0,False,medium,8b7d4695f32523c96c79e649252f6f7b9f85eab9a7f6973a565553a740c47c5f,evaluator_v2.3,1.0,51549.0,3,SingleAgent-AllTools,0.1111,0.8889,0.8571,EXT-AR-036,asset_routing,False,3629
1.0,0.00037702,1.0,False,medium,8b7d4695f32523c96c79e649252f6f7b9f85eab9a7f6973a565553a740c47c5f,evaluator_v2.3,1.0,14271.5,2,KAFarmTwin-TypedRepair,0.2778,1.0,1.0,EXT-AR-036,asset_routing,False,2489
1.0,0.00068614,1.0,True,hard,8b7d4695f32523c96c79e649252f6f7b9f85eab9a7f6973a565553a740c47c5f,evaluator_v2.3,1.0,27992.1,2,KAFarmTwin-TypedRepair,1.0,1.0,1.0,EXT-DB-049,data_binding,False,4208
1.0,0.0003444,1.0,True,hard,8b7d4695f32523c96c79e649252f6f7b9f85eab9a7f6973a565553a740c47c5f,evaluator_v2.3,1.0,22094.3,1,SingleAgent-AllTools,1.0,1.0,0.0,EXT-DB-049,data_binding,False,1775
0.0,0.0,1.0,True,easy,8b7d4695f32523c96c79e649252f6f7b9f85eab9a7f6973a565553a740c47c5f,evaluator_v2.3,1.0,2.0,0,SingleAgent-AllTools,0.0,0.0,0.0,EXT-MQ-005,memory_query,False,0
0.0,0.0,1.0,True,easy,8b7d4695f32523c96c79e649252f6f7b9f85eab9a7f6973a565553a740c47c5f,evaluator_v2.3,1.0,1.5,0,KAFarmTwin-TypedRepair,0.0,0.0,0.0,EXT-MQ-005,memory_query,False,0
1.0,0.00040432,1.0,True,easy,8b7d4695f32523c96c79e649252f6f7b9f85eab9a7f6973a565553a740c47c5f,evaluator_v2.3,1.0,19574.4,2,KAFarmTwin-TypedRepair,1.0,1.0,1.0,EXT-DB-001,data_binding,False,2639
1.0,0.00019768,1.0,True,easy,8b7d4695f32523c96c79e649252f6f7b9f85eab9a7f6973a565553a740c47c5f,evaluator_v2.3,1.0,27184.4,1,SingleAgent-AllTools,1.0,1.0,0.0,EXT-DB-001,data_binding,False,1171
0.0,0.0,1.0,True,easy,8b7d4695f32523c96c79e649252f6f7b9f85eab9a7f6973a565553a740c47c5f,evaluator_v2.3,1.0,2.1,0,SingleAgent-AllTools,0.0,0.0,0.5,EXT-MQ-003,memory_query,False,0
0.0,0.0,1.0,True,easy,8b7d4695f32523c96c79e649252f6f7b9f85eab9a7f6973a565553a740c47c5f,evaluator_v2.3,1.0,1.4,0,KAFarmTwin-TypedRepair,0.0,0.0,0.5,EXT-MQ-003,memory_query,False,0
1.0,0.0004193,1.0,False,hard,8b7d4695f32523c96c79e649252f6f7b9f85eab9a7f6973a565553a740c47c5f,evaluator_v2.3,1.0,18729.8,2,KAFarmTwin-TypedRepair,0.36,1.0,1.0,EXT-AR-051,asset_routing,False,2731
0.0,0.0009989,1.0,False,hard,8b7d4695f32523c96c79e649252f6f7b9f85eab9a7f6973a565553a740c47c5f,evaluator_v2.3,1.0,78162.5,3,SingleAgent-AllTools,0.9231,0.375,0.9231,EXT-AR-051,asset_routing,False,4952
0.0,0.0,1.0,False,easy,8b7d4695f32523c96c79e649252f6f7b9f85eab9a7f6973a565553a740c47c5f,evaluator_v2.3,1.0,0.0,0,SingleAgent-AllTools,1.0,0.0,1.0,EXT-RR-015,rule_repair,False,0
1.0,0.00017472,1.0,True,easy,8b7d4695f32523c96c79e649252f6f7b9f85eab9a7f6973a565553a740c47c5f,evaluator_v2.3,1.0,660.2,1,KAFarmTwin-TypedRepair,1.0,1.0,1.0,EXT-RR-015,rule_repair,False,1240
0.0,0.0,1.0,True,easy,8b7d4695f32523c96c79e649252f6f7b9f85eab9a7f6973a565553a740c47c5f,evaluator_v2.3,1.0,1.7,0,KAFarmTwin-TypedRepair,0.0,0.0,0.5,EXT-MQ-015,memory_query,False,0
0.0,0.0,1.0,True,easy,8b7d4695f32523c96c79e649252f6f7b9f85eab9a7f6973a565553a740c47c5f,evaluator_v2.3,1.0,1.4,0,SingleAgent-AllTools,0.0,0.0,0.5,EXT-MQ-015,memory_query,False,0
0.0,0.00068544,1.0,False,easy,8b7d4695f32523c96c79e649252f6f7b9f85eab9a7f6973a565553a740c47c5f,evaluator_v2.3,1.0,38520.7,3,SingleAgent-AllTools,0.0556,0.75,0.8571,EXT-AR-001,asset_routing,False,3744
1.0,0.00034188,1.0,False,easy,8b7d4695f32523c96c79e649252f6f7b9f85eab9a7f6973a565553a740c47c5f,evaluator_v2.3,1.0,12091.9,2,KAFarmTwin-TypedRepair,0.2778,1.0,1.0,EXT-AR-001,asset_routing,False,2301
0.0,0.00065828,1.0,False,medium,8b7d4695f32523c96c79e649252f6f7b9f85eab9a7f6973a565553a740c47c5f,evaluator_v2.3,1.0,55290.0,3,KAFarmTwin-TypedRepair,1.0,0.8,1.0,EXT-SC-030,scene_construction,False,3673
0.0,0.0006454,1.0,False,medium,8b7d4695f32523c96c79e649252f6f7b9f85eab9a7f6973a565553a740c47c5f,evaluator_v2.3,1.0,39873.8,3,SingleAgent-AllTools,1.0,0.8,0.5714,EXT-SC-030,scene_construction,False,3627
0.0,0.0,1.0,False,medium,8b7d4695f32523c96c79e649252f6f7b9f85eab9a7f6973a565553a740c47c5f,evaluator_v2.3,1.0,0.0,0,SingleAgent-AllTools,1.0,0.0,1.0,EXT-RR-019,rule_repair,False,0
1.0,0.00019138,1.0,True,medium,8b7d4695f32523c96c79e649252f6f7b9f85eab9a7f6973a565553a740c47c5f,evaluator_v2.3,1.0,2091.8,1,KAFarmTwin-TypedRepair,1.0,1.0,1.0,EXT-RR-019,rule_repair,False,1359
1.0,0.00053494,1.0,True,medium,8b7d4695f32523c96c79e649252f6f7b9f85eab9a7f6973a565553a740c47c5f,evaluator_v2.3,1.0,23792.3,2,KAFarmTwin-TypedRepair,1.0,1.0,1.0,EXT-DB-041,data_binding,False,3353
1.0,0.00026992,1.0,True,medium,8b7d4695f32523c96c79e649252f6f7b9f85eab9a7f6973a565553a740c47c5f,evaluator_v2.3,1.0,15950.8,1,SingleAgent-AllTools,1.0,1.0,0.0,EXT-DB-041,data_binding,False,1468
1.0,0.0003101,1.0,True,hard,8b7d4695f32523c96c79e649252f6f7b9f85eab9a7f6973a565553a740c47c5f,evaluator_v2.3,1.0,20493.7,1,SingleAgent-AllTools,1.0,1.0,0.0,EXT-DB-047,data_binding,False,1653
1.0,0.0006538,1.0,True,hard,8b7d4695f32523c96c79e649252f6f7b9f85eab9a7f6973a565553a740c47c5f,evaluator_v2.3,1.0,24753.0,2,KAFarmTwin-TypedRepair,1.0,1.0,1.0,EXT-DB-047,data_binding,False,4100
0.0,0.0,1.0,True,hard,8b7d4695f32523c96c79e649252f6f7b9f85eab9a7f6973a565553a740c47c5f,evaluator_v2.3,1.0,0.9,0,KAFarmTwin-TypedRepair,0.0,0.0,0.0,EXT-MQ-058,memory_query,False,0
0.0,0.0,1.0,True,hard,8b7d4695f32523c96c79e649252f6f7b9f85eab9a7f6973a565553a740c47c5f,evaluator_v2.3,1.0,0.7,0,SingleAgent-AllTools,0.0,0.0,0.0,EXT-MQ-058,memory_query,False,0
1.0,0.00027146,1.0,True,medium,8b7d4695f32523c96c79e649252f6f7b9f85eab9a7f6973a565553a740c47c5f,evaluator_v2.3,1.0,20452.4,1,SingleAgent-AllTools,1.0,1.0,0.0,EXT-DB-033,data_binding,False,1475
1.0,0.0005376000000000001,1.0,True,medium,8b7d4695f32523c96c79e649252f6f7b9f85eab9a7f6973a565553a740c47c5f,evaluator_v2.3,1.0,20848.4,2,KAFarmTwin-TypedRepair,1.0,1.0,1.0,EXT-DB-033,data_binding,False,3368
1.0,0.0002114,1.0,True,hard,8b7d4695f32523c96c79e649252f6f7b9f85eab9a7f6973a565553a740c47c5f,evaluator_v2.3,1.0,10089.4,1,KAFarmTwin-TypedRepair,1.0,1.0,1.0,EXT-RR-046,rule_repair,False,1502
0.0,0.0,1.0,False,hard,8b7d4695f32523c96c79e649252f6f7b9f85eab9a7f6973a565553a740c47c5f,evaluator_v2.3,1.0,0.0,0,SingleAgent-AllTools,1.0,0.0,1.0,EXT-RR-046,rule_repair,False,0
0.0,0.0,1.0,True,easy,8b7d4695f32523c96c79e649252f6f7b9f85eab9a7f6973a565553a740c47c5f,evaluator_v2.3,1.0,1.2,0,SingleAgent-AllTools,0.0,0.0,0.5,EXT-MQ-006,memory_query,False,0
0.0,0.0,1.0,True,easy,8b7d4695f32523c96c79e649252f6f7b9f85eab9a7f6973a565553a740c47c5f,evaluator_v2.3,1.0,1.0,0,KAFarmTwin-TypedRepair,0.0,0.0,0.5,EXT-MQ-006,memory_query,False,0
0.0,0.0,1.0,True,hard,8b7d4695f32523c96c79e649252f6f7b9f85eab9a7f6973a565553a740c47c5f,evaluator_v2.3,1.0,2.0,0,KAFarmTwin-TypedRepair,0.0,0.0,0.0,EXT-MQ-056,memory_query,False,0
0.0,0.0,1.0,True,hard,8b7d4695f32523c96c79e649252f6f7b9f85eab9a7f6973a565553a740c47c5f,evaluator_v2.3,1.0,1.2,0,SingleAgent-AllTools,0.0,0.0,0.0,EXT-MQ-056,memory_query,False,0
0.0,0.00048664,1.0,True,easy,8b7d4695f32523c96c79e649252f6f7b9f85eab9a7f6973a565553a740c47c5f,evaluator_v2.3,1.0,22070.2,3,SingleAgent-AllTools,1.0,1.0,0.8,EXT-SC-004,scene_construction,False,2987
0.0,0.0005717599999999999,1.0,True,easy,8b7d4695f32523c96c79e649252f6f7b9f85eab9a7f6973a565553a740c47c5f,evaluator_v2.3,1.0,33416.5,3,KAFarmTwin-TypedRepair,1.0,1.0,1.0,EXT-SC-004,scene_construction,False,3291
1.0,0.00037674,1.0,False,medium,8b7d4695f32523c96c79e649252f6f7b9f85eab9a7f6973a565553a740c47c5f,evaluator_v2.3,1.0,16276.7,2,KAFarmTwin-TypedRepair,0.1852,1.0,1.0,EXT-AR-018,asset_routing,False,2490
0.0,0.00067676,1.0,False,medium,8b7d4695f32523c96c79e649252f6f7b9f85eab9a7f6973a565553a740c47c5f,evaluator_v2.3,1.0,35288.0,3,SingleAgent-AllTools,0.0727,0.8,0.875,EXT-AR-018,asset_routing,False,3734
0.0,0.0006760599999999999,1.0,False,medium,8b7d4695f32523c96c79e649252f6f7b9f85eab9a7f6973a565553a740c47c5f,evaluator_v2.3,1.0,46569.5,3,SingleAgent-AllTools,1.0,0.6667,0.6667,EXT-SC-024,scene_construction,False,3746
0.0,0.00069482,1.0,False,medium,8b7d4695f32523c96c79e649252f6f7b9f85eab9a7f6973a565553a740c47c5f,evaluator_v2.3,1.0,50627.8,3,KAFarmTwin-TypedRepair,1.0,0.6667,1.0,EXT-SC-024,scene_construction,False,3813
0.0,0.0,1.0,True,medium,8b7d4695f32523c96c79e649252f6f7b9f85eab9a7f6973a565553a740c47c5f,evaluator_v2.3,1.0,2.5,0,KAFarmTwin-TypedRepair,0.0,0.0,0.0,EXT-MQ-038,memory_query,False,0
0.0,0.0,1.0,True,medium,8b7d4695f32523c96c79e649252f6f7b9f85eab9a7f6973a565553a740c47c5f,evaluator_v2.3,1.0,1.6,0,SingleAgent-AllTools,0.0,0.0,0.0,EXT-MQ-038,memory_query,False,0
0.0,0.00065954,1.0,False,medium,8b7d4695f32523c96c79e649252f6f7b9f85eab9a7f6973a565553a740c47c5f,evaluator_v2.3,1.0,38823.0,3,SingleAgent-AllTools,0.1333,0.8889,0.8571,EXT-AR-042,asset_routing,False,3671
1.0,0.00037925999999999997,1.0,False,medium,8b7d4695f32523c96c79e649252f6f7b9f85eab9a7f6973a565553a740c47c5f,evaluator_v2.3,1.0,6686.8,2,KAFarmTwin-TypedRepair,0.3333,1.0,1.0,EXT-AR-042,asset_routing,False,2507
0.0,0.00063882,1.0,True,medium,8b7d4695f32523c96c79e649252f6f7b9f85eab9a7f6973a565553a740c47c5f,evaluator_v2.3,1.0,47857.5,3,KAFarmTwin-TypedRepair,1.0,1.0,1.0,EXT-SC-041,scene_construction,False,3595
0.0,0.00062958,1.0,True,medium,8b7d4695f32523c96c79e649252f6f7b9f85eab9a7f6973a565553a740c47c5f,evaluator_v2.3,1.0,44532.7,3,SingleAgent-AllTools,1.0,1.0,0.5714,EXT-SC-041,scene_construction,False,3562
0.0,0.0008003800000000001,1.0,True,medium,8b7d4695f32523c96c79e649252f6f7b9f85eab9a7f6973a565553a740c47c5f,evaluator_v2.3,1.0,58863.7,3,SingleAgent-AllTools,1.0,0.7143,0.7273,EXT-SC-043,scene_construction,False,4201
0.0,0.0006046599999999999,1.0,False,medium,8b7d4695f32523c96c79e649252f6f7b9f85eab9a7f6973a565553a740c47c5f,evaluator_v2.3,1.0,32403.9,3,KAFarmTwin-TypedRepair,1.0,0.8,1.0,EXT-SC-043,scene_construction,False,3464
0.0,0.00053998,1.0,True,easy,8b7d4695f32523c96c79e649252f6f7b9f85eab9a7f6973a565553a740c47c5f,evaluator_v2.3,1.0,25535.8,3,KAFarmTwin-TypedRepair,1.0,1.0,1.0,EXT-SC-006,scene_construction,False,3230
0.0,0.00052374,1.0,False,easy,8b7d4695f32523c96c79e649252f6f7b9f85eab9a7f6973a565553a740c47c5f,evaluator_v2.3,1.0,37945.6,3,SingleAgent-AllTools,1.0,0.75,0.6667,EXT-SC-006,scene_construction,False,3172
0.0,0.0,1.0,False,medium,8b7d4695f32523c96c79e649252f6f7b9f85eab9a7f6973a565553a740c47c5f,evaluator_v2.3,1.0,0.0,0,SingleAgent-AllTools,1.0,0.0,1.0,EXT-RR-025,rule_repair,False,0
1.0,0.00019292,1.0,True,medium,8b7d4695f32523c96c79e649252f6f7b9f85eab9a7f6973a565553a740c47c5f,evaluator_v2.3,1.0,2351.5,1,KAFarmTwin-TypedRepair,1.0,1.0,1.0,EXT-RR-025,rule_repair,False,1370
1.0,0.0006552,1.0,True,hard,8b7d4695f32523c96c79e649252f6f7b9f85eab9a7f6973a565553a740c47c5f,evaluator_v2.3,1.0,23041.5,2,KAFarmTwin-TypedRepair,1.0,1.0,1.0,EXT-DB-055,data_binding,False,4109
1.0,0.00031066,1.0,True,hard,8b7d4695f32523c96c79e649252f6f7b9f85eab9a7f6973a565553a740c47c5f,evaluator_v2.3,1.0,17645.8,1,SingleAgent-AllTools,1.0,1.0,0.0,EXT-DB-055,data_binding,False,1656
0.0,0.0,1.0,True,hard,8b7d4695f32523c96c79e649252f6f7b9f85eab9a7f6973a565553a740c47c5f,evaluator_v2.3,1.0,2.8,0,SingleAgent-AllTools,0.0,0.0,0.0,EXT-MQ-052,memory_query,False,0
0.0,0.0,1.0,True,hard,8b7d4695f32523c96c79e649252f6f7b9f85eab9a7f6973a565553a740c47c5f,evaluator_v2.3,1.0,2.1,0,KAFarmTwin-TypedRepair,0.0,0.0,0.0,EXT-MQ-052,memory_query,False,0
1.0,0.0001974,1.0,True,medium,8b7d4695f32523c96c79e649252f6f7b9f85eab9a7f6973a565553a740c47c5f,evaluator_v2.3,1.0,3355.8,1,KAFarmTwin-TypedRepair,1.0,1.0,1.0,EXT-RR-036,rule_repair,False,1402
0.0,0.0,1.0,False,medium,8b7d4695f32523c96c79e649252f6f7b9f85eab9a7f6973a565553a740c47c5f,evaluator_v2.3,1.0,0.0,0,SingleAgent-AllTools,1.0,0.0,1.0,EXT-RR-036,rule_repair,False,0
0.0,0.0007476,1.0,False,easy,8b7d4695f32523c96c79e649252f6f7b9f85eab9a7f6973a565553a740c47c5f,evaluator_v2.3,1.0,52601.8,3,SingleAgent-AllTools,0.0606,0.4444,0.5455,EXT-AR-004,asset_routing,False,4007
1.0,0.000343,1.0,False,easy,8b7d4695f32523c96c79e649252f6f7b9f85eab9a7f6973a565553a740c47c5f,evaluator_v2.3,1.0,9124.0,2,KAFarmTwin-TypedRepair,0.2667,1.0,1.0,EXT-AR-004,asset_routing,False,2310
1.0,0.00021154,1.0,True,hard,8b7d4695f32523c96c79e649252f6f7b9f85eab9a7f6973a565553a740c47c5f,evaluator_v2.3,1.0,10482.9,1,KAFarmTwin-TypedRepair,1.0,1.0,1.0,EXT-RR-050,rule_repair,False,1503
0.0,0.0,1.0,False,hard,8b7d4695f32523c96c79e649252f6f7b9f85eab9a7f6973a565553a740c47c5f,evaluator_v2.3,1.0,0.0,0,SingleAgent-AllTools,1.0,0.0,1.0,EXT-RR-050,rule_repair,False,0
0.0,0.0007142800000000001,1.0,False,medium,8b7d4695f32523c96c79e649252f6f7b9f85eab9a7f6973a565553a740c47c5f,evaluator_v2.3,1.0,37798.5,3,SingleAgent-AllTools,0.0526,0.8,0.875,EXT-AR-043,asset_routing,False,3883
1.0,0.00037954000000000004,1.0,False,medium,8b7d4695f32523c96c79e649252f6f7b9f85eab9a7f6973a565553a740c47c5f,evaluator_v2.3,1.0,13053.8,2,KAFarmTwin-TypedRepair,0.2632,1.0,1.0,EXT-AR-043,asset_routing,False,2508
0.0,0.0,1.0,True,easy,8b7d4695f32523c96c79e649252f6f7b9f85eab9a7f6973a565553a740c47c5f,evaluator_v2.3,1.0,2.2,0,KAFarmTwin-TypedRepair,0.0,0.0,0.0,EXT-MQ-014,memory_query,False,0
0.0,0.0,1.0,True,easy,8b7d4695f32523c96c79e649252f6f7b9f85eab9a7f6973a565553a740c47c5f,evaluator_v2.3,1.0,1.5,0,SingleAgent-AllTools,0.0,0.0,0.0,EXT-MQ-014,memory_query,False,0
0.0,0.00080682,1.0,False,medium,8b7d4695f32523c96c79e649252f6f7b9f85eab9a7f6973a565553a740c47c5f,evaluator_v2.3,1.0,64805.0,3,SingleAgent-AllTools,0.9375,0.7273,0.8889,EXT-AR-026,asset_routing,False,4215
1.0,0.00037436,1.0,False,medium,8b7d4695f32523c96c79e649252f6f7b9f85eab9a7f6973a565553a740c47c5f,evaluator_v2.3,1.0,9700.3,2,KAFarmTwin-TypedRepair,0.2188,1.0,1.0,EXT-AR-026,asset_routing,False,2510
1.0,0.00051282,1.0,True,medium,8b7d4695f32523c96c79e649252f6f7b9f85eab9a7f6973a565553a740c47c5f,evaluator_v2.3,1.0,16409.3,2,KAFarmTwin-TypedRepair,1.0,1.0,1.0,EXT-DB-039,data_binding,False,3284
1.0,0.00024528,1.0,True,medium,8b7d4695f32523c96c79e649252f6f7b9f85eab9a7f6973a565553a740c47c5f,evaluator_v2.3,1.0,15307.7,1,SingleAgent-AllTools,1.0,1.0,0.0,EXT-DB-039,data_binding,False,1381
0.0,0.00061978,1.0,False,hard,8b7d4695f32523c96c79e649252f6f7b9f85eab9a7f6973a565553a740c47c5f,evaluator_v2.3,1.0,67088.2,3,SingleAgent-AllTools,0.9897,0.5455,0.5714,EXT-SC-052,scene_construction,False,3527
0.0,0.00065646,1.0,False,hard,8b7d4695f32523c96c79e649252f6f7b9f85eab9a7f6973a565553a740c47c5f,evaluator_v2.3,1.0,63730.6,3,KAFarmTwin-TypedRepair,0.9897,0.5455,1.0,EXT-SC-052,scene_construction,False,3658
0.0,0.00069062,1.0,False,medium,8b7d4695f32523c96c79e649252f6f7b9f85eab9a7f6973a565553a740c47c5f,evaluator_v2.3,1.0,38989.2,3,KAFarmTwin-TypedRepair,1.0,0.8,1.0,EXT-SC-025,scene_construction,False,3778
0.0,0.00069538,1.0,False,medium,8b7d4695f32523c96c79e649252f6f7b9f85eab9a7f6973a565553a740c47c5f,evaluator_v2.3,1.0,224407.9,3,SingleAgent-AllTools,1.0,0.8,0.5714,EXT-SC-025,scene_construction,False,3795
0.0,0.0,1.0,True,hard,8b7d4695f32523c96c79e649252f6f7b9f85eab9a7f6973a565553a740c47c5f,evaluator_v2.3,1.0,1.4,0,SingleAgent-AllTools,0.0,0.0,0.0,EXT-MQ-050,memory_query,False,0
0.0,0.0,1.0,True,hard,8b7d4695f32523c96c79e649252f6f7b9f85eab9a7f6973a565553a740c47c5f,evaluator_v2.3,1.0,1.2,0,KAFarmTwin-TypedRepair,0.0,0.0,0.0,EXT-MQ-050,memory_query,False,0
1.0,0.00041076,1.0,False,hard,8b7d4695f32523c96c79e649252f6f7b9f85eab9a7f6973a565553a740c47c5f,evaluator_v2.3,1.0,8686.3,2,KAFarmTwin-TypedRepair,0.381,1.0,1.0,EXT-AR-050,asset_routing,False,2706
0.0,0.00045052,0.0,False,hard,8b7d4695f32523c96c79e649252f6f7b9f85eab9a7f6973a565553a740c47c5f,evaluator_v2.3,0.0,48196.2,1,SingleAgent-AllTools,0.0,0.0,0.0,EXT-AR-050,asset_routing,False,2018
1.0,0.0002702,1.0,True,medium,8b7d4695f32523c96c79e649252f6f7b9f85eab9a7f6973a565553a740c47c5f,evaluator_v2.3,1.0,23543.9,1,SingleAgent-AllTools,1.0,1.0,0.0,EXT-DB-029,data_binding,False,1469
1.0,0.00053522,1.0,True,medium,8b7d4695f32523c96c79e649252f6f7b9f85eab9a7f6973a565553a740c47c5f,evaluator_v2.3,1.0,28151.5,2,KAFarmTwin-TypedRepair,1.0,1.0,1.0,EXT-DB-029,data_binding,False,3354
0.0,0.0,1.0,True,easy,8b7d4695f32523c96c79e649252f6f7b9f85eab9a7f6973a565553a740c47c5f,evaluator_v2.3,1.0,2.1,0,KAFarmTwin-TypedRepair,0.0,0.0,0.0,EXT-MQ-011,memory_query,False,0
0.0,0.0,1.0,True,easy,8b7d4695f32523c96c79e649252f6f7b9f85eab9a7f6973a565553a740c47c5f,evaluator_v2.3,1.0,1.8,0,SingleAgent-AllTools,0.0,0.0,0.0,EXT-MQ-011,memory_query,False,0
0.0,0.00065618,1.0,True,medium,8b7d4695f32523c96c79e649252f6f7b9f85eab9a7f6973a565553a740c47c5f,evaluator_v2.3,1.0,42929.4,3,SingleAgent-AllTools,1.0,1.0,0.5714,EXT-SC-037,scene_construction,False,3655
0.0,0.00065702,1.0,False,medium,8b7d4695f32523c96c79e649252f6f7b9f85eab9a7f6973a565553a740c47c5f,evaluator_v2.3,1.0,42964.5,3,KAFarmTwin-TypedRepair,1.0,0.8,1.0,EXT-SC-037,scene_construction,False,3660
1.0,0.00019096,1.0,True,medium,8b7d4695f32523c96c79e649252f6f7b9f85eab9a7f6973a565553a740c47c5f,evaluator_v2.3,1.0,657.5,1,KAFarmTwin-TypedRepair,1.0,1.0,1.0,EXT-RR-043,rule_repair,False,1356
0.0,0.0,1.0,False,medium,8b7d4695f32523c96c79e649252f6f7b9f85eab9a7f6973a565553a740c47c5f,evaluator_v2.3,1.0,0.0,0,SingleAgent-AllTools,1.0,0.0,1.0,EXT-RR-043,rule_repair,False,0
0.0,0.0,1.0,True,medium,8b7d4695f32523c96c79e649252f6f7b9f85eab9a7f6973a565553a740c47c5f,evaluator_v2.3,1.0,1.4,0,SingleAgent-AllTools,0.0,0.0,0.0,EXT-MQ-017,memory_query,False,0
0.0,0.0,1.0,True,medium,8b7d4695f32523c96c79e649252f6f7b9f85eab9a7f6973a565553a740c47c5f,evaluator_v2.3,1.0,1.1,0,KAFarmTwin-TypedRepair,0.0,0.0,0.0,EXT-MQ-017,memory_query,False,0
0.0,0.0005705,1.0,True,easy,8b7d4695f32523c96c79e649252f6f7b9f85eab9a7f6973a565553a740c47c5f,evaluator_v2.3,1.0,30987.2,3,KAFarmTwin-TypedRepair,1.0,1.0,1.0,EXT-SC-014,scene_construction,False,3345
0.0,0.00057078,1.0,True,easy,8b7d4695f32523c96c79e649252f6f7b9f85eab9a7f6973a565553a740c47c5f,evaluator_v2.3,1.0,44300.8,3,SingleAgent-AllTools,1.0,1.0,0.6667,EXT-SC-014,scene_construction,False,3347
0.0,0.0005754,1.0,False,easy,8b7d4695f32523c96c79e649252f6f7b9f85eab9a7f6973a565553a740c47c5f,evaluator_v2.3,1.0,23975.2,3,SingleAgent-AllTools,1.0,0.75,0.6667,EXT-SC-013,scene_construction,False,3359
0.0,0.00058464,1.0,False,easy,8b7d4695f32523c96c79e649252f6f7b9f85eab9a7f6973a565553a740c47c5f,evaluator_v2.3,1.0,29389.5,3,KAFarmTwin-TypedRepair,1.0,0.75,1.0,EXT-SC-013,scene_construction,False,3392
1.0,0.0001813,1.0,True,easy,8b7d4695f32523c96c79e649252f6f7b9f85eab9a7f6973a565553a740c47c5f,evaluator_v2.3,1.0,1788.0,1,KAFarmTwin-TypedRepair,1.0,1.0,1.0,EXT-RR-012,rule_repair,False,1287
0.0,0.0,1.0,False,easy,8b7d4695f32523c96c79e649252f6f7b9f85eab9a7f6973a565553a740c47c5f,evaluator_v2.3,1.0,0.0,0,SingleAgent-AllTools,1.0,0.0,1.0,EXT-RR-012,rule_repair,False,0
1.0,0.0001953,1.0,True,easy,8b7d4695f32523c96c79e649252f6f7b9f85eab9a7f6973a565553a740c47c5f,evaluator_v2.3,1.0,11304.5,1,SingleAgent-AllTools,1.0,1.0,0.0,EXT-DB-012,data_binding,False,1157
1.0,0.00040082,1.0,True,easy,8b7d4695f32523c96c79e649252f6f7b9f85eab9a7f6973a565553a740c47c5f,evaluator_v2.3,1.0,9824.4,2,KAFarmTwin-TypedRepair,1.0,1.0,1.0,EXT-DB-012,data_binding,False,2617
1.0,0.00019796,1.0,True,medium,8b7d4695f32523c96c79e649252f6f7b9f85eab9a7f6973a565553a740c47c5f,evaluator_v2.3,1.0,690.9,1,KAFarmTwin-TypedRepair,1.0,1.0,1.0,EXT-RR-044,rule_repair,False,1406
0.0,0.0,1.0,False,medium,8b7d4695f32523c96c79e649252f6f7b9f85eab9a7f6973a565553a740c47c5f,evaluator_v2.3,1.0,0.0,0,SingleAgent-AllTools,1.0,0.0,1.0,EXT-RR-044,rule_repair,False,0
1.0,0.00019936,1.0,True,easy,8b7d4695f32523c96c79e649252f6f7b9f85eab9a7f6973a565553a740c47c5f,evaluator_v2.3,1.0,6417.6,1,SingleAgent-AllTools,1.0,1.0,0.0,EXT-DB-004,data_binding,False,1176
1.0,0.00040852,1.0,True,easy,8b7d4695f32523c96c79e649252f6f7b9f85eab9a7f6973a565553a740c47c5f,evaluator_v2.3,1.0,39598.8,2,KAFarmTwin-TypedRepair,1.0,1.0,1.0,EXT-DB-004,data_binding,False,2662
0.0,0.00070602,1.0,True,hard,8b7d4695f32523c96c79e649252f6f7b9f85eab9a7f6973a565553a740c47c5f,evaluator_v2.3,1.0,38924.2,3,KAFarmTwin-TypedRepair,1.0,1.0,1.0,EXT-SC-047,scene_construction,False,3868
0.0,0.00075026,1.0,True,hard,8b7d4695f32523c96c79e649252f6f7b9f85eab9a7f6973a565553a740c47c5f,evaluator_v2.3,1.0,47774.6,3,SingleAgent-AllTools,1.0,1.0,0.625,EXT-SC-047,scene_construction,False,4025
0.0,0.0,1.0,False,easy,8b7d4695f32523c96c79e649252f6f7b9f85eab9a7f6973a565553a740c47c5f,evaluator_v2.3,1.0,0.0,0,SingleAgent-AllTools,1.0,0.0,1.0,EXT-RR-005,rule_repair,False,0
1.0,0.00017626,1.0,True,easy,8b7d4695f32523c96c79e649252f6f7b9f85eab9a7f6973a565553a740c47c5f,evaluator_v2.3,1.0,1367.6,1,KAFarmTwin-TypedRepair,1.0,1.0,1.0,EXT-RR-005,rule_repair,False,1251
1.0,0.00040879999999999996,1.0,False,hard,8b7d4695f32523c96c79e649252f6f7b9f85eab9a7f6973a565553a740c47c5f,evaluator_v2.3,1.0,12243.5,2,KAFarmTwin-TypedRepair,0.3125,1.0,1.0,EXT-AR-046,asset_routing,False,2689
0.0,0.0010234,1.0,False,hard,8b7d4695f32523c96c79e649252f6f7b9f85eab9a7f6973a565553a740c47c5f,evaluator_v2.3,1.0,81828.5,3,SingleAgent-AllTools,0.0909,0.5882,0.7857,EXT-AR-046,asset_routing,False,5048
0.0,0.00067564,1.0,False,hard,8b7d4695f32523c96c79e649252f6f7b9f85eab9a7f6973a565553a740c47c5f,evaluator_v2.3,1.0,41359.3,3,SingleAgent-AllTools,0.7273,1.0,0.8571,EXT-AR-057,asset_routing,False,3726
1.0,0.0004102,1.0,False,hard,8b7d4695f32523c96c79e649252f6f7b9f85eab9a7f6973a565553a740c47c5f,evaluator_v2.3,1.0,11241.5,2,KAFarmTwin-TypedRepair,0.4091,1.0,1.0,EXT-AR-057,asset_routing,False,2704
1.0,0.00034453999999999995,1.0,False,easy,8b7d4695f32523c96c79e649252f6f7b9f85eab9a7f6973a565553a740c47c5f,evaluator_v2.3,1.0,9034.0,2,KAFarmTwin-TypedRepair,0.35,1.0,1.0,EXT-AR-015,asset_routing,False,2285
0.0,0.00044744,1.0,False,easy,8b7d4695f32523c96c79e649252f6f7b9f85eab9a7f6973a565553a740c47c5f,evaluator_v2.3,0.0,46552.9,1,SingleAgent-AllTools,0.0,0.0,0.0,EXT-AR-015,asset_routing,False,1996
0.0,0.0,1.0,False,medium,8b7d4695f32523c96c79e649252f6f7b9f85eab9a7f6973a565553a740c47c5f,evaluator_v2.3,1.0,0.0,0,SingleAgent-AllTools,1.0,0.0,1.0,EXT-RR-018,rule_repair,False,0
1.0,0.00019572,1.0,True,medium,8b7d4695f32523c96c79e649252f6f7b9f85eab9a7f6973a565553a740c47c5f,evaluator_v2.3,1.0,773.8,1,KAFarmTwin-TypedRepair,1.0,1.0,1.0,EXT-RR-018,rule_repair,False,1390
0.0,0.0,1.0,True,medium,8b7d4695f32523c96c79e649252f6f7b9f85eab9a7f6973a565553a740c47c5f,evaluator_v2.3,1.0,2.2,0,KAFarmTwin-TypedRepair,0.0,0.0,0.0,EXT-MQ-030,memory_query,False,0
0.0,0.0,1.0,True,medium,8b7d4695f32523c96c79e649252f6f7b9f85eab9a7f6973a565553a740c47c5f,evaluator_v2.3,1.0,2.0,0,SingleAgent-AllTools,0.0,0.0,0.0,EXT-MQ-030,memory_query,False,0
0.0,0.0,1.0,True,medium,8b7d4695f32523c96c79e649252f6f7b9f85eab9a7f6973a565553a740c47c5f,evaluator_v2.3,1.0,1.6,0,SingleAgent-AllTools,0.0,0.0,0.0,EXT-MQ-022,memory_query,False,0
0.0,0.0,1.0,True,medium,8b7d4695f32523c96c79e649252f6f7b9f85eab9a7f6973a565553a740c47c5f,evaluator_v2.3,1.0,1.5,0,KAFarmTwin-TypedRepair,0.0,0.0,0.0,EXT-MQ-022,memory_query,False,0
1.0,0.00020916,1.0,True,hard,8b7d4695f32523c96c79e649252f6f7b9f85eab9a7f6973a565553a740c47c5f,evaluator_v2.3,1.0,886.2,1,KAFarmTwin-TypedRepair,1.0,1.0,1.0,EXT-RR-053,rule_repair,False,1486
0.0,0.0,1.0,False,hard,8b7d4695f32523c96c79e649252f6f7b9f85eab9a7f6973a565553a740c47c5f,evaluator_v2.3,1.0,0.0,0,SingleAgent-AllTools,1.0,0.0,1.0,EXT-RR-053,rule_repair,False,0
0.0,0.00066122,1.0,False,medium,8b7d4695f32523c96c79e649252f6f7b9f85eab9a7f6973a565553a740c47c5f,evaluator_v2.3,1.0,52076.2,3,SingleAgent-AllTools,0.0417,0.8889,0.8571,EXT-AR-024,asset_routing,False,3671
1.0,0.00038304,1.0,False,medium,8b7d4695f32523c96c79e649252f6f7b9f85eab9a7f6973a565553a740c47c5f,evaluator_v2.3,1.0,8307.1,2,KAFarmTwin-TypedRepair,0.2083,1.0,1.0,EXT-AR-024,asset_routing,False,2527
0.0,0.0,1.0,True,medium,8b7d4695f32523c96c79e649252f6f7b9f85eab9a7f6973a565553a740c47c5f,evaluator_v2.3,1.0,2.1,0,KAFarmTwin-TypedRepair,0.0,0.0,0.0,EXT-MQ-034,memory_query,False,0
0.0,0.0,1.0,True,medium,8b7d4695f32523c96c79e649252f6f7b9f85eab9a7f6973a565553a740c47c5f,evaluator_v2.3,1.0,1.7,0,SingleAgent-AllTools,0.0,0.0,0.0,EXT-MQ-034,memory_query,False,0
0.0,0.00045136,0.0,False,hard,8b7d4695f32523c96c79e649252f6f7b9f85eab9a7f6973a565553a740c47c5f,evaluator_v2.3,0.0,37510.6,1,SingleAgent-AllTools,0.0,0.0,0.0,EXT-AR-049,asset_routing,False,2024
1.0,0.0004165,1.0,False,hard,8b7d4695f32523c96c79e649252f6f7b9f85eab9a7f6973a565553a740c47c5f,evaluator_v2.3,1.0,12312.6,2,KAFarmTwin-TypedRepair,0.4118,1.0,1.0,EXT-AR-049,asset_routing,False,2742
0.0,0.000651,1.0,True,medium,8b7d4695f32523c96c79e649252f6f7b9f85eab9a7f6973a565553a740c47c5f,evaluator_v2.3,1.0,35188.9,3,KAFarmTwin-TypedRepair,1.0,1.0,1.0,EXT-SC-016,scene_construction,False,3637
0.0,0.0006048,1.0,False,medium,8b7d4695f32523c96c79e649252f6f7b9f85eab9a7f6973a565553a740c47c5f,evaluator_v2.3,1.0,253836.0,3,SingleAgent-AllTools,1.0,0.8,0.5714,EXT-SC-016,scene_construction,False,3460
1.0,0.0002317,1.0,True,medium,8b7d4695f32523c96c79e649252f6f7b9f85eab9a7f6973a565553a740c47c5f,evaluator_v2.3,1.0,18481.0,1,SingleAgent-AllTools,1.0,1.0,0.0,EXT-DB-020,data_binding,False,1307
1.0,0.00046662,1.0,True,medium,8b7d4695f32523c96c79e649252f6f7b9f85eab9a7f6973a565553a740c47c5f,evaluator_v2.3,1.0,27925.0,2,KAFarmTwin-TypedRepair,1.0,1.0,1.0,EXT-DB-020,data_binding,False,2977
1.0,0.0003808,1.0,False,medium,8b7d4695f32523c96c79e649252f6f7b9f85eab9a7f6973a565553a740c47c5f,evaluator_v2.3,1.0,22860.2,2,KAFarmTwin-TypedRepair,0.2,1.0,1.0,EXT-AR-020,asset_routing,False,2506
0.0,0.00045024,0.0,False,medium,8b7d4695f32523c96c79e649252f6f7b9f85eab9a7f6973a565553a740c47c5f,evaluator_v2.3,0.0,37446.8,1,SingleAgent-AllTools,0.0,0.0,0.0,EXT-AR-020,asset_routing,False,2016
0.0,0.0,1.0,False,easy,8b7d4695f32523c96c79e649252f6f7b9f85eab9a7f6973a565553a740c47c5f,evaluator_v2.3,1.0,0.0,0,SingleAgent-AllTools,1.0,0.0,1.0,EXT-RR-010,rule_repair,False,0
1.0,0.0001778,1.0,True,easy,8b7d4695f32523c96c79e649252f6f7b9f85eab9a7f6973a565553a740c47c5f,evaluator_v2.3,1.0,2493.9,1,KAFarmTwin-TypedRepair,1.0,1.0,1.0,EXT-RR-010,rule_repair,False,1262
1.0,0.0001778,1.0,True,easy,8b7d4695f32523c96c79e649252f6f7b9f85eab9a7f6973a565553a740c47c5f,evaluator_v2.3,1.0,13712.8,1,KAFarmTwin-TypedRepair,1.0,1.0,1.0,EXT-RR-006,rule_repair,False,1262
0.0,0.0,1.0,False,easy,8b7d4695f32523c96c79e649252f6f7b9f85eab9a7f6973a565553a740c47c5f,evaluator_v2.3,1.0,0.0,0,SingleAgent-AllTools,1.0,0.0,1.0,EXT-RR-006,rule_repair,False,0
0.0,0.00044744,1.0,False,easy,8b7d4695f32523c96c79e649252f6f7b9f85eab9a7f6973a565553a740c47c5f,evaluator_v2.3,0.0,44751.1,1,SingleAgent-AllTools,0.0,0.0,0.0,EXT-AR-010,asset_routing,False,1996
1.0,0.00034453999999999995,1.0,False,easy,8b7d4695f32523c96c79e649252f6f7b9f85eab9a7f6973a565553a740c47c5f,evaluator_v2.3,1.0,7689.8,2,KAFarmTwin-TypedRepair,0.2963,1.0,1.0,EXT-AR-010,asset_routing,False,2285
0.0,0.00061306,1.0,True,easy,8b7d4695f32523c96c79e649252f6f7b9f85eab9a7f6973a565553a740c47c5f,evaluator_v2.3,1.0,57265.0,3,KAFarmTwin-TypedRepair,1.0,1.0,1.0,EXT-SC-012,scene_construction,False,3492
0.0,0.00056322,1.0,True,easy,8b7d4695f32523c96c79e649252f6f7b9f85eab9a7f6973a565553a740c47c5f,evaluator_v2.3,1.0,27323.2,3,SingleAgent-AllTools,1.0,1.0,0.6667,EXT-SC-012,scene_construction,False,3314
0.0,0.0,1.0,False,medium,8b7d4695f32523c96c79e649252f6f7b9f85eab9a7f6973a565553a740c47c5f,evaluator_v2.3,1.0,0.0,0,SingleAgent-AllTools,1.0,0.0,1.0,EXT-RR-032,rule_repair,False,0
1.0,0.00019838,1.0,True,medium,8b7d4695f32523c96c79e649252f6f7b9f85eab9a7f6973a565553a740c47c5f,evaluator_v2.3,1.0,732.5,1,KAFarmTwin-TypedRepair,1.0,1.0,1.0,EXT-RR-032,rule_repair,False,1409
0.0,0.00069202,1.0,True,hard,8b7d4695f32523c96c79e649252f6f7b9f85eab9a7f6973a565553a740c47c5f,evaluator_v2.3,1.0,99130.1,3,KAFarmTwin-TypedRepair,1.0,1.0,1.0,EXT-SC-055,scene_construction,False,3818
0.0,0.00067326,1.0,True,hard,8b7d4695f32523c96c79e649252f6f7b9f85eab9a7f6973a565553a740c47c5f,evaluator_v2.3,1.0,43730.2,3,SingleAgent-AllTools,1.0,1.0,0.625,EXT-SC-055,scene_construction,False,3742
0.0,0.0,1.0,False,medium,8b7d4695f32523c96c79e649252f6f7b9f85eab9a7f6973a565553a740c47c5f,evaluator_v2.3,1.0,0.1,0,SingleAgent-AllTools,1.0,0.0,1.0,EXT-RR-045,rule_repair,False,0
1.0,0.00019292,1.0,True,medium,8b7d4695f32523c96c79e649252f6f7b9f85eab9a7f6973a565553a740c47c5f,evaluator_v2.3,1.0,10300.9,1,KAFarmTwin-TypedRepair,1.0,1.0,1.0,EXT-RR-045,rule_repair,False,1370
1.0,0.00065478,1.0,True,hard,8b7d4695f32523c96c79e649252f6f7b9f85eab9a7f6973a565553a740c47c5f,evaluator_v2.3,1.0,23338.8,2,KAFarmTwin-TypedRepair,1.0,1.0,1.0,EXT-DB-051,data_binding,False,4105
1.0,0.0003108,1.0,True,hard,8b7d4695f32523c96c79e649252f6f7b9f85eab9a7f6973a565553a740c47c5f,evaluator_v2.3,1.0,21173.9,1,SingleAgent-AllTools,1.0,1.0,0.0,EXT-DB-051,data_binding,False,1656
1.0,0.00023534,1.0,True,medium,8b7d4695f32523c96c79e649252f6f7b9f85eab9a7f6973a565553a740c47c5f,evaluator_v2.3,1.0,15778.6,1,SingleAgent-AllTools,1.0,1.0,0.0,EXT-DB-044,data_binding,False,1324
1.0,0.00047362,1.0,True,medium,8b7d4695f32523c96c79e649252f6f7b9f85eab9a7f6973a565553a740c47c5f,evaluator_v2.3,1.0,42056.7,2,KAFarmTwin-TypedRepair,1.0,1.0,1.0,EXT-DB-044,data_binding,False,3018
1.0,0.00044912,1.0,True,medium,8b7d4695f32523c96c79e649252f6f7b9f85eab9a7f6973a565553a740c47c5f,evaluator_v2.3,1.0,27493.7,2,KAFarmTwin-TypedRepair,1.0,1.0,1.0,EXT-DB-042,data_binding,False,2916
1.0,0.0002142,1.0,True,medium,8b7d4695f32523c96c79e649252f6f7b9f85eab9a7f6973a565553a740c47c5f,evaluator_v2.3,1.0,7913.7,1,SingleAgent-AllTools,1.0,1.0,0.0,EXT-DB-042,data_binding,False,1246
0.0,0.0007511,1.0,False,easy,8b7d4695f32523c96c79e649252f6f7b9f85eab9a7f6973a565553a740c47c5f,evaluator_v2.3,1.0,58320.3,3,SingleAgent-AllTools,0.0385,0.6,0.8889,EXT-AR-003,asset_routing,False,3997
1.0,0.00034398,1.0,False,easy,8b7d4695f32523c96c79e649252f6f7b9f85eab9a7f6973a565553a740c47c5f,evaluator_v2.3,1.0,10328.6,2,KAFarmTwin-TypedRepair,0.2692,1.0,1.0,EXT-AR-003,asset_routing,False,2282
1.0,0.00045178,1.0,True,medium,8b7d4695f32523c96c79e649252f6f7b9f85eab9a7f6973a565553a740c47c5f,evaluator_v2.3,1.0,9431.8,2,KAFarmTwin-TypedRepair,1.0,1.0,1.0,EXT-DB-038,data_binding,False,2931
1.0,0.00021574,1.0,True,medium,8b7d4695f32523c96c79e649252f6f7b9f85eab9a7f6973a565553a740c47c5f,evaluator_v2.3,1.0,17836.7,1,SingleAgent-AllTools,1.0,1.0,0.0,EXT-DB-038,data_binding,False,1253
0.0,0.0,1.0,False,hard,8b7d4695f32523c96c79e649252f6f7b9f85eab9a7f6973a565553a740c47c5f,evaluator_v2.3,1.0,0.0,0,SingleAgent-AllTools,1.0,0.0,1.0,EXT-RR-057,rule_repair,False,0
1.0,0.00020958,1.0,True,hard,8b7d4695f32523c96c79e649252f6f7b9f85eab9a7f6973a565553a740c47c5f,evaluator_v2.3,1.0,859.5,1,KAFarmTwin-TypedRepair,1.0,1.0,1.0,EXT-RR-057,rule_repair,False,1489
1.0,0.00038555999999999996,1.0,False,medium,8b7d4695f32523c96c79e649252f6f7b9f85eab9a7f6973a565553a740c47c5f,evaluator_v2.3,1.0,34647.7,2,KAFarmTwin-TypedRepair,0.3846,1.0,1.0,EXT-AR-023,asset_routing,False,2522
0.0,0.00108318,1.0,False,medium,8b7d4695f32523c96c79e649252f6f7b9f85eab9a7f6973a565553a740c47c5f,evaluator_v2.3,1.0,98978.3,3,SingleAgent-AllTools,0.037,0.5,0.7857,EXT-AR-023,asset_routing,False,5277
0.0,0.0,1.0,True,hard,8b7d4695f32523c96c79e649252f6f7b9f85eab9a7f6973a565553a740c47c5f,evaluator_v2.3,1.0,2.6,0,SingleAgent-AllTools,0.0,0.0,0.0,EXT-MQ-053,memory_query,False,0
0.0,0.0,1.0,True,hard,8b7d4695f32523c96c79e649252f6f7b9f85eab9a7f6973a565553a740c47c5f,evaluator_v2.3,1.0,2.1,0,KAFarmTwin-TypedRepair,0.0,0.0,0.0,EXT-MQ-053,memory_query,False,0
1.0,0.00037674,1.0,False,medium,8b7d4695f32523c96c79e649252f6f7b9f85eab9a7f6973a565553a740c47c5f,evaluator_v2.3,1.0,7556.1,2,KAFarmTwin-TypedRepair,0.2424,1.0,1.0,EXT-AR-033,asset_routing,False,2490
0.0,0.00093464,1.0,False,medium,8b7d4695f32523c96c79e649252f6f7b9f85eab9a7f6973a565553a740c47c5f,evaluator_v2.3,1.0,61248.8,3,SingleAgent-AllTools,0.0588,0.5714,0.75,EXT-AR-033,asset_routing,False,4718
0.0,0.0,1.0,False,hard,8b7d4695f32523c96c79e649252f6f7b9f85eab9a7f6973a565553a740c47c5f,evaluator_v2.3,1.0,0.0,0,SingleAgent-AllTools,1.0,0.0,1.0,EXT-RR-047,rule_repair,False,0
1.0,0.00020818,1.0,True,hard,8b7d4695f32523c96c79e649252f6f7b9f85eab9a7f6973a565553a740c47c5f,evaluator_v2.3,1.0,749.2,1,KAFarmTwin-TypedRepair,1.0,1.0,1.0,EXT-RR-047,rule_repair,False,1479
0.0,0.0,1.0,True,easy,8b7d4695f32523c96c79e649252f6f7b9f85eab9a7f6973a565553a740c47c5f,evaluator_v2.3,1.0,1.6,0,KAFarmTwin-TypedRepair,0.0,0.0,0.0,EXT-MQ-002,memory_query,False,0
0.0,0.0,1.0,True,easy,8b7d4695f32523c96c79e649252f6f7b9f85eab9a7f6973a565553a740c47c5f,evaluator_v2.3,1.0,1.3,0,SingleAgent-AllTools,0.0,0.0,0.0,EXT-MQ-002,memory_query,False,0
0.0,0.0,1.0,False,medium,8b7d4695f32523c96c79e649252f6f7b9f85eab9a7f6973a565553a740c47c5f,evaluator_v2.3,1.0,0.0,0,SingleAgent-AllTools,1.0,0.0,1.0,EXT-RR-027,rule_repair,False,0
1.0,0.00019166,1.0,True,medium,8b7d4695f32523c96c79e649252f6f7b9f85eab9a7f6973a565553a740c47c5f,evaluator_v2.3,1.0,922.1,1,KAFarmTwin-TypedRepair,1.0,1.0,1.0,EXT-RR-027,rule_repair,False,1361
1.0,0.00034146000000000003,1.0,False,easy,8b7d4695f32523c96c79e649252f6f7b9f85eab9a7f6973a565553a740c47c5f,evaluator_v2.3,1.0,4549.1,2,KAFarmTwin-TypedRepair,0.125,1.0,1.0,EXT-AR-006,asset_routing,False,2301
0.0,0.0005999,1.0,False,easy,8b7d4695f32523c96c79e649252f6f7b9f85eab9a7f6973a565553a740c47c5f,evaluator_v2.3,1.0,32828.1,3,SingleAgent-AllTools,0.9688,0.8571,0.8333,EXT-AR-006,asset_routing,False,3417
0.0,0.0,1.0,True,medium,8b7d4695f32523c96c79e649252f6f7b9f85eab9a7f6973a565553a740c47c5f,evaluator_v2.3,1.0,2.4,0,SingleAgent-AllTools,0.0,0.0,0.0,EXT-MQ-027,memory_query,False,0
0.0,0.0,1.0,True,medium,8b7d4695f32523c96c79e649252f6f7b9f85eab9a7f6973a565553a740c47c5f,evaluator_v2.3,1.0,2.0,0,KAFarmTwin-TypedRepair,0.0,0.0,0.0,EXT-MQ-027,memory_query,False,0
1.0,0.00045275999999999997,1.0,True,medium,8b7d4695f32523c96c79e649252f6f7b9f85eab9a7f6973a565553a740c47c5f,evaluator_v2.3,1.0,14475.7,2,KAFarmTwin-TypedRepair,1.0,1.0,1.0,EXT-DB-034,data_binding,False,2937
1.0,0.00021616,1.0,True,medium,8b7d4695f32523c96c79e649252f6f7b9f85eab9a7f6973a565553a740c47c5f,evaluator_v2.3,1.0,6262.5,1,SingleAgent-AllTools,1.0,1.0,0.0,EXT-DB-034,data_binding,False,1255
0.0,0.0,1.0,True,hard,8b7d4695f32523c96c79e649252f6f7b9f85eab9a7f6973a565553a740c47c5f,evaluator_v2.3,1.0,2.5,0,SingleAgent-AllTools,0.0,0.0,0.0,EXT-MQ-055,memory_query,False,0
0.0,0.0,1.0,True,hard,8b7d4695f32523c96c79e649252f6f7b9f85eab9a7f6973a565553a740c47c5f,evaluator_v2.3,1.0,2.1,0,KAFarmTwin-TypedRepair,0.0,0.0,0.0,EXT-MQ-055,memory_query,False,0
1.0,0.00034342,1.0,False,easy,8b7d4695f32523c96c79e649252f6f7b9f85eab9a7f6973a565553a740c47c5f,evaluator_v2.3,1.0,11946.9,2,KAFarmTwin-TypedRepair,0.2903,1.0,1.0,EXT-AR-011,asset_routing,False,2278
0.0,0.00090566,1.0,False,easy,8b7d4695f32523c96c79e649252f6f7b9f85eab9a7f6973a565553a740c47c5f,evaluator_v2.3,1.0,254932.4,3,SingleAgent-AllTools,0.9677,0.5,0.9091,EXT-AR-011,asset_routing,False,4567
0.0,0.0,1.0,False,easy,8b7d4695f32523c96c79e649252f6f7b9f85eab9a7f6973a565553a740c47c5f,evaluator_v2.3,1.0,0.0,0,SingleAgent-AllTools,1.0,0.0,1.0,EXT-RR-007,rule_repair,False,0
1.0,0.00017472,1.0,True,easy,8b7d4695f32523c96c79e649252f6f7b9f85eab9a7f6973a565553a740c47c5f,evaluator_v2.3,1.0,653.7,1,KAFarmTwin-TypedRepair,1.0,1.0,1.0,EXT-RR-007,rule_repair,False,1240
1.0,0.00037506,1.0,False,medium,8b7d4695f32523c96c79e649252f6f7b9f85eab9a7f6973a565553a740c47c5f,evaluator_v2.3,1.0,15948.0,2,KAFarmTwin-TypedRepair,0.2432,1.0,1.0,EXT-AR-034,asset_routing,False,2515
0.0,0.00060228,1.0,False,medium,8b7d4695f32523c96c79e649252f6f7b9f85eab9a7f6973a565553a740c47c5f,evaluator_v2.3,1.0,97116.3,3,SingleAgent-AllTools,0.027,1.0,0.8333,EXT-AR-034,asset_routing,False,3456
0.0,0.0,1.0,True,medium,8b7d4695f32523c96c79e649252f6f7b9f85eab9a7f6973a565553a740c47c5f,evaluator_v2.3,1.0,3.0,0,SingleAgent-AllTools,0.0,0.0,0.0,EXT-MQ-036,memory_query,False,0
0.0,0.0,1.0,True,medium,8b7d4695f32523c96c79e649252f6f7b9f85eab9a7f6973a565553a740c47c5f,evaluator_v2.3,1.0,3.0,0,KAFarmTwin-TypedRepair,0.0,0.0,0.0,EXT-MQ-036,memory_query,False,0
0.0,0.0006204800000000001,1.0,True,medium,8b7d4695f32523c96c79e649252f6f7b9f85eab9a7f6973a565553a740c47c5f,evaluator_v2.3,1.0,49279.3,3,KAFarmTwin-TypedRepair,1.0,1.0,1.0,EXT-SC-038,scene_construction,False,3534
0.0,0.0007294,1.0,True,medium,8b7d4695f32523c96c79e649252f6f7b9f85eab9a7f6973a565553a740c47c5f,evaluator_v2.3,1.0,61753.1,3,SingleAgent-AllTools,0.9505,1.0,0.5714,EXT-SC-038,scene_construction,False,3959
0.0,0.0,1.0,True,hard,8b7d4695f32523c96c79e649252f6f7b9f85eab9a7f6973a565553a740c47c5f,evaluator_v2.3,1.0,2.6,0,SingleAgent-AllTools,0.0,0.0,0.0,EXT-MQ-054,memory_query,False,0
0.0,0.0,1.0,True,hard,8b7d4695f32523c96c79e649252f6f7b9f85eab9a7f6973a565553a740c47c5f,evaluator_v2.3,1.0,2.5,0,KAFarmTwin-TypedRepair,0.0,0.0,0.0,EXT-MQ-054,memory_query,False,0
0.0,0.0,1.0,True,hard,8b7d4695f32523c96c79e649252f6f7b9f85eab9a7f6973a565553a740c47c5f,evaluator_v2.3,1.0,1.7,0,KAFarmTwin-TypedRepair,0.0,0.0,0.0,EXT-MQ-046,memory_query,False,0
0.0,0.0,1.0,True,hard,8b7d4695f32523c96c79e649252f6f7b9f85eab9a7f6973a565553a740c47c5f,evaluator_v2.3,1.0,1.4,0,SingleAgent-AllTools,0.0,0.0,0.0,EXT-MQ-046,memory_query,False,0
1.0,0.00034692,1.0,True,hard,8b7d4695f32523c96c79e649252f6f7b9f85eab9a7f6973a565553a740c47c5f,evaluator_v2.3,1.0,25212.6,1,SingleAgent-AllTools,1.0,1.0,0.0,EXT-DB-053,data_binding,False,1787
1.0,0.0006909,1.0,True,hard,8b7d4695f32523c96c79e649252f6f7b9f85eab9a7f6973a565553a740c47c5f,evaluator_v2.3,1.0,28939.5,2,KAFarmTwin-TypedRepair,1.0,1.0,1.0,EXT-DB-053,data_binding,False,4236
0.0,0.0,1.0,True,easy,8b7d4695f32523c96c79e649252f6f7b9f85eab9a7f6973a565553a740c47c5f,evaluator_v2.3,1.0,1.5,0,KAFarmTwin-TypedRepair,0.0,0.0,0.5,EXT-MQ-012,memory_query,False,0
0.0,0.0,1.0,True,easy,8b7d4695f32523c96c79e649252f6f7b9f85eab9a7f6973a565553a740c47c5f,evaluator_v2.3,1.0,1.1,0,SingleAgent-AllTools,0.0,0.0,0.5,EXT-MQ-012,memory_query,False,0
0.0,0.00061474,1.0,False,hard,8b7d4695f32523c96c79e649252f6f7b9f85eab9a7f6973a565553a740c47c5f,evaluator_v2.3,1.0,39665.0,3,SingleAgent-AllTools,0.9905,0.5455,0.5714,EXT-SC-048,scene_construction,False,3508
0.0,0.00072002,1.0,False,hard,8b7d4695f32523c96c79e649252f6f7b9f85eab9a7f6973a565553a740c47c5f,evaluator_v2.3,1.0,59330.7,3,KAFarmTwin-TypedRepair,0.9905,0.5455,1.0,EXT-SC-048,scene_construction,False,3892
0.0,0.0006776,1.0,False,medium,8b7d4695f32523c96c79e649252f6f7b9f85eab9a7f6973a565553a740c47c5f,evaluator_v2.3,1.0,59351.1,3,KAFarmTwin-TypedRepair,1.0,0.7273,1.0,EXT-SC-039,scene_construction,False,3757
0.0,0.00073444,1.0,False,medium,8b7d4695f32523c96c79e649252f6f7b9f85eab9a7f6973a565553a740c47c5f,evaluator_v2.3,1.0,56666.6,3,SingleAgent-AllTools,1.0,0.6667,0.6667,EXT-SC-039,scene_construction,False,3975
0.0,0.0006347600000000001,1.0,False,medium,8b7d4695f32523c96c79e649252f6f7b9f85eab9a7f6973a565553a740c47c5f,evaluator_v2.3,1.0,48671.6,3,SingleAgent-AllTools,1.0,0.8,0.5714,EXT-SC-045,scene_construction,False,3585
0.0,0.0006762,1.0,False,medium,8b7d4695f32523c96c79e649252f6f7b9f85eab9a7f6973a565553a740c47c5f,evaluator_v2.3,1.0,50006.2,3,KAFarmTwin-TypedRepair,1.0,0.8,1.0,EXT-SC-045,scene_construction,False,3733
0.0,0.0,1.0,True,medium,8b7d4695f32523c96c79e649252f6f7b9f85eab9a7f6973a565553a740c47c5f,evaluator_v2.3,1.0,2.0,0,KAFarmTwin-TypedRepair,0.0,0.0,0.0,EXT-MQ-026,memory_query,False,0
0.0,0.0,1.0,True,medium,8b7d4695f32523c96c79e649252f6f7b9f85eab9a7f6973a565553a740c47c5f,evaluator_v2.3,1.0,1.6,0,SingleAgent-AllTools,0.0,0.0,0.0,EXT-MQ-026,memory_query,False,0
1.0,0.00018802,1.0,True,easy,8b7d4695f32523c96c79e649252f6f7b9f85eab9a7f6973a565553a740c47c5f,evaluator_v2.3,1.0,10032.7,1,SingleAgent-AllTools,1.0,1.0,0.0,EXT-DB-010,data_binding,False,1134
1.0,0.00039466,1.0,True,easy,8b7d4695f32523c96c79e649252f6f7b9f85eab9a7f6973a565553a740c47c5f,evaluator_v2.3,1.0,25357.5,2,KAFarmTwin-TypedRepair,1.0,1.0,1.0,EXT-DB-010,data_binding,False,2602
0.0,0.00059808,1.0,False,medium,8b7d4695f32523c96c79e649252f6f7b9f85eab9a7f6973a565553a740c47c5f,evaluator_v2.3,1.0,45720.2,3,KAFarmTwin-TypedRepair,1.0,0.8,1.0,EXT-SC-028,scene_construction,False,3448
0.0,0.00062188,1.0,False,medium,8b7d4695f32523c96c79e649252f6f7b9f85eab9a7f6973a565553a740c47c5f,evaluator_v2.3,1.0,35229.3,3,SingleAgent-AllTools,1.0,0.8,0.5714,EXT-SC-028,scene_construction,False,3533
0.0,0.00064134,1.0,True,medium,8b7d4695f32523c96c79e649252f6f7b9f85eab9a7f6973a565553a740c47c5f,evaluator_v2.3,1.0,37073.9,3,SingleAgent-AllTools,1.0,1.0,0.5714,EXT-SC-035,scene_construction,False,3607
0.0,0.0006895,1.0,False,medium,8b7d4695f32523c96c79e649252f6f7b9f85eab9a7f6973a565553a740c47c5f,evaluator_v2.3,1.0,43065.1,3,KAFarmTwin-TypedRepair,1.0,0.8,1.0,EXT-SC-035,scene_construction,False,3789
0.0,0.00073976,1.0,True,hard,8b7d4695f32523c96c79e649252f6f7b9f85eab9a7f6973a565553a740c47c5f,evaluator_v2.3,1.0,40715.1,3,KAFarmTwin-TypedRepair,1.0,1.0,1.0,EXT-SC-053,scene_construction,False,3978
0.0,0.00068656,1.0,False,hard,8b7d4695f32523c96c79e649252f6f7b9f85eab9a7f6973a565553a740c47c5f,evaluator_v2.3,1.0,41082.3,3,SingleAgent-AllTools,1.0,0.6667,0.625,EXT-SC-053,scene_construction,False,3788
0.0,0.0,1.0,False,easy,8b7d4695f32523c96c79e649252f6f7b9f85eab9a7f6973a565553a740c47c5f,evaluator_v2.3,1.0,0.0,0,SingleAgent-AllTools,1.0,0.0,1.0,EXT-RR-002,rule_repair,False,0
1.0,0.00017836,1.0,True,easy,8b7d4695f32523c96c79e649252f6f7b9f85eab9a7f6973a565553a740c47c5f,evaluator_v2.3,1.0,1036.8,1,KAFarmTwin-TypedRepair,1.0,1.0,1.0,EXT-RR-002,rule_repair,False,1266
0.0,0.0,1.0,True,hard,8b7d4695f32523c96c79e649252f6f7b9f85eab9a7f6973a565553a740c47c5f,evaluator_v2.3,1.0,0.9,0,KAFarmTwin-TypedRepair,0.0,0.0,0.0,EXT-MQ-059,memory_query,False,0
0.0,0.0,1.0,True,hard,8b7d4695f32523c96c79e649252f6f7b9f85eab9a7f6973a565553a740c47c5f,evaluator_v2.3,1.0,0.7,0,SingleAgent-AllTools,0.0,0.0,0.0,EXT-MQ-059,memory_query,False,0
0.0,0.0,1.0,False,medium,8b7d4695f32523c96c79e649252f6f7b9f85eab9a7f6973a565553a740c47c5f,evaluator_v2.3,1.0,0.0,0,SingleAgent-AllTools,1.0,0.0,1.0,EXT-RR-026,rule_repair,False,0
1.0,0.00019446,1.0,True,medium,8b7d4695f32523c96c79e649252f6f7b9f85eab9a7f6973a565553a740c47c5f,evaluator_v2.3,1.0,7652.7,1,KAFarmTwin-TypedRepair,1.0,1.0,1.0,EXT-RR-026,rule_repair,False,1381
1.0,0.00038024,1.0,False,medium,8b7d4695f32523c96c79e649252f6f7b9f85eab9a7f6973a565553a740c47c5f,evaluator_v2.3,1.0,6657.5,2,KAFarmTwin-TypedRepair,0.2692,1.0,1.0,EXT-AR-038,asset_routing,False,2503
0.0,0.00081354,1.0,False,medium,8b7d4695f32523c96c79e649252f6f7b9f85eab9a7f6973a565553a740c47c5f,evaluator_v2.3,1.0,46851.7,3,SingleAgent-AllTools,0.0377,0.6667,0.9,EXT-AR-038,asset_routing,False,4249
0.0,0.0008736,1.0,True,hard,8b7d4695f32523c96c79e649252f6f7b9f85eab9a7f6973a565553a740c47c5f,evaluator_v2.3,1.0,65069.9,3,SingleAgent-AllTools,1.0,0.6667,0.7857,EXT-SC-056,scene_construction,False,4507
0.0,0.00066248,1.0,True,hard,8b7d4695f32523c96c79e649252f6f7b9f85eab9a7f6973a565553a740c47c5f,evaluator_v2.3,1.0,51438.6,3,KAFarmTwin-TypedRepair,1.0,1.0,1.0,EXT-SC-056,scene_construction,False,3696
1.0,0.0004508,1.0,True,medium,8b7d4695f32523c96c79e649252f6f7b9f85eab9a7f6973a565553a740c47c5f,evaluator_v2.3,1.0,14903.4,2,KAFarmTwin-TypedRepair,1.0,1.0,1.0,EXT-DB-030,data_binding,False,2926
1.0,0.00021504,1.0,True,medium,8b7d4695f32523c96c79e649252f6f7b9f85eab9a7f6973a565553a740c47c5f,evaluator_v2.3,1.0,9927.4,1,SingleAgent-AllTools,1.0,1.0,0.0,EXT-DB-030,data_binding,False,1250
0.0,0.0007532,1.0,False,medium,8b7d4695f32523c96c79e649252f6f7b9f85eab9a7f6973a565553a740c47c5f,evaluator_v2.3,1.0,66421.2,3,SingleAgent-AllTools,0.902,0.7273,0.8889,EXT-AR-031,asset_routing,False,4024
1.0,0.0003773,1.0,False,medium,8b7d4695f32523c96c79e649252f6f7b9f85eab9a7f6973a565553a740c47c5f,evaluator_v2.3,1.0,9673.9,2,KAFarmTwin-TypedRepair,0.24,1.0,1.0,EXT-AR-031,asset_routing,False,2490
0.0,0.0,1.0,True,medium,8b7d4695f32523c96c79e649252f6f7b9f85eab9a7f6973a565553a740c47c5f,evaluator_v2.3,1.0,0.8,0,KAFarmTwin-TypedRepair,0.0,0.0,0.0,EXT-MQ-037,memory_query,False,0
0.0,0.0,1.0,True,medium,8b7d4695f32523c96c79e649252f6f7b9f85eab9a7f6973a565553a740c47c5f,evaluator_v2.3,1.0,0.6,0,SingleAgent-AllTools,0.0,0.0,0.0,EXT-MQ-037,memory_query,False,0
0.0,0.00066332,1.0,False,hard,8b7d4695f32523c96c79e649252f6f7b9f85eab9a7f6973a565553a740c47c5f,evaluator_v2.3,1.0,41657.2,3,SingleAgent-AllTools,0.9916,0.5455,0.5714,EXT-SC-057,scene_construction,False,3691
0.0,0.00066472,1.0,False,hard,8b7d4695f32523c96c79e649252f6f7b9f85eab9a7f6973a565553a740c47c5f,evaluator_v2.3,1.0,34266.2,3,KAFarmTwin-TypedRepair,0.9916,0.5455,1.0,EXT-SC-057,scene_construction,False,3696
0.0,0.0006445600000000001,1.0,False,medium,8b7d4695f32523c96c79e649252f6f7b9f85eab9a7f6973a565553a740c47c5f,evaluator_v2.3,1.0,32528.4,3,KAFarmTwin-TypedRepair,1.0,0.8,1.0,EXT-SC-020,scene_construction,False,3617
0.0,0.0007016800000000001,1.0,False,medium,8b7d4695f32523c96c79e649252f6f7b9f85eab9a7f6973a565553a740c47c5f,evaluator_v2.3,1.0,64272.1,3,SingleAgent-AllTools,1.0,0.8,0.5714,EXT-SC-020,scene_construction,False,3821
0.0,0.0,1.0,True,medium,8b7d4695f32523c96c79e649252f6f7b9f85eab9a7f6973a565553a740c47c5f,evaluator_v2.3,1.0,2.5,0,SingleAgent-AllTools,0.0,0.0,0.0,EXT-MQ-021,memory_query,False,0
0.0,0.0,1.0,True,medium,8b7d4695f32523c96c79e649252f6f7b9f85eab9a7f6973a565553a740c47c5f,evaluator_v2.3,1.0,2.0,0,KAFarmTwin-TypedRepair,0.0,0.0,0.0,EXT-MQ-021,memory_query,False,0
1.0,0.00020832,1.0,True,hard,8b7d4695f32523c96c79e649252f6f7b9f85eab9a7f6973a565553a740c47c5f,evaluator_v2.3,1.0,1927.3,1,KAFarmTwin-TypedRepair,1.0,1.0,1.0,EXT-RR-051,rule_repair,False,1480
0.0,0.0,1.0,False,hard,8b7d4695f32523c96c79e649252f6f7b9f85eab9a7f6973a565553a740c47c5f,evaluator_v2.3,1.0,0.0,0,SingleAgent-AllTools,1.0,0.0,1.0,EXT-RR-051,rule_repair,False,0
0.0,0.00066206,1.0,False,medium,8b7d4695f32523c96c79e649252f6f7b9f85eab9a7f6973a565553a740c47c5f,evaluator_v2.3,1.0,42084.3,3,SingleAgent-AllTools,1.0,0.8,0.5714,EXT-SC-032,scene_construction,False,3682
0.0,0.0006573,1.0,False,medium,8b7d4695f32523c96c79e649252f6f7b9f85eab9a7f6973a565553a740c47c5f,evaluator_v2.3,1.0,43219.2,3,KAFarmTwin-TypedRepair,1.0,0.8,1.0,EXT-SC-032,scene_construction,False,3665
1.0,0.0005074999999999999,1.0,True,medium,8b7d4695f32523c96c79e649252f6f7b9f85eab9a7f6973a565553a740c47c5f,evaluator_v2.3,1.0,16564.9,2,KAFarmTwin-TypedRepair,1.0,1.0,1.0,EXT-DB-031,data_binding,False,3253
1.0,0.00024248,1.0,True,medium,8b7d4695f32523c96c79e649252f6f7b9f85eab9a7f6973a565553a740c47c5f,evaluator_v2.3,1.0,16165.4,1,SingleAgent-AllTools,1.0,1.0,0.0,EXT-DB-031,data_binding,False,1368
0.0,0.0,1.0,True,medium,8b7d4695f32523c96c79e649252f6f7b9f85eab9a7f6973a565553a740c47c5f,evaluator_v2.3,1.0,3.7,0,SingleAgent-AllTools,0.0,0.0,0.0,EXT-MQ-019,memory_query,False,0
0.0,0.0,1.0,True,medium,8b7d4695f32523c96c79e649252f6f7b9f85eab9a7f6973a565553a740c47c5f,evaluator_v2.3,1.0,1.5,0,KAFarmTwin-TypedRepair,0.0,0.0,0.0,EXT-MQ-019,memory_query,False,0
1.0,0.00019138,1.0,True,medium,8b7d4695f32523c96c79e649252f6f7b9f85eab9a7f6973a565553a740c47c5f,evaluator_v2.3,1.0,795.5,1,KAFarmTwin-TypedRepair,1.0,1.0,1.0,EXT-RR-035,rule_repair,False,1359
0.0,0.0,1.0,False,medium,8b7d4695f32523c96c79e649252f6f7b9f85eab9a7f6973a565553a740c47c5f,evaluator_v2.3,1.0,0.0,0,SingleAgent-AllTools,1.0,0.0,1.0,EXT-RR-035,rule_repair,False,0
0.0,0.00067494,1.0,False,medium,8b7d4695f32523c96c79e649252f6f7b9f85eab9a7f6973a565553a740c47c5f,evaluator_v2.3,1.0,43398.3,3,SingleAgent-AllTools,1.0,0.6667,0.6667,EXT-SC-036,scene_construction,False,3742
0.0,0.0006094200000000001,1.0,False,medium,8b7d4695f32523c96c79e649252f6f7b9f85eab9a7f6973a565553a740c47c5f,evaluator_v2.3,1.0,35169.0,3,KAFarmTwin-TypedRepair,1.0,0.8,1.0,EXT-SC-036,scene_construction,False,3497
1.0,0.00019278,1.0,True,medium,8b7d4695f32523c96c79e649252f6f7b9f85eab9a7f6973a565553a740c47c5f,evaluator_v2.3,1.0,683.2,1,KAFarmTwin-TypedRepair,1.0,1.0,1.0,EXT-RR-017,rule_repair,False,1369
0.0,0.0,1.0,False,medium,8b7d4695f32523c96c79e649252f6f7b9f85eab9a7f6973a565553a740c47c5f,evaluator_v2.3,1.0,0.0,0,SingleAgent-AllTools,1.0,0.0,1.0,EXT-RR-017,rule_repair,False,0
0.0,0.0,1.0,True,medium,8b7d4695f32523c96c79e649252f6f7b9f85eab9a7f6973a565553a740c47c5f,evaluator_v2.3,1.0,2.3,0,SingleAgent-AllTools,0.0,0.0,0.0,EXT-MQ-023,memory_query,False,0
0.0,0.0,1.0,True,medium,8b7d4695f32523c96c79e649252f6f7b9f85eab9a7f6973a565553a740c47c5f,evaluator_v2.3,1.0,1.9,0,KAFarmTwin-TypedRepair,0.0,0.0,0.0,EXT-MQ-023,memory_query,False,0
1.0,0.0001974,1.0,True,medium,8b7d4695f32523c96c79e649252f6f7b9f85eab9a7f6973a565553a740c47c5f,evaluator_v2.3,1.0,1452.7,1,KAFarmTwin-TypedRepair,1.0,1.0,1.0,EXT-RR-040,rule_repair,False,1402
0.0,0.0,1.0,False,medium,8b7d4695f32523c96c79e649252f6f7b9f85eab9a7f6973a565553a740c47c5f,evaluator_v2.3,1.0,0.0,0,SingleAgent-AllTools,1.0,0.0,1.0,EXT-RR-040,rule_repair,False,0
1.0,0.0002695,1.0,True,medium,8b7d4695f32523c96c79e649252f6f7b9f85eab9a7f6973a565553a740c47c5f,evaluator_v2.3,1.0,23073.1,1,SingleAgent-AllTools,1.0,1.0,0.0,EXT-DB-045,data_binding,False,1466
1.0,0.0005342400000000001,1.0,True,medium,8b7d4695f32523c96c79e649252f6f7b9f85eab9a7f6973a565553a740c47c5f,evaluator_v2.3,1.0,18751.3,2,KAFarmTwin-TypedRepair,1.0,1.0,1.0,EXT-DB-045,data_binding,False,3349
1.0,0.00037618,1.0,False,medium,8b7d4695f32523c96c79e649252f6f7b9f85eab9a7f6973a565553a740c47c5f,evaluator_v2.3,1.0,11054.8,2,KAFarmTwin-TypedRepair,0.4348,1.0,1.0,EXT-AR-029,asset_routing,False,2521
0.0,0.00045066,0.0,False,medium,8b7d4695f32523c96c79e649252f6f7b9f85eab9a7f6973a565553a740c47c5f,evaluator_v2.3,0.0,47665.8,1,SingleAgent-AllTools,0.0,0.0,0.0,EXT-AR-029,asset_routing,False,2019
0.0,0.00068922,1.0,False,hard,8b7d4695f32523c96c79e649252f6f7b9f85eab9a7f6973a565553a740c47c5f,evaluator_v2.3,1.0,58104.6,3,SingleAgent-AllTools,0.0278,0.6,0.7143,EXT-AR-047,asset_routing,False,3778
1.0,0.00040908000000000003,1.0,False,hard,8b7d4695f32523c96c79e649252f6f7b9f85eab9a7f6973a565553a740c47c5f,evaluator_v2.3,1.0,7135.0,2,KAFarmTwin-TypedRepair,0.3056,1.0,1.0,EXT-AR-047,asset_routing,False,2697
1.0,0.00037562,1.0,False,medium,8b7d4695f32523c96c79e649252f6f7b9f85eab9a7f6973a565553a740c47c5f,evaluator_v2.3,1.0,13406.4,2,KAFarmTwin-TypedRepair,0.2414,1.0,1.0,EXT-AR-032,asset_routing,False,2484
0.0,0.00079968,1.0,False,medium,8b7d4695f32523c96c79e649252f6f7b9f85eab9a7f6973a565553a740c47c5f,evaluator_v2.3,1.0,52083.5,3,SingleAgent-AllTools,0.1017,0.5,0.9,EXT-AR-032,asset_routing,False,4188
0.0,0.0009142,1.0,False,medium,8b7d4695f32523c96c79e649252f6f7b9f85eab9a7f6973a565553a740c47c5f,evaluator_v2.3,1.0,58619.9,3,SingleAgent-AllTools,0.1224,0.4286,0.75,EXT-AR-044,asset_routing,False,4628
1.0,0.00037996000000000004,1.0,False,medium,8b7d4695f32523c96c79e649252f6f7b9f85eab9a7f6973a565553a740c47c5f,evaluator_v2.3,1.0,5755.9,2,KAFarmTwin-TypedRepair,0.3043,1.0,1.0,EXT-AR-044,asset_routing,False,2544
1.0,0.00034384,1.0,False,easy,8b7d4695f32523c96c79e649252f6f7b9f85eab9a7f6973a565553a740c47c5f,evaluator_v2.3,1.0,11027.4,2,KAFarmTwin-TypedRepair,0.375,1.0,1.0,EXT-AR-014,asset_routing,False,2281
0.0,0.0007323399999999999,1.0,False,easy,8b7d4695f32523c96c79e649252f6f7b9f85eab9a7f6973a565553a740c47c5f,evaluator_v2.3,1.0,59863.3,3,SingleAgent-AllTools,0.2941,0.6667,0.7,EXT-AR-014,asset_routing,False,3933
0.0,0.00070938,1.0,False,medium,8b7d4695f32523c96c79e649252f6f7b9f85eab9a7f6973a565553a740c47c5f,evaluator_v2.3,1.0,36505.1,3,SingleAgent-AllTools,0.0455,0.8,0.875,EXT-AR-037,asset_routing,False,3849
1.0,0.00037576000000000005,1.0,False,medium,8b7d4695f32523c96c79e649252f6f7b9f85eab9a7f6973a565553a740c47c5f,evaluator_v2.3,1.0,10202.8,2,KAFarmTwin-TypedRepair,0.2727,1.0,1.0,EXT-AR-037,asset_routing,False,2484
1.0,0.00037562,1.0,False,medium,8b7d4695f32523c96c79e649252f6f7b9f85eab9a7f6973a565553a740c47c5f,evaluator_v2.3,1.0,12456.4,2,KAFarmTwin-TypedRepair,0.3448,1.0,1.0,EXT-AR-017,asset_routing,False,2484
0.0,0.0006496,1.0,False,medium,8b7d4695f32523c96c79e649252f6f7b9f85eab9a7f6973a565553a740c47c5f,evaluator_v2.3,1.0,40357.0,3,SingleAgent-AllTools,0.1,0.6,0.875,EXT-AR-017,asset_routing,False,3640
1.0,0.0001981,1.0,True,easy,8b7d4695f32523c96c79e649252f6f7b9f85eab9a7f6973a565553a740c47c5f,evaluator_v2.3,1.0,12370.8,1,SingleAgent-AllTools,1.0,1.0,0.0,EXT-DB-013,data_binding,False,1173
1.0,0.00040501999999999997,1.0,True,easy,8b7d4695f32523c96c79e649252f6f7b9f85eab9a7f6973a565553a740c47c5f,evaluator_v2.3,1.0,23007.1,2,KAFarmTwin-TypedRepair,1.0,1.0,1.0,EXT-DB-013,data_binding,False,2643
0.0,0.0,1.0,True,hard,8b7d4695f32523c96c79e649252f6f7b9f85eab9a7f6973a565553a740c47c5f,evaluator_v2.3,1.0,3.0,0,KAFarmTwin-TypedRepair,0.0,0.0,0.0,EXT-MQ-057,memory_query,False,0
0.0,0.0,1.0,True,hard,8b7d4695f32523c96c79e649252f6f7b9f85eab9a7f6973a565553a740c47c5f,evaluator_v2.3,1.0,2.7,0,SingleAgent-AllTools,0.0,0.0,0.0,EXT-MQ-057,memory_query,False,0
0.0,0.0,1.0,True,medium,8b7d4695f32523c96c79e649252f6f7b9f85eab9a7f6973a565553a740c47c5f,evaluator_v2.3,1.0,2.0,0,SingleAgent-AllTools,0.0,0.0,0.0,EXT-MQ-044,memory_query,False,0
0.0,0.0,1.0,True,medium,8b7d4695f32523c96c79e649252f6f7b9f85eab9a7f6973a565553a740c47c5f,evaluator_v2.3,1.0,1.3,0,KAFarmTwin-TypedRepair,0.0,0.0,0.0,EXT-MQ-044,memory_query,False,0
1.0,0.0005342400000000001,1.0,True,medium,8b7d4695f32523c96c79e649252f6f7b9f85eab9a7f6973a565553a740c47c5f,evaluator_v2.3,1.0,12250.0,2,KAFarmTwin-TypedRepair,1.0,1.0,1.0,EXT-DB-025,data_binding,False,3349
1.0,0.0002695,1.0,True,medium,8b7d4695f32523c96c79e649252f6f7b9f85eab9a7f6973a565553a740c47c5f,evaluator_v2.3,1.0,19285.7,1,SingleAgent-AllTools,1.0,1.0,0.0,EXT-DB-025,data_binding,False,1466
0.0,0.00069818,1.0,False,easy,8b7d4695f32523c96c79e649252f6f7b9f85eab9a7f6973a565553a740c47c5f,evaluator_v2.3,1.0,49225.2,3,SingleAgent-AllTools,1.0,0.6667,0.7143,EXT-SC-009,scene_construction,False,3823
0.0,0.00056098,1.0,False,easy,8b7d4695f32523c96c79e649252f6f7b9f85eab9a7f6973a565553a740c47c5f,evaluator_v2.3,1.0,18763.1,3,KAFarmTwin-TypedRepair,1.0,0.75,1.0,EXT-SC-009,scene_construction,False,3314
1.0,0.00034272,1.0,False,easy,8b7d4695f32523c96c79e649252f6f7b9f85eab9a7f6973a565553a740c47c5f,evaluator_v2.3,1.0,10913.8,2,KAFarmTwin-TypedRepair,0.1379,1.0,1.0,EXT-AR-012,asset_routing,False,2275
0.0,0.00070896,1.0,False,easy,8b7d4695f32523c96c79e649252f6f7b9f85eab9a7f6973a565553a740c47c5f,evaluator_v2.3,1.0,40136.1,3,SingleAgent-AllTools,0.0317,0.8571,0.4545,EXT-AR-012,asset_routing,False,3846
0.0,0.0,1.0,True,easy,8b7d4695f32523c96c79e649252f6f7b9f85eab9a7f6973a565553a740c47c5f,evaluator_v2.3,1.0,1.8,0,SingleAgent-AllTools,0.0,0.0,0.0,EXT-MQ-001,memory_query,False,0
0.0,0.0,1.0,True,easy,8b7d4695f32523c96c79e649252f6f7b9f85eab9a7f6973a565553a740c47c5f,evaluator_v2.3,1.0,1.5,0,KAFarmTwin-TypedRepair,0.0,0.0,0.0,EXT-MQ-001,memory_query,False,0
1.0,0.00040908,1.0,False,hard,8b7d4695f32523c96c79e649252f6f7b9f85eab9a7f6973a565553a740c47c5f,evaluator_v2.3,1.0,7569.1,2,KAFarmTwin-TypedRepair,0.2,1.0,1.0,EXT-AR-055,asset_routing,False,2691
0.0,0.00045094,0.0,False,hard,8b7d4695f32523c96c79e649252f6f7b9f85eab9a7f6973a565553a740c47c5f,evaluator_v2.3,0.0,33151.6,1,SingleAgent-AllTools,0.0,0.0,0.0,EXT-AR-055,asset_routing,False,2021
0.0,0.0,1.0,True,easy,8b7d4695f32523c96c79e649252f6f7b9f85eab9a7f6973a565553a740c47c5f,evaluator_v2.3,1.0,1.6,0,SingleAgent-AllTools,0.0,0.0,0.0,EXT-MQ-010,memory_query,False,0
0.0,0.0,1.0,True,easy,8b7d4695f32523c96c79e649252f6f7b9f85eab9a7f6973a565553a740c47c5f,evaluator_v2.3,1.0,1.7,0,KAFarmTwin-TypedRepair,0.0,0.0,0.0,EXT-MQ-010,memory_query,False,0
0.0,0.00062314,1.0,True,medium,8b7d4695f32523c96c79e649252f6f7b9f85eab9a7f6973a565553a740c47c5f,evaluator_v2.3,1.0,36305.6,3,KAFarmTwin-TypedRepair,1.0,1.0,1.0,EXT-SC-023,scene_construction,False,3539
0.0,0.0006525400000000001,1.0,True,medium,8b7d4695f32523c96c79e649252f6f7b9f85eab9a7f6973a565553a740c47c5f,evaluator_v2.3,1.0,45085.3,3,SingleAgent-AllTools,1.0,1.0,0.5714,EXT-SC-023,scene_construction,False,3644
1.0,0.00030884,1.0,True,hard,8b7d4695f32523c96c79e649252f6f7b9f85eab9a7f6973a565553a740c47c5f,evaluator_v2.3,1.0,30768.1,1,SingleAgent-AllTools,1.0,1.0,0.0,EXT-DB-050,data_binding,False,1647
1.0,0.0006517000000000001,1.0,True,hard,8b7d4695f32523c96c79e649252f6f7b9f85eab9a7f6973a565553a740c47c5f,evaluator_v2.3,1.0,28745.8,2,KAFarmTwin-TypedRepair,1.0,1.0,1.0,EXT-DB-050,data_binding,False,4088
0.0,0.0,1.0,True,medium,8b7d4695f32523c96c79e649252f6f7b9f85eab9a7f6973a565553a740c47c5f,evaluator_v2.3,1.0,2.2,0,KAFarmTwin-TypedRepair,0.0,0.0,0.0,EXT-MQ-033,memory_query,False,0
0.0,0.0,1.0,True,medium,8b7d4695f32523c96c79e649252f6f7b9f85eab9a7f6973a565553a740c47c5f,evaluator_v2.3,1.0,1.4,0,SingleAgent-AllTools,0.0,0.0,0.0,EXT-MQ-033,memory_query,False,0
0.0,0.0,1.0,False,medium,8b7d4695f32523c96c79e649252f6f7b9f85eab9a7f6973a565553a740c47c5f,evaluator_v2.3,1.0,0.0,0,SingleAgent-AllTools,1.0,0.0,1.0,EXT-RR-024,rule_repair,False,0
1.0,0.00019796,1.0,True,medium,8b7d4695f32523c96c79e649252f6f7b9f85eab9a7f6973a565553a740c47c5f,evaluator_v2.3,1.0,2051.3,1,KAFarmTwin-TypedRepair,1.0,1.0,1.0,EXT-RR-024,rule_repair,False,1406
1.0,0.00046928,1.0,True,medium,8b7d4695f32523c96c79e649252f6f7b9f85eab9a7f6973a565553a740c47c5f,evaluator_v2.3,1.0,12869.8,2,KAFarmTwin-TypedRepair,1.0,1.0,1.0,EXT-DB-028,data_binding,False,2992
1.0,0.00023324,1.0,True,medium,8b7d4695f32523c96c79e649252f6f7b9f85eab9a7f6973a565553a740c47c5f,evaluator_v2.3,1.0,8127.6,1,SingleAgent-AllTools,1.0,1.0,0.0,EXT-DB-028,data_binding,False,1314
0.0,0.0,1.0,False,easy,8b7d4695f32523c96c79e649252f6f7b9f85eab9a7f6973a565553a740c47c5f,evaluator_v2.3,1.0,0.0,0,SingleAgent-AllTools,1.0,0.0,1.0,EXT-RR-001,rule_repair,False,0
1.0,0.0001757,1.0,True,easy,8b7d4695f32523c96c79e649252f6f7b9f85eab9a7f6973a565553a740c47c5f,evaluator_v2.3,1.0,739.3,1,KAFarmTwin-TypedRepair,1.0,1.0,1.0,EXT-RR-001,rule_repair,False,1247
0.0,0.0,1.0,True,medium,8b7d4695f32523c96c79e649252f6f7b9f85eab9a7f6973a565553a740c47c5f,evaluator_v2.3,1.0,2.3,0,KAFarmTwin-TypedRepair,0.0,0.0,0.0,EXT-MQ-028,memory_query,False,0
0.0,0.0,1.0,True,medium,8b7d4695f32523c96c79e649252f6f7b9f85eab9a7f6973a565553a740c47c5f,evaluator_v2.3,1.0,1.7,0,SingleAgent-AllTools,0.0,0.0,0.0,EXT-MQ-028,memory_query,False,0
0.0,0.0,1.0,False,medium,8b7d4695f32523c96c79e649252f6f7b9f85eab9a7f6973a565553a740c47c5f,evaluator_v2.3,1.0,0.0,0,SingleAgent-AllTools,1.0,0.0,1.0,EXT-RR-028,rule_repair,False,0
1.0,0.00019838,1.0,True,medium,8b7d4695f32523c96c79e649252f6f7b9f85eab9a7f6973a565553a740c47c5f,evaluator_v2.3,1.0,3123.3,1,KAFarmTwin-TypedRepair,1.0,1.0,1.0,EXT-RR-028,rule_repair,False,1409
1.0,0.00065394,1.0,True,hard,8b7d4695f32523c96c79e649252f6f7b9f85eab9a7f6973a565553a740c47c5f,evaluator_v2.3,1.0,49073.5,2,KAFarmTwin-TypedRepair,1.0,1.0,1.0,EXT-DB-054,data_binding,False,4100
1.0,0.00031024,1.0,True,hard,8b7d4695f32523c96c79e649252f6f7b9f85eab9a7f6973a565553a740c47c5f,evaluator_v2.3,1.0,16408.9,1,SingleAgent-AllTools,1.0,1.0,0.0,EXT-DB-054,data_binding,False,1653
0.0,0.00084616,1.0,False,hard,8b7d4695f32523c96c79e649252f6f7b9f85eab9a7f6973a565553a740c47c5f,evaluator_v2.3,1.0,49330.4,3,SingleAgent-AllTools,0.1111,0.5882,0.9286,EXT-AR-058,asset_routing,False,4420
1.0,0.00042896000000000004,1.0,False,hard,8b7d4695f32523c96c79e649252f6f7b9f85eab9a7f6973a565553a740c47c5f,evaluator_v2.3,1.0,7475.7,2,KAFarmTwin-TypedRepair,0.3846,1.0,1.0,EXT-AR-058,asset_routing,False,2778
