binding_f1,cost,critical_recall,cvsr,difficulty,evaluator_hash,evaluator_version,evidence_precision,latency_ms,llm_calls,method,object_f1,relation_f1,replay_success,task_id,task_type,technical_failure,tokens
0.0,0.0,1.0,True,hard,8b7d4695f32523c96c79e649252f6f7b9f85eab9a7f6973a565553a740c47c5f,evaluator_v2.3,1.0,1.2,0,KAFarmTwin-TypedRepair,0.0,0.0,0.0,EXT-MQ-047,memory_query,False,0
0.0,0.0,1.0,True,hard,8b7d4695f32523c96c79e649252f6f7b9f85eab9a7f6973a565553a740c47c5f,evaluator_v2.3,1.0,0.8,0,SingleAgent-AllTools,0.0,0.0,0.0,EXT-MQ-047,memory_query,False,0
1.0,0.00016408,1.0,True,easy,8b7d4695f32523c96c79e649252f6f7b9f85eab9a7f6973a565553a740c47c5f,evaluator_v2.3,1.0,1661.2,1,SingleAgent-AllTools,1.0,1.0,0.0,EXT-DB-003,data_binding,False,1029
1.0,0.00036428,1.0,True,easy,8b7d4695f32523c96c79e649252f6f7b9f85eab9a7f6973a565553a740c47c5f,evaluator_v2.3,1.0,4123.8,2,KAFarmTwin-TypedRepair,1.0,1.0,1.0,EXT-DB-003,data_binding,False,2452
1.0,0.00033684000000000003,1.0,False,easy,8b7d4695f32523c96c79e649252f6f7b9f85eab9a7f6973a565553a740c47c5f,evaluator_v2.3,1.0,2604.4,2,KAFarmTwin-TypedRepair,0.1515,1.0,1.0,EXT-AR-013,asset_routing,False,2285
0.0,0.00051618,1.0,False,easy,8b7d4695f32523c96c79e649252f6f7b9f85eab9a7f6973a565553a740c47c5f,evaluator_v2.3,1.0,5894.0,3,SingleAgent-AllTools,0.9706,0.2,0.8889,EXT-AR-013,asset_routing,False,3084
0.0,0.00050764,1.0,False,medium,8b7d4695f32523c96c79e649252f6f7b9f85eab9a7f6973a565553a740c47c5f,evaluator_v2.3,1.0,5265.7,3,SingleAgent-AllTools,1.0,0.6667,0.6667,EXT-SC-031,scene_construction,False,3073
0.0,0.00050344,1.0,False,medium,8b7d4695f32523c96c79e649252f6f7b9f85eab9a7f6973a565553a740c47c5f,evaluator_v2.3,1.0,5049.8,3,KAFarmTwin-TypedRepair,1.0,0.6667,1.0,EXT-SC-031,scene_construction,False,3058
1.0,0.00058044,1.0,True,hard,8b7d4695f32523c96c79e649252f6f7b9f85eab9a7f6973a565553a740c47c5f,evaluator_v2.3,1.0,2793.4,2,KAFarmTwin-TypedRepair,1.0,1.0,1.0,EXT-DB-048,data_binding,False,3746
1.0,0.00025536,1.0,True,hard,8b7d4695f32523c96c79e649252f6f7b9f85eab9a7f6973a565553a740c47c5f,evaluator_v2.3,1.0,2335.0,1,SingleAgent-AllTools,1.0,1.0,0.0,EXT-DB-048,data_binding,False,1425
0.0,0.0,1.0,False,easy,8b7d4695f32523c96c79e649252f6f7b9f85eab9a7f6973a565553a740c47c5f,evaluator_v2.3,1.0,0.0,0,SingleAgent-AllTools,1.0,0.0,1.0,EXT-RR-011,rule_repair,False,0
1.0,0.00017122,1.0,True,easy,8b7d4695f32523c96c79e649252f6f7b9f85eab9a7f6973a565553a740c47c5f,evaluator_v2.3,1.0,1490.1,1,KAFarmTwin-TypedRepair,1.0,1.0,1.0,EXT-RR-011,rule_repair,False,1215
1.0,0.0005945799999999999,1.0,True,hard,8b7d4695f32523c96c79e649252f6f7b9f85eab9a7f6973a565553a740c47c5f,evaluator_v2.3,1.0,3570.6,2,KAFarmTwin-TypedRepair,1.0,1.0,1.0,EXT-DB-052,data_binding,False,3787
1.0,0.00025298,1.0,True,hard,8b7d4695f32523c96c79e649252f6f7b9f85eab9a7f6973a565553a740c47c5f,evaluator_v2.3,1.0,2799.9,1,SingleAgent-AllTools,1.0,1.0,0.0,EXT-DB-052,data_binding,False,1414
0.0,0.0,1.0,False,hard,8b7d4695f32523c96c79e649252f6f7b9f85eab9a7f6973a565553a740c47c5f,evaluator_v2.3,1.0,0.0,0,SingleAgent-AllTools,1.0,0.0,1.0,EXT-RR-058,rule_repair,False,0
1.0,0.00020594,1.0,True,hard,8b7d4695f32523c96c79e649252f6f7b9f85eab9a7f6973a565553a740c47c5f,evaluator_v2.3,1.0,2456.1,1,KAFarmTwin-TypedRepair,1.0,1.0,1.0,EXT-RR-058,rule_repair,False,1463
1.0,0.00035196,1.0,True,easy,8b7d4695f32523c96c79e649252f6f7b9f85eab9a7f6973a565553a740c47c5f,evaluator_v2.3,1.0,2444.7,2,KAFarmTwin-TypedRepair,1.0,1.0,1.0,EXT-DB-006,data_binding,False,2392
1.0,0.00016072,1.0,True,easy,8b7d4695f32523c96c79e649252f6f7b9f85eab9a7f6973a565553a740c47c5f,evaluator_v2.3,1.0,1123.0,1,SingleAgent-AllTools,1.0,1.0,0.0,EXT-DB-006,data_binding,False,1013
0.0,0.0005798800000000001,1.0,False,medium,8b7d4695f32523c96c79e649252f6f7b9f85eab9a7f6973a565553a740c47c5f,evaluator_v2.3,1.0,6071.6,3,SingleAgent-AllTools,0.9877,0.5333,0.7,EXT-SC-034,scene_construction,False,3349
0.0,0.0011823,1.0,False,medium,8b7d4695f32523c96c79e649252f6f7b9f85eab9a7f6973a565553a740c47c5f,evaluator_v2.3,1.0,10350.5,5,KAFarmTwin-TypedRepair,0.9877,0.5333,1.0,EXT-SC-034,scene_construction,False,7449
1.0,0.00018774,1.0,True,medium,8b7d4695f32523c96c79e649252f6f7b9f85eab9a7f6973a565553a740c47c5f,evaluator_v2.3,1.0,1440.7,1,KAFarmTwin-TypedRepair,1.0,1.0,1.0,EXT-RR-031,rule_repair,False,1333
0.0,0.0,1.0,False,medium,8b7d4695f32523c96c79e649252f6f7b9f85eab9a7f6973a565553a740c47c5f,evaluator_v2.3,1.0,0.0,0,SingleAgent-AllTools,1.0,0.0,1.0,EXT-RR-031,rule_repair,False,0
0.0,0.0,1.0,True,medium,8b7d4695f32523c96c79e649252f6f7b9f85eab9a7f6973a565553a740c47c5f,evaluator_v2.3,1.0,2.6,0,SingleAgent-AllTools,0.0,0.0,0.0,EXT-MQ-018,memory_query,False,0
0.0,0.0,1.0,True,medium,8b7d4695f32523c96c79e649252f6f7b9f85eab9a7f6973a565553a740c47c5f,evaluator_v2.3,1.0,2.9,0,KAFarmTwin-TypedRepair,0.0,0.0,0.0,EXT-MQ-018,memory_query,False,0
1.0,0.0003843,1.0,False,medium,8b7d4695f32523c96c79e649252f6f7b9f85eab9a7f6973a565553a740c47c5f,evaluator_v2.3,1.0,3168.5,2,KAFarmTwin-TypedRepair,0.4211,0.75,1.0,EXT-AR-028,asset_routing,False,2526
0.0,0.00070028,1.0,False,medium,8b7d4695f32523c96c79e649252f6f7b9f85eab9a7f6973a565553a740c47c5f,evaluator_v2.3,1.0,8171.9,3,SingleAgent-AllTools,0.1,0.2667,0.9231,EXT-AR-028,asset_routing,False,3821
1.0,0.00020272,1.0,True,medium,8b7d4695f32523c96c79e649252f6f7b9f85eab9a7f6973a565553a740c47c5f,evaluator_v2.3,1.0,1891.1,1,SingleAgent-AllTools,1.0,1.0,0.0,EXT-DB-043,data_binding,False,1202
1.0,0.00045779999999999996,1.0,True,medium,8b7d4695f32523c96c79e649252f6f7b9f85eab9a7f6973a565553a740c47c5f,evaluator_v2.3,1.0,2461.7,2,KAFarmTwin-TypedRepair,1.0,1.0,1.0,EXT-DB-043,data_binding,False,3017
1.0,0.00057946,1.0,True,hard,8b7d4695f32523c96c79e649252f6f7b9f85eab9a7f6973a565553a740c47c5f,evaluator_v2.3,1.0,2958.6,2,KAFarmTwin-TypedRepair,1.0,1.0,1.0,EXT-DB-057,data_binding,False,3737
1.0,0.00025438,1.0,True,hard,8b7d4695f32523c96c79e649252f6f7b9f85eab9a7f6973a565553a740c47c5f,evaluator_v2.3,1.0,2450.4,1,SingleAgent-AllTools,1.0,1.0,0.0,EXT-DB-057,data_binding,False,1422
0.0,0.0008502200000000001,1.0,False,hard,8b7d4695f32523c96c79e649252f6f7b9f85eab9a7f6973a565553a740c47c5f,evaluator_v2.3,1.0,13107.7,3,SingleAgent-AllTools,0.0533,0.3333,0.7333,EXT-AR-048,asset_routing,False,4379
1.0,0.00042728000000000004,1.0,False,hard,8b7d4695f32523c96c79e649252f6f7b9f85eab9a7f6973a565553a740c47c5f,evaluator_v2.3,1.0,2836.2,2,KAFarmTwin-TypedRepair,0.1176,0.6,1.0,EXT-AR-048,asset_routing,False,2805
1.0,0.00036036,1.0,True,easy,8b7d4695f32523c96c79e649252f6f7b9f85eab9a7f6973a565553a740c47c5f,evaluator_v2.3,1.0,2832.6,2,KAFarmTwin-TypedRepair,1.0,1.0,1.0,EXT-DB-008,data_binding,False,2429
1.0,0.0001624,1.0,True,easy,8b7d4695f32523c96c79e649252f6f7b9f85eab9a7f6973a565553a740c47c5f,evaluator_v2.3,1.0,1334.0,1,SingleAgent-AllTools,1.0,1.0,0.0,EXT-DB-008,data_binding,False,1020
0.0,0.00046829999999999994,1.0,True,easy,8b7d4695f32523c96c79e649252f6f7b9f85eab9a7f6973a565553a740c47c5f,evaluator_v2.3,1.0,3888.1,3,SingleAgent-AllTools,1.0,0.6667,0.8333,EXT-SC-005,scene_construction,False,2900
0.0,0.00046157999999999995,1.0,True,easy,8b7d4695f32523c96c79e649252f6f7b9f85eab9a7f6973a565553a740c47c5f,evaluator_v2.3,1.0,6100.9,3,KAFarmTwin-TypedRepair,1.0,0.75,1.0,EXT-SC-005,scene_construction,False,2876
0.0,0.00072408,1.0,False,hard,8b7d4695f32523c96c79e649252f6f7b9f85eab9a7f6973a565553a740c47c5f,evaluator_v2.3,1.0,6201.8,4,KAFarmTwin-TypedRepair,0.9912,0.7273,1.0,EXT-SC-054,scene_construction,False,4696
0.0,0.0005240199999999999,1.0,False,hard,8b7d4695f32523c96c79e649252f6f7b9f85eab9a7f6973a565553a740c47c5f,evaluator_v2.3,1.0,6003.1,3,SingleAgent-AllTools,0.9912,0.4286,0.7,EXT-SC-054,scene_construction,False,3146
0.0,0.00049504,1.0,True,medium,8b7d4695f32523c96c79e649252f6f7b9f85eab9a7f6973a565553a740c47c5f,evaluator_v2.3,1.0,5201.7,3,SingleAgent-AllTools,1.0,0.8333,0.625,EXT-SC-042,scene_construction,False,3026
0.0,0.00075432,1.0,True,medium,8b7d4695f32523c96c79e649252f6f7b9f85eab9a7f6973a565553a740c47c5f,evaluator_v2.3,1.0,7382.9,4,KAFarmTwin-TypedRepair,1.0,0.7692,1.0,EXT-SC-042,scene_construction,False,4869
1.0,0.0003626,1.0,True,easy,8b7d4695f32523c96c79e649252f6f7b9f85eab9a7f6973a565553a740c47c5f,evaluator_v2.3,1.0,2396.3,2,KAFarmTwin-TypedRepair,1.0,1.0,1.0,EXT-DB-015,data_binding,False,2442
1.0,0.00015764,1.0,True,easy,8b7d4695f32523c96c79e649252f6f7b9f85eab9a7f6973a565553a740c47c5f,evaluator_v2.3,1.0,2106.3,1,SingleAgent-AllTools,1.0,1.0,0.0,EXT-DB-015,data_binding,False,1005
0.0,0.0,1.0,True,hard,8b7d4695f32523c96c79e649252f6f7b9f85eab9a7f6973a565553a740c47c5f,evaluator_v2.3,1.0,2.9,0,SingleAgent-AllTools,0.0,0.0,0.0,EXT-MQ-060,memory_query,False,0
0.0,0.0,1.0,True,hard,8b7d4695f32523c96c79e649252f6f7b9f85eab9a7f6973a565553a740c47c5f,evaluator_v2.3,1.0,2.3,0,KAFarmTwin-TypedRepair,0.0,0.0,0.0,EXT-MQ-060,memory_query,False,0
1.0,0.00020412,1.0,True,hard,8b7d4695f32523c96c79e649252f6f7b9f85eab9a7f6973a565553a740c47c5f,evaluator_v2.3,1.0,1662.8,1,KAFarmTwin-TypedRepair,1.0,1.0,1.0,EXT-RR-059,rule_repair,False,1450
0.0,0.0,1.0,False,hard,8b7d4695f32523c96c79e649252f6f7b9f85eab9a7f6973a565553a740c47c5f,evaluator_v2.3,1.0,0.0,0,SingleAgent-AllTools,1.0,0.0,1.0,EXT-RR-059,rule_repair,False,0
1.0,0.00019096,1.0,True,medium,8b7d4695f32523c96c79e649252f6f7b9f85eab9a7f6973a565553a740c47c5f,evaluator_v2.3,1.0,1793.3,1,SingleAgent-AllTools,1.0,1.0,0.0,EXT-DB-040,data_binding,False,1137
1.0,0.00041482,1.0,True,medium,8b7d4695f32523c96c79e649252f6f7b9f85eab9a7f6973a565553a740c47c5f,evaluator_v2.3,1.0,2383.9,2,KAFarmTwin-TypedRepair,1.0,1.0,1.0,EXT-DB-040,data_binding,False,2729
1.0,0.00034062000000000003,1.0,False,easy,8b7d4695f32523c96c79e649252f6f7b9f85eab9a7f6973a565553a740c47c5f,evaluator_v2.3,1.0,2195.9,2,KAFarmTwin-TypedRepair,0.3043,1.0,1.0,EXT-AR-009,asset_routing,False,2274
0.0,0.00073864,1.0,False,easy,8b7d4695f32523c96c79e649252f6f7b9f85eab9a7f6973a565553a740c47c5f,evaluator_v2.3,1.0,10443.1,3,SingleAgent-AllTools,0.08,0.2857,0.7692,EXT-AR-009,asset_routing,False,3921
0.0,0.0,1.0,False,medium,8b7d4695f32523c96c79e649252f6f7b9f85eab9a7f6973a565553a740c47c5f,evaluator_v2.3,1.0,0.1,0,SingleAgent-AllTools,1.0,0.0,1.0,EXT-RR-030,rule_repair,False,0
1.0,0.00018914,1.0,True,medium,8b7d4695f32523c96c79e649252f6f7b9f85eab9a7f6973a565553a740c47c5f,evaluator_v2.3,1.0,1971.3,1,KAFarmTwin-TypedRepair,1.0,1.0,1.0,EXT-RR-030,rule_repair,False,1343
1.0,0.00038471999999999996,1.0,False,medium,8b7d4695f32523c96c79e649252f6f7b9f85eab9a7f6973a565553a740c47c5f,evaluator_v2.3,1.0,2293.6,2,KAFarmTwin-TypedRepair,0.1613,0.75,1.0,EXT-AR-019,asset_routing,False,2553
0.0,0.00044604,0.0,False,medium,8b7d4695f32523c96c79e649252f6f7b9f85eab9a7f6973a565553a740c47c5f,evaluator_v2.3,0.0,6228.3,1,SingleAgent-AllTools,0.0,0.0,0.0,EXT-AR-019,asset_routing,False,1986
0.0,0.0005945799999999999,1.0,False,medium,8b7d4695f32523c96c79e649252f6f7b9f85eab9a7f6973a565553a740c47c5f,evaluator_v2.3,1.0,8517.4,3,SingleAgent-AllTools,0.9905,0.4706,0.7273,EXT-SC-029,scene_construction,False,3422
0.0,0.00123872,1.0,False,medium,8b7d4695f32523c96c79e649252f6f7b9f85eab9a7f6973a565553a740c47c5f,evaluator_v2.3,1.0,10355.6,5,KAFarmTwin-TypedRepair,0.9905,0.4706,1.0,EXT-SC-029,scene_construction,False,7713
0.0,0.00052976,1.0,False,easy,8b7d4695f32523c96c79e649252f6f7b9f85eab9a7f6973a565553a740c47c5f,evaluator_v2.3,1.0,5565.5,3,KAFarmTwin-TypedRepair,0.9744,0.5455,1.0,EXT-SC-011,scene_construction,False,3167
0.0,0.00051632,1.0,False,easy,8b7d4695f32523c96c79e649252f6f7b9f85eab9a7f6973a565553a740c47c5f,evaluator_v2.3,1.0,5617.0,3,SingleAgent-AllTools,0.9744,0.5455,0.75,EXT-SC-011,scene_construction,False,3116
0.0,0.0,1.0,False,medium,8b7d4695f32523c96c79e649252f6f7b9f85eab9a7f6973a565553a740c47c5f,evaluator_v2.3,1.0,0.1,0,SingleAgent-AllTools,1.0,0.0,1.0,EXT-RR-016,rule_repair,False,0
1.0,0.00019292,1.0,True,medium,8b7d4695f32523c96c79e649252f6f7b9f85eab9a7f6973a565553a740c47c5f,evaluator_v2.3,1.0,1254.4,1,KAFarmTwin-TypedRepair,1.0,1.0,1.0,EXT-RR-016,rule_repair,False,1370
1.0,0.0003843,1.0,False,medium,8b7d4695f32523c96c79e649252f6f7b9f85eab9a7f6973a565553a740c47c5f,evaluator_v2.3,1.0,2611.3,2,KAFarmTwin-TypedRepair,0.9706,0.75,1.0,EXT-AR-040,asset_routing,False,2556
0.0,0.00044618,0.0,False,medium,8b7d4695f32523c96c79e649252f6f7b9f85eab9a7f6973a565553a740c47c5f,evaluator_v2.3,0.0,8980.7,1,SingleAgent-AllTools,0.0,0.0,0.0,EXT-AR-040,asset_routing,False,1987
0.0,0.0,1.0,False,easy,8b7d4695f32523c96c79e649252f6f7b9f85eab9a7f6973a565553a740c47c5f,evaluator_v2.3,1.0,0.0,0,SingleAgent-AllTools,1.0,0.0,1.0,EXT-RR-014,rule_repair,False,0
1.0,0.0001736,1.0,True,easy,8b7d4695f32523c96c79e649252f6f7b9f85eab9a7f6973a565553a740c47c5f,evaluator_v2.3,1.0,880.1,1,KAFarmTwin-TypedRepair,1.0,1.0,1.0,EXT-RR-014,rule_repair,False,1232
1.0,0.0005789,1.0,True,hard,8b7d4695f32523c96c79e649252f6f7b9f85eab9a7f6973a565553a740c47c5f,evaluator_v2.3,1.0,2926.7,2,KAFarmTwin-TypedRepair,1.0,1.0,1.0,EXT-DB-059,data_binding,False,3749
1.0,0.0002359,1.0,True,hard,8b7d4695f32523c96c79e649252f6f7b9f85eab9a7f6973a565553a740c47c5f,evaluator_v2.3,1.0,2139.5,1,SingleAgent-AllTools,1.0,1.0,0.0,EXT-DB-059,data_binding,False,1358
1.0,0.00016884,1.0,True,easy,8b7d4695f32523c96c79e649252f6f7b9f85eab9a7f6973a565553a740c47c5f,evaluator_v2.3,1.0,1564.8,1,SingleAgent-AllTools,1.0,1.0,0.0,EXT-DB-005,data_binding,False,1046
1.0,0.00036735999999999995,1.0,True,easy,8b7d4695f32523c96c79e649252f6f7b9f85eab9a7f6973a565553a740c47c5f,evaluator_v2.3,1.0,2333.6,2,KAFarmTwin-TypedRepair,1.0,1.0,1.0,EXT-DB-005,data_binding,False,2457
1.0,0.00036134,1.0,True,easy,8b7d4695f32523c96c79e649252f6f7b9f85eab9a7f6973a565553a740c47c5f,evaluator_v2.3,1.0,2644.3,2,KAFarmTwin-TypedRepair,1.0,1.0,1.0,EXT-DB-014,data_binding,False,2434
1.0,0.00016282,1.0,True,easy,8b7d4695f32523c96c79e649252f6f7b9f85eab9a7f6973a565553a740c47c5f,evaluator_v2.3,1.0,3652.2,1,SingleAgent-AllTools,1.0,1.0,0.0,EXT-DB-014,data_binding,False,1023
0.0,0.00076818,1.0,True,hard,8b7d4695f32523c96c79e649252f6f7b9f85eab9a7f6973a565553a740c47c5f,evaluator_v2.3,1.0,10019.8,3,SingleAgent-AllTools,1.0,0.6,0.75,EXT-SC-049,scene_construction,False,4054
0.0,0.00057274,1.0,True,hard,8b7d4695f32523c96c79e649252f6f7b9f85eab9a7f6973a565553a740c47c5f,evaluator_v2.3,1.0,6233.8,3,KAFarmTwin-TypedRepair,1.0,0.6,1.0,EXT-SC-049,scene_construction,False,3338
1.0,0.00020944,1.0,True,hard,8b7d4695f32523c96c79e649252f6f7b9f85eab9a7f6973a565553a740c47c5f,evaluator_v2.3,1.0,1158.2,1,KAFarmTwin-TypedRepair,1.0,1.0,1.0,EXT-RR-048,rule_repair,False,1488
0.0,0.0,1.0,False,hard,8b7d4695f32523c96c79e649252f6f7b9f85eab9a7f6973a565553a740c47c5f,evaluator_v2.3,1.0,0.0,0,SingleAgent-AllTools,1.0,0.0,1.0,EXT-RR-048,rule_repair,False,0
0.0,0.0005474,1.0,False,hard,8b7d4695f32523c96c79e649252f6f7b9f85eab9a7f6973a565553a740c47c5f,evaluator_v2.3,1.0,6165.0,3,SingleAgent-AllTools,1.0,1.0,0.625,EXT-SC-050,scene_construction,False,3221
0.0,0.00054236,1.0,True,hard,8b7d4695f32523c96c79e649252f6f7b9f85eab9a7f6973a565553a740c47c5f,evaluator_v2.3,1.0,7358.1,3,KAFarmTwin-TypedRepair,1.0,0.6667,1.0,EXT-SC-050,scene_construction,False,3226
0.0,0.0,1.0,True,medium,8b7d4695f32523c96c79e649252f6f7b9f85eab9a7f6973a565553a740c47c5f,evaluator_v2.3,1.0,2.4,0,KAFarmTwin-TypedRepair,0.0,0.0,0.0,EXT-MQ-039,memory_query,False,0
0.0,0.0,1.0,True,medium,8b7d4695f32523c96c79e649252f6f7b9f85eab9a7f6973a565553a740c47c5f,evaluator_v2.3,1.0,1.9,0,SingleAgent-AllTools,0.0,0.0,0.0,EXT-MQ-039,memory_query,False,0
0.0,0.0006132,1.0,False,easy,8b7d4695f32523c96c79e649252f6f7b9f85eab9a7f6973a565553a740c47c5f,evaluator_v2.3,1.0,9046.9,3,SingleAgent-AllTools,0.08,0.1333,0.7143,EXT-AR-002,asset_routing,False,3460
1.0,0.00033684000000000003,1.0,False,easy,8b7d4695f32523c96c79e649252f6f7b9f85eab9a7f6973a565553a740c47c5f,evaluator_v2.3,1.0,2331.3,2,KAFarmTwin-TypedRepair,0.2727,1.0,1.0,EXT-AR-002,asset_routing,False,2253
1.0,0.00018928,1.0,True,medium,8b7d4695f32523c96c79e649252f6f7b9f85eab9a7f6973a565553a740c47c5f,evaluator_v2.3,1.0,694.7,1,KAFarmTwin-TypedRepair,1.0,1.0,1.0,EXT-RR-042,rule_repair,False,1344
0.0,0.0,1.0,False,medium,8b7d4695f32523c96c79e649252f6f7b9f85eab9a7f6973a565553a740c47c5f,evaluator_v2.3,1.0,0.0,0,SingleAgent-AllTools,1.0,0.0,1.0,EXT-RR-042,rule_repair,False,0
0.0,0.0006820800000000001,1.0,False,hard,8b7d4695f32523c96c79e649252f6f7b9f85eab9a7f6973a565553a740c47c5f,evaluator_v2.3,1.0,9508.8,3,SingleAgent-AllTools,0.2812,0.625,0.7273,EXT-AR-059,asset_routing,False,3729
0.6667,0.00052556,1.0,False,hard,8b7d4695f32523c96c79e649252f6f7b9f85eab9a7f6973a565553a740c47c5f,evaluator_v2.3,1.0,2412.5,2,KAFarmTwin-TypedRepair,0.3548,0.8333,1.0,EXT-AR-059,asset_routing,False,3426
1.0,0.00038345999999999996,1.0,False,medium,8b7d4695f32523c96c79e649252f6f7b9f85eab9a7f6973a565553a740c47c5f,evaluator_v2.3,1.0,1923.2,2,KAFarmTwin-TypedRepair,0.3889,0.75,1.0,EXT-AR-021,asset_routing,False,2553
0.0,0.00044562,0.0,False,medium,8b7d4695f32523c96c79e649252f6f7b9f85eab9a7f6973a565553a740c47c5f,evaluator_v2.3,0.0,6833.3,1,SingleAgent-AllTools,0.0,0.0,0.0,EXT-AR-021,asset_routing,False,1983
0.0,0.00058576,1.0,False,medium,8b7d4695f32523c96c79e649252f6f7b9f85eab9a7f6973a565553a740c47c5f,evaluator_v2.3,1.0,7972.7,3,SingleAgent-AllTools,0.9367,0.5455,0.6667,EXT-AR-041,asset_routing,False,3358
1.0,0.00038192,1.0,False,medium,8b7d4695f32523c96c79e649252f6f7b9f85eab9a7f6973a565553a740c47c5f,evaluator_v2.3,1.0,2942.2,2,KAFarmTwin-TypedRepair,0.2368,0.75,1.0,EXT-AR-041,asset_routing,False,2544
1.0,0.0004032,1.0,True,medium,8b7d4695f32523c96c79e649252f6f7b9f85eab9a7f6973a565553a740c47c5f,evaluator_v2.3,1.0,2459.7,2,KAFarmTwin-TypedRepair,1.0,1.0,1.0,EXT-DB-026,data_binding,False,2688
1.0,0.00017934,1.0,True,medium,8b7d4695f32523c96c79e649252f6f7b9f85eab9a7f6973a565553a740c47c5f,evaluator_v2.3,1.0,1816.0,1,SingleAgent-AllTools,1.0,1.0,0.0,EXT-DB-026,data_binding,False,1096
1.0,0.00019474,1.0,True,medium,8b7d4695f32523c96c79e649252f6f7b9f85eab9a7f6973a565553a740c47c5f,evaluator_v2.3,1.0,1840.8,1,SingleAgent-AllTools,1.0,1.0,0.0,EXT-DB-024,data_binding,False,1155
1.0,0.00042196,1.0,True,medium,8b7d4695f32523c96c79e649252f6f7b9f85eab9a7f6973a565553a740c47c5f,evaluator_v2.3,1.0,2546.0,2,KAFarmTwin-TypedRepair,1.0,1.0,1.0,EXT-DB-024,data_binding,False,2771
1.0,0.00033838,1.0,True,easy,8b7d4695f32523c96c79e649252f6f7b9f85eab9a7f6973a565553a740c47c5f,evaluator_v2.3,1.0,2593.5,2,KAFarmTwin-TypedRepair,1.0,1.0,1.0,EXT-AR-008,asset_routing,False,2294
0.0,0.00055608,1.0,False,easy,8b7d4695f32523c96c79e649252f6f7b9f85eab9a7f6973a565553a740c47c5f,evaluator_v2.3,1.0,7120.6,3,SingleAgent-AllTools,0.1,0.3333,0.9,EXT-AR-008,asset_routing,False,3251
0.0,0.0006013,1.0,True,hard,8b7d4695f32523c96c79e649252f6f7b9f85eab9a7f6973a565553a740c47c5f,evaluator_v2.3,1.0,7868.1,3,SingleAgent-AllTools,1.0,0.6667,0.7273,EXT-SC-046,scene_construction,False,3429
0.0,0.00077056,1.0,True,hard,8b7d4695f32523c96c79e649252f6f7b9f85eab9a7f6973a565553a740c47c5f,evaluator_v2.3,1.0,6100.4,4,KAFarmTwin-TypedRepair,1.0,1.0,1.0,EXT-SC-046,scene_construction,False,4919
0.0,0.0,1.0,True,medium,8b7d4695f32523c96c79e649252f6f7b9f85eab9a7f6973a565553a740c47c5f,evaluator_v2.3,1.0,2.4,0,KAFarmTwin-TypedRepair,0.0,0.0,0.0,EXT-MQ-029,memory_query,False,0
0.0,0.0,1.0,True,medium,8b7d4695f32523c96c79e649252f6f7b9f85eab9a7f6973a565553a740c47c5f,evaluator_v2.3,1.0,1.4,0,SingleAgent-AllTools,0.0,0.0,0.0,EXT-MQ-029,memory_query,False,0
0.0,0.0,1.0,True,easy,8b7d4695f32523c96c79e649252f6f7b9f85eab9a7f6973a565553a740c47c5f,evaluator_v2.3,1.0,1.1,0,SingleAgent-AllTools,0.0,0.0,0.0,EXT-MQ-008,memory_query,False,0
0.0,0.0,1.0,True,easy,8b7d4695f32523c96c79e649252f6f7b9f85eab9a7f6973a565553a740c47c5f,evaluator_v2.3,1.0,0.8,0,KAFarmTwin-TypedRepair,0.0,0.0,0.0,EXT-MQ-008,memory_query,False,0
1.0,0.00020944,1.0,True,hard,8b7d4695f32523c96c79e649252f6f7b9f85eab9a7f6973a565553a740c47c5f,evaluator_v2.3,1.0,700.7,1,KAFarmTwin-TypedRepair,1.0,1.0,1.0,EXT-RR-052,rule_repair,False,1488
0.0,0.0,1.0,False,hard,8b7d4695f32523c96c79e649252f6f7b9f85eab9a7f6973a565553a740c47c5f,evaluator_v2.3,1.0,0.0,0,SingleAgent-AllTools,1.0,0.0,1.0,EXT-RR-052,rule_repair,False,0
1.0,0.00023352,1.0,True,medium,8b7d4695f32523c96c79e649252f6f7b9f85eab9a7f6973a565553a740c47c5f,evaluator_v2.3,1.0,1985.9,1,SingleAgent-AllTools,1.0,1.0,0.0,EXT-DB-021,data_binding,False,1310
1.0,0.00047039999999999994,1.0,True,medium,8b7d4695f32523c96c79e649252f6f7b9f85eab9a7f6973a565553a740c47c5f,evaluator_v2.3,1.0,3111.2,2,KAFarmTwin-TypedRepair,1.0,1.0,1.0,EXT-DB-021,data_binding,False,3051
1.0,0.00017122,1.0,True,easy,8b7d4695f32523c96c79e649252f6f7b9f85eab9a7f6973a565553a740c47c5f,evaluator_v2.3,1.0,901.0,1,KAFarmTwin-TypedRepair,1.0,1.0,1.0,EXT-RR-003,rule_repair,False,1215
0.0,0.0,1.0,False,easy,8b7d4695f32523c96c79e649252f6f7b9f85eab9a7f6973a565553a740c47c5f,evaluator_v2.3,1.0,0.0,0,SingleAgent-AllTools,1.0,0.0,1.0,EXT-RR-003,rule_repair,False,0
0.0,0.0,1.0,False,medium,8b7d4695f32523c96c79e649252f6f7b9f85eab9a7f6973a565553a740c47c5f,evaluator_v2.3,1.0,0.0,0,SingleAgent-AllTools,1.0,0.0,1.0,EXT-RR-029,rule_repair,False,0
1.0,0.00018802,1.0,True,medium,8b7d4695f32523c96c79e649252f6f7b9f85eab9a7f6973a565553a740c47c5f,evaluator_v2.3,1.0,1020.1,1,KAFarmTwin-TypedRepair,1.0,1.0,1.0,EXT-RR-029,rule_repair,False,1335
1.0,0.00018984,1.0,True,medium,8b7d4695f32523c96c79e649252f6f7b9f85eab9a7f6973a565553a740c47c5f,evaluator_v2.3,1.0,1089.0,1,KAFarmTwin-TypedRepair,1.0,1.0,1.0,EXT-RR-038,rule_repair,False,1348
0.0,0.0,1.0,False,medium,8b7d4695f32523c96c79e649252f6f7b9f85eab9a7f6973a565553a740c47c5f,evaluator_v2.3,1.0,0.0,0,SingleAgent-AllTools,1.0,0.0,1.0,EXT-RR-038,rule_repair,False,0
0.0,0.0,1.0,False,easy,8b7d4695f32523c96c79e649252f6f7b9f85eab9a7f6973a565553a740c47c5f,evaluator_v2.3,1.0,0.0,0,SingleAgent-AllTools,1.0,0.0,1.0,EXT-RR-009,rule_repair,False,0
1.0,0.00017178,1.0,True,easy,8b7d4695f32523c96c79e649252f6f7b9f85eab9a7f6973a565553a740c47c5f,evaluator_v2.3,1.0,829.8,1,KAFarmTwin-TypedRepair,1.0,1.0,1.0,EXT-RR-009,rule_repair,False,1219
0.0,0.00062678,1.0,True,hard,8b7d4695f32523c96c79e649252f6f7b9f85eab9a7f6973a565553a740c47c5f,evaluator_v2.3,1.0,11070.5,3,KAFarmTwin-TypedRepair,1.0,0.6,1.0,EXT-SC-051,scene_construction,False,3549
0.0,0.00057834,1.0,False,hard,8b7d4695f32523c96c79e649252f6f7b9f85eab9a7f6973a565553a740c47c5f,evaluator_v2.3,1.0,6467.4,3,SingleAgent-AllTools,0.9908,0.4,0.7273,EXT-SC-051,scene_construction,False,3353
0.0,0.0,1.0,False,medium,8b7d4695f32523c96c79e649252f6f7b9f85eab9a7f6973a565553a740c47c5f,evaluator_v2.3,1.0,0.1,0,SingleAgent-AllTools,1.0,0.0,1.0,EXT-RR-037,rule_repair,False,0
1.0,0.00018788,1.0,True,medium,8b7d4695f32523c96c79e649252f6f7b9f85eab9a7f6973a565553a740c47c5f,evaluator_v2.3,1.0,727.9,1,KAFarmTwin-TypedRepair,1.0,1.0,1.0,EXT-RR-037,rule_repair,False,1334
1.0,0.0001897,1.0,True,medium,8b7d4695f32523c96c79e649252f6f7b9f85eab9a7f6973a565553a740c47c5f,evaluator_v2.3,1.0,1901.2,1,KAFarmTwin-TypedRepair,1.0,1.0,1.0,EXT-RR-034,rule_repair,False,1347
0.0,0.0,1.0,False,medium,8b7d4695f32523c96c79e649252f6f7b9f85eab9a7f6973a565553a740c47c5f,evaluator_v2.3,1.0,0.0,0,SingleAgent-AllTools,1.0,0.0,1.0,EXT-RR-034,rule_repair,False,0
0.0,0.00052626,1.0,False,medium,8b7d4695f32523c96c79e649252f6f7b9f85eab9a7f6973a565553a740c47c5f,evaluator_v2.3,1.0,5051.4,3,SingleAgent-AllTools,0.9855,0.5333,0.7,EXT-SC-022,scene_construction,False,3138
0.0,0.00053018,1.0,False,medium,8b7d4695f32523c96c79e649252f6f7b9f85eab9a7f6973a565553a740c47c5f,evaluator_v2.3,1.0,5907.7,3,KAFarmTwin-TypedRepair,1.0,0.8,1.0,EXT-SC-022,scene_construction,False,3137
0.0,0.0,1.0,True,medium,8b7d4695f32523c96c79e649252f6f7b9f85eab9a7f6973a565553a740c47c5f,evaluator_v2.3,1.0,2.1,0,KAFarmTwin-TypedRepair,0.0,0.0,0.0,EXT-MQ-032,memory_query,False,0
0.0,0.0,1.0,True,medium,8b7d4695f32523c96c79e649252f6f7b9f85eab9a7f6973a565553a740c47c5f,evaluator_v2.3,1.0,1.6,0,SingleAgent-AllTools,0.0,0.0,0.0,EXT-MQ-032,memory_query,False,0
1.0,0.00020706,1.0,True,medium,8b7d4695f32523c96c79e649252f6f7b9f85eab9a7f6973a565553a740c47c5f,evaluator_v2.3,1.0,2324.0,1,SingleAgent-AllTools,1.0,1.0,0.0,EXT-DB-037,data_binding,False,1216
1.0,0.00047081999999999994,1.0,True,medium,8b7d4695f32523c96c79e649252f6f7b9f85eab9a7f6973a565553a740c47c5f,evaluator_v2.3,1.0,4473.8,2,KAFarmTwin-TypedRepair,1.0,1.0,1.0,EXT-DB-037,data_binding,False,3053
1.0,0.00020902,1.0,True,hard,8b7d4695f32523c96c79e649252f6f7b9f85eab9a7f6973a565553a740c47c5f,evaluator_v2.3,1.0,708.9,1,KAFarmTwin-TypedRepair,1.0,1.0,1.0,EXT-RR-056,rule_repair,False,1485
0.0,0.0,1.0,False,hard,8b7d4695f32523c96c79e649252f6f7b9f85eab9a7f6973a565553a740c47c5f,evaluator_v2.3,1.0,0.1,0,SingleAgent-AllTools,1.0,0.0,1.0,EXT-RR-056,rule_repair,False,0
0.0,0.0,1.0,False,medium,8b7d4695f32523c96c79e649252f6f7b9f85eab9a7f6973a565553a740c47c5f,evaluator_v2.3,1.0,0.1,0,SingleAgent-AllTools,1.0,0.0,1.0,EXT-RR-021,rule_repair,False,0
1.0,0.00018732,1.0,True,medium,8b7d4695f32523c96c79e649252f6f7b9f85eab9a7f6973a565553a740c47c5f,evaluator_v2.3,1.0,902.0,1,KAFarmTwin-TypedRepair,1.0,1.0,1.0,EXT-RR-021,rule_repair,False,1330
0.0,0.0,1.0,True,easy,8b7d4695f32523c96c79e649252f6f7b9f85eab9a7f6973a565553a740c47c5f,evaluator_v2.3,1.0,1.1,0,KAFarmTwin-TypedRepair,0.0,0.0,0.0,EXT-MQ-004,memory_query,False,0
0.0,0.0,1.0,True,easy,8b7d4695f32523c96c79e649252f6f7b9f85eab9a7f6973a565553a740c47c5f,evaluator_v2.3,1.0,0.8,0,SingleAgent-AllTools,0.0,0.0,0.0,EXT-MQ-004,memory_query,False,0
0.0,0.00044604,0.0,False,medium,8b7d4695f32523c96c79e649252f6f7b9f85eab9a7f6973a565553a740c47c5f,evaluator_v2.3,0.0,6086.7,1,SingleAgent-AllTools,0.0,0.0,0.0,EXT-AR-045,asset_routing,False,1986
1.0,0.00038612,1.0,False,medium,8b7d4695f32523c96c79e649252f6f7b9f85eab9a7f6973a565553a740c47c5f,evaluator_v2.3,1.0,2419.8,2,KAFarmTwin-TypedRepair,0.963,0.75,1.0,EXT-AR-045,asset_routing,False,2566
1.0,0.00042657999999999997,1.0,False,hard,8b7d4695f32523c96c79e649252f6f7b9f85eab9a7f6973a565553a740c47c5f,evaluator_v2.3,1.0,2724.2,2,KAFarmTwin-TypedRepair,0.129,0.6,1.0,EXT-AR-054,asset_routing,False,2769
0.0,0.00108136,1.0,False,hard,8b7d4695f32523c96c79e649252f6f7b9f85eab9a7f6973a565553a740c47c5f,evaluator_v2.3,1.0,13991.6,3,SingleAgent-AllTools,0.0896,0.0,0.6923,EXT-AR-054,asset_routing,False,5175
0.0,0.0,1.0,True,medium,8b7d4695f32523c96c79e649252f6f7b9f85eab9a7f6973a565553a740c47c5f,evaluator_v2.3,1.0,2.3,0,SingleAgent-AllTools,0.0,0.0,0.0,EXT-MQ-043,memory_query,False,0
0.0,0.0,1.0,True,medium,8b7d4695f32523c96c79e649252f6f7b9f85eab9a7f6973a565553a740c47c5f,evaluator_v2.3,1.0,1.9,0,KAFarmTwin-TypedRepair,0.0,0.0,0.0,EXT-MQ-043,memory_query,False,0
1.0,0.00017724,1.0,True,easy,8b7d4695f32523c96c79e649252f6f7b9f85eab9a7f6973a565553a740c47c5f,evaluator_v2.3,1.0,2572.7,1,KAFarmTwin-TypedRepair,1.0,1.0,1.0,EXT-RR-004,rule_repair,False,1258
0.0,0.0,1.0,False,easy,8b7d4695f32523c96c79e649252f6f7b9f85eab9a7f6973a565553a740c47c5f,evaluator_v2.3,1.0,0.0,0,SingleAgent-AllTools,1.0,0.0,1.0,EXT-RR-004,rule_repair,False,0
1.0,0.00020188,1.0,True,medium,8b7d4695f32523c96c79e649252f6f7b9f85eab9a7f6973a565553a740c47c5f,evaluator_v2.3,1.0,2094.3,1,SingleAgent-AllTools,1.0,1.0,0.0,EXT-DB-019,data_binding,False,1198
1.0,0.00045611999999999996,1.0,True,medium,8b7d4695f32523c96c79e649252f6f7b9f85eab9a7f6973a565553a740c47c5f,evaluator_v2.3,1.0,2862.1,2,KAFarmTwin-TypedRepair,1.0,1.0,1.0,EXT-DB-019,data_binding,False,3007
0.0,0.00047446,1.0,True,easy,8b7d4695f32523c96c79e649252f6f7b9f85eab9a7f6973a565553a740c47c5f,evaluator_v2.3,1.0,5649.1,3,KAFarmTwin-TypedRepair,1.0,0.8889,1.0,EXT-SC-008,scene_construction,False,2937
0.0,0.0005464199999999999,1.0,True,easy,8b7d4695f32523c96c79e649252f6f7b9f85eab9a7f6973a565553a740c47c5f,evaluator_v2.3,1.0,7645.5,3,SingleAgent-AllTools,1.0,1.0,0.6667,EXT-SC-008,scene_construction,False,3196
0.0,0.00056616,1.0,False,hard,8b7d4695f32523c96c79e649252f6f7b9f85eab9a7f6973a565553a740c47c5f,evaluator_v2.3,1.0,6938.8,3,SingleAgent-AllTools,0.0656,0.6154,0.7,EXT-AR-052,asset_routing,False,3299
1.0,0.00042588,1.0,False,hard,8b7d4695f32523c96c79e649252f6f7b9f85eab9a7f6973a565553a740c47c5f,evaluator_v2.3,1.0,3984.8,2,KAFarmTwin-TypedRepair,0.2759,0.6,1.0,EXT-AR-052,asset_routing,False,2765
0.0,0.0005586,1.0,False,medium,8b7d4695f32523c96c79e649252f6f7b9f85eab9a7f6973a565553a740c47c5f,evaluator_v2.3,1.0,7626.2,3,KAFarmTwin-TypedRepair,1.0,0.6667,1.0,EXT-SC-019,scene_construction,False,3265
0.0,0.00053172,1.0,True,medium,8b7d4695f32523c96c79e649252f6f7b9f85eab9a7f6973a565553a740c47c5f,evaluator_v2.3,1.0,4734.9,3,SingleAgent-AllTools,1.0,0.6667,0.6667,EXT-SC-019,scene_construction,False,3167
0.0,0.00053844,1.0,False,easy,8b7d4695f32523c96c79e649252f6f7b9f85eab9a7f6973a565553a740c47c5f,evaluator_v2.3,1.0,6487.5,3,SingleAgent-AllTools,0.9767,0.6667,0.7143,EXT-SC-007,scene_construction,False,3172
0.0,0.00057512,1.0,False,easy,8b7d4695f32523c96c79e649252f6f7b9f85eab9a7f6973a565553a740c47c5f,evaluator_v2.3,1.0,7237.4,3,KAFarmTwin-TypedRepair,1.0,0.6667,1.0,EXT-SC-007,scene_construction,False,3306
1.0,0.00018746,1.0,True,medium,8b7d4695f32523c96c79e649252f6f7b9f85eab9a7f6973a565553a740c47c5f,evaluator_v2.3,1.0,673.8,1,KAFarmTwin-TypedRepair,1.0,1.0,1.0,EXT-RR-033,rule_repair,False,1331
0.0,0.0,1.0,False,medium,8b7d4695f32523c96c79e649252f6f7b9f85eab9a7f6973a565553a740c47c5f,evaluator_v2.3,1.0,0.0,0,SingleAgent-AllTools,1.0,0.0,1.0,EXT-RR-033,rule_repair,False,0
0.0,0.00044548,0.0,False,medium,8b7d4695f32523c96c79e649252f6f7b9f85eab9a7f6973a565553a740c47c5f,evaluator_v2.3,0.0,6802.3,1,SingleAgent-AllTools,0.0,0.0,0.0,EXT-AR-016,asset_routing,False,1982
1.0,0.00038219999999999997,1.0,False,medium,8b7d4695f32523c96c79e649252f6f7b9f85eab9a7f6973a565553a740c47c5f,evaluator_v2.3,1.0,2536.0,2,KAFarmTwin-TypedRepair,0.32,0.75,1.0,EXT-AR-016,asset_routing,False,2512
1.0,0.00017122,1.0,True,easy,8b7d4695f32523c96c79e649252f6f7b9f85eab9a7f6973a565553a740c47c5f,evaluator_v2.3,1.0,706.7,1,KAFarmTwin-TypedRepair,1.0,1.0,1.0,EXT-RR-013,rule_repair,False,1215
0.0,0.0,1.0,False,easy,8b7d4695f32523c96c79e649252f6f7b9f85eab9a7f6973a565553a740c47c5f,evaluator_v2.3,1.0,0.0,0,SingleAgent-AllTools,1.0,0.0,1.0,EXT-RR-013,rule_repair,False,0
1.0,0.00020006,1.0,True,medium,8b7d4695f32523c96c79e649252f6f7b9f85eab9a7f6973a565553a740c47c5f,evaluator_v2.3,1.0,1830.5,1,SingleAgent-AllTools,1.0,1.0,0.0,EXT-DB-027,data_binding,False,1189
1.0,0.00045262,1.0,True,medium,8b7d4695f32523c96c79e649252f6f7b9f85eab9a7f6973a565553a740c47c5f,evaluator_v2.3,1.0,4387.6,2,KAFarmTwin-TypedRepair,1.0,1.0,1.0,EXT-DB-027,data_binding,False,2986
1.0,0.00045962,1.0,True,medium,8b7d4695f32523c96c79e649252f6f7b9f85eab9a7f6973a565553a740c47c5f,evaluator_v2.3,1.0,2697.7,2,KAFarmTwin-TypedRepair,1.0,1.0,1.0,EXT-DB-017,data_binding,False,3013
1.0,0.00021826,1.0,True,medium,8b7d4695f32523c96c79e649252f6f7b9f85eab9a7f6973a565553a740c47c5f,evaluator_v2.3,1.0,3230.5,1,SingleAgent-AllTools,1.0,1.0,0.0,EXT-DB-017,data_binding,False,1256
1.0,0.00019166,1.0,True,medium,8b7d4695f32523c96c79e649252f6f7b9f85eab9a7f6973a565553a740c47c5f,evaluator_v2.3,1.0,1689.7,1,SingleAgent-AllTools,1.0,1.0,0.0,EXT-DB-016,data_binding,False,1140
1.0,0.00041635999999999995,1.0,True,medium,8b7d4695f32523c96c79e649252f6f7b9f85eab9a7f6973a565553a740c47c5f,evaluator_v2.3,1.0,2296.6,2,KAFarmTwin-TypedRepair,1.0,1.0,1.0,EXT-DB-016,data_binding,False,2738
0.0,0.0,1.0,True,medium,8b7d4695f32523c96c79e649252f6f7b9f85eab9a7f6973a565553a740c47c5f,evaluator_v2.3,1.0,0.8,0,KAFarmTwin-TypedRepair,0.0,0.0,0.0,EXT-MQ-025,memory_query,False,0
0.0,0.0,1.0,True,medium,8b7d4695f32523c96c79e649252f6f7b9f85eab9a7f6973a565553a740c47c5f,evaluator_v2.3,1.0,0.6,0,SingleAgent-AllTools,0.0,0.0,0.0,EXT-MQ-025,memory_query,False,0
0.0,0.00099694,1.0,False,hard,8b7d4695f32523c96c79e649252f6f7b9f85eab9a7f6973a565553a740c47c5f,evaluator_v2.3,1.0,16074.8,3,SingleAgent-AllTools,0.0272,0.0741,0.5909,EXT-AR-060,asset_routing,False,4962
1.0,0.00043092,1.0,False,hard,8b7d4695f32523c96c79e649252f6f7b9f85eab9a7f6973a565553a740c47c5f,evaluator_v2.3,1.0,2860.6,2,KAFarmTwin-TypedRepair,0.9286,0.6,1.0,EXT-AR-060,asset_routing,False,2819
1.0,0.0003591,1.0,True,easy,8b7d4695f32523c96c79e649252f6f7b9f85eab9a7f6973a565553a740c47c5f,evaluator_v2.3,1.0,2764.9,2,KAFarmTwin-TypedRepair,1.0,1.0,1.0,EXT-DB-002,data_binding,False,2421
1.0,0.00016142,1.0,True,easy,8b7d4695f32523c96c79e649252f6f7b9f85eab9a7f6973a565553a740c47c5f,evaluator_v2.3,1.0,2058.9,1,SingleAgent-AllTools,1.0,1.0,0.0,EXT-DB-002,data_binding,False,1016
0.0,0.0,1.0,True,hard,8b7d4695f32523c96c79e649252f6f7b9f85eab9a7f6973a565553a740c47c5f,evaluator_v2.3,1.0,2.5,0,SingleAgent-AllTools,0.0,0.0,0.0,EXT-MQ-049,memory_query,False,0
0.0,0.0,1.0,True,hard,8b7d4695f32523c96c79e649252f6f7b9f85eab9a7f6973a565553a740c47c5f,evaluator_v2.3,1.0,2.1,0,KAFarmTwin-TypedRepair,0.0,0.0,0.0,EXT-MQ-049,memory_query,False,0
0.0,0.0,1.0,True,hard,8b7d4695f32523c96c79e649252f6f7b9f85eab9a7f6973a565553a740c47c5f,evaluator_v2.3,1.0,2.1,0,KAFarmTwin-TypedRepair,0.0,0.0,0.0,EXT-MQ-051,memory_query,False,0
0.0,0.0,1.0,True,hard,8b7d4695f32523c96c79e649252f6f7b9f85eab9a7f6973a565553a740c47c5f,evaluator_v2.3,1.0,1.6,0,SingleAgent-AllTools,0.0,0.0,0.0,EXT-MQ-051,memory_query,False,0
0.0,0.0,1.0,False,hard,8b7d4695f32523c96c79e649252f6f7b9f85eab9a7f6973a565553a740c47c5f,evaluator_v2.3,1.0,0.0,0,SingleAgent-AllTools,1.0,0.0,1.0,EXT-RR-060,rule_repair,False,0
1.0,0.00020902,1.0,True,hard,8b7d4695f32523c96c79e649252f6f7b9f85eab9a7f6973a565553a740c47c5f,evaluator_v2.3,1.0,1399.3,1,KAFarmTwin-TypedRepair,1.0,1.0,1.0,EXT-RR-060,rule_repair,False,1485
1.0,0.00040711999999999996,1.0,True,medium,8b7d4695f32523c96c79e649252f6f7b9f85eab9a7f6973a565553a740c47c5f,evaluator_v2.3,1.0,5457.8,2,KAFarmTwin-TypedRepair,1.0,1.0,1.0,EXT-DB-032,data_binding,False,2705
1.0,0.00018298,1.0,True,medium,8b7d4695f32523c96c79e649252f6f7b9f85eab9a7f6973a565553a740c47c5f,evaluator_v2.3,1.0,1653.6,1,SingleAgent-AllTools,1.0,1.0,0.0,EXT-DB-032,data_binding,False,1109
0.0,0.00056518,1.0,False,hard,8b7d4695f32523c96c79e649252f6f7b9f85eab9a7f6973a565553a740c47c5f,evaluator_v2.3,1.0,6462.3,3,SingleAgent-AllTools,0.9877,0.4286,0.7,EXT-SC-060,scene_construction,False,3296
0.0,0.00112448,1.0,True,hard,8b7d4695f32523c96c79e649252f6f7b9f85eab9a7f6973a565553a740c47c5f,evaluator_v2.3,1.0,9593.0,5,KAFarmTwin-TypedRepair,1.0,0.6667,1.0,EXT-SC-060,scene_construction,False,7144
1.0,0.00038766,1.0,False,medium,8b7d4695f32523c96c79e649252f6f7b9f85eab9a7f6973a565553a740c47c5f,evaluator_v2.3,1.0,2580.2,2,KAFarmTwin-TypedRepair,0.9524,0.75,1.0,EXT-AR-030,asset_routing,False,2574
0.0,0.00044618,0.0,False,medium,8b7d4695f32523c96c79e649252f6f7b9f85eab9a7f6973a565553a740c47c5f,evaluator_v2.3,0.0,7252.8,1,SingleAgent-AllTools,0.0,0.0,0.0,EXT-AR-030,asset_routing,False,1987
1.0,0.00027034,1.0,True,hard,8b7d4695f32523c96c79e649252f6f7b9f85eab9a7f6973a565553a740c47c5f,evaluator_v2.3,1.0,7007.7,1,SingleAgent-AllTools,1.0,1.0,0.0,EXT-DB-056,data_binding,False,1476
1.0,0.00057862,1.0,True,hard,8b7d4695f32523c96c79e649252f6f7b9f85eab9a7f6973a565553a740c47c5f,evaluator_v2.3,1.0,3151.9,2,KAFarmTwin-TypedRepair,1.0,1.0,1.0,EXT-DB-056,data_binding,False,3731
0.0,0.00108584,1.0,True,hard,8b7d4695f32523c96c79e649252f6f7b9f85eab9a7f6973a565553a740c47c5f,evaluator_v2.3,1.0,9812.5,5,KAFarmTwin-TypedRepair,1.0,1.0,1.0,EXT-SC-059,scene_construction,False,6812
0.0,0.00052976,1.0,True,hard,8b7d4695f32523c96c79e649252f6f7b9f85eab9a7f6973a565553a740c47c5f,evaluator_v2.3,1.0,7132.3,3,SingleAgent-AllTools,1.0,1.0,0.625,EXT-SC-059,scene_construction,False,3165
0.0,0.0005138,1.0,False,medium,8b7d4695f32523c96c79e649252f6f7b9f85eab9a7f6973a565553a740c47c5f,evaluator_v2.3,1.0,6366.9,3,SingleAgent-AllTools,0.9811,0.6154,0.6667,EXT-SC-033,scene_construction,False,3105
0.0,0.00056812,1.0,False,medium,8b7d4695f32523c96c79e649252f6f7b9f85eab9a7f6973a565553a740c47c5f,evaluator_v2.3,1.0,7189.4,3,KAFarmTwin-TypedRepair,0.9811,0.6154,1.0,EXT-SC-033,scene_construction,False,3313
1.0,0.00019292,1.0,True,medium,8b7d4695f32523c96c79e649252f6f7b9f85eab9a7f6973a565553a740c47c5f,evaluator_v2.3,1.0,1216.7,1,KAFarmTwin-TypedRepair,1.0,1.0,1.0,EXT-RR-020,rule_repair,False,1370
0.0,0.0,1.0,False,medium,8b7d4695f32523c96c79e649252f6f7b9f85eab9a7f6973a565553a740c47c5f,evaluator_v2.3,1.0,0.0,0,SingleAgent-AllTools,1.0,0.0,1.0,EXT-RR-020,rule_repair,False,0
0.0,0.0,1.0,True,medium,8b7d4695f32523c96c79e649252f6f7b9f85eab9a7f6973a565553a740c47c5f,evaluator_v2.3,1.0,2.1,0,SingleAgent-AllTools,0.0,0.0,0.0,EXT-MQ-024,memory_query,False,0
0.0,0.0,1.0,True,medium,8b7d4695f32523c96c79e649252f6f7b9f85eab9a7f6973a565553a740c47c5f,evaluator_v2.3,1.0,1.7,0,KAFarmTwin-TypedRepair,0.0,0.0,0.0,EXT-MQ-024,memory_query,False,0
1.0,0.00058996,1.0,True,hard,8b7d4695f32523c96c79e649252f6f7b9f85eab9a7f6973a565553a740c47c5f,evaluator_v2.3,1.0,4510.0,2,KAFarmTwin-TypedRepair,1.0,1.0,1.0,EXT-DB-060,data_binding,False,3759
1.0,0.00024892,1.0,True,hard,8b7d4695f32523c96c79e649252f6f7b9f85eab9a7f6973a565553a740c47c5f,evaluator_v2.3,1.0,2454.5,1,SingleAgent-AllTools,1.0,1.0,0.0,EXT-DB-060,data_binding,False,1396
0.0,0.0,1.0,True,easy,8b7d4695f32523c96c79e649252f6f7b9f85eab9a7f6973a565553a740c47c5f,evaluator_v2.3,1.0,2.1,0,SingleAgent-AllTools,0.0,0.0,0.0,EXT-MQ-013,memory_query,False,0
0.0,0.0,1.0,True,easy,8b7d4695f32523c96c79e649252f6f7b9f85eab9a7f6973a565553a740c47c5f,evaluator_v2.3,1.0,1.4,0,KAFarmTwin-TypedRepair,0.0,0.0,0.0,EXT-MQ-013,memory_query,False,0
0.0,0.0,1.0,True,medium,8b7d4695f32523c96c79e649252f6f7b9f85eab9a7f6973a565553a740c47c5f,evaluator_v2.3,1.0,1.7,0,KAFarmTwin-TypedRepair,0.0,0.0,0.0,EXT-MQ-042,memory_query,False,0
0.0,0.0,1.0,True,medium,8b7d4695f32523c96c79e649252f6f7b9f85eab9a7f6973a565553a740c47c5f,evaluator_v2.3,1.0,1.4,0,SingleAgent-AllTools,0.0,0.0,0.0,EXT-MQ-042,memory_query,False,0
1.0,0.00019208,1.0,True,medium,8b7d4695f32523c96c79e649252f6f7b9f85eab9a7f6973a565553a740c47c5f,evaluator_v2.3,1.0,2864.2,1,SingleAgent-AllTools,1.0,1.0,0.0,EXT-DB-023,data_binding,False,1164
1.0,0.00045779999999999996,1.0,True,medium,8b7d4695f32523c96c79e649252f6f7b9f85eab9a7f6973a565553a740c47c5f,evaluator_v2.3,1.0,2674.6,2,KAFarmTwin-TypedRepair,1.0,1.0,1.0,EXT-DB-023,data_binding,False,3017
0.0,0.00056686,1.0,True,easy,8b7d4695f32523c96c79e649252f6f7b9f85eab9a7f6973a565553a740c47c5f,evaluator_v2.3,1.0,7659.5,3,KAFarmTwin-TypedRepair,1.0,0.7273,1.0,EXT-SC-015,scene_construction,False,3284
0.0,0.00048706,1.0,False,easy,8b7d4695f32523c96c79e649252f6f7b9f85eab9a7f6973a565553a740c47c5f,evaluator_v2.3,1.0,5440.6,3,SingleAgent-AllTools,1.0,0.6667,0.7143,EXT-SC-015,scene_construction,False,2998
0.0,0.0,1.0,True,medium,8b7d4695f32523c96c79e649252f6f7b9f85eab9a7f6973a565553a740c47c5f,evaluator_v2.3,1.0,1.1,0,SingleAgent-AllTools,0.0,0.0,0.0,EXT-MQ-020,memory_query,False,0
0.0,0.0,1.0,True,medium,8b7d4695f32523c96c79e649252f6f7b9f85eab9a7f6973a565553a740c47c5f,evaluator_v2.3,1.0,0.9,0,KAFarmTwin-TypedRepair,0.0,0.0,0.0,EXT-MQ-020,memory_query,False,0
0.0,0.00049196,1.0,True,easy,8b7d4695f32523c96c79e649252f6f7b9f85eab9a7f6973a565553a740c47c5f,evaluator_v2.3,1.0,6295.9,3,KAFarmTwin-TypedRepair,1.0,0.6667,1.0,EXT-SC-001,scene_construction,False,2971
0.0,0.0004368,1.0,True,easy,8b7d4695f32523c96c79e649252f6f7b9f85eab9a7f6973a565553a740c47c5f,evaluator_v2.3,1.0,9663.4,3,SingleAgent-AllTools,1.0,0.75,0.8333,EXT-SC-001,scene_construction,False,2774
1.0,0.00016142,1.0,True,easy,8b7d4695f32523c96c79e649252f6f7b9f85eab9a7f6973a565553a740c47c5f,evaluator_v2.3,1.0,1279.4,1,SingleAgent-AllTools,1.0,1.0,0.0,EXT-DB-007,data_binding,False,1016
1.0,0.0003591,1.0,True,easy,8b7d4695f32523c96c79e649252f6f7b9f85eab9a7f6973a565553a740c47c5f,evaluator_v2.3,1.0,2257.1,2,KAFarmTwin-TypedRepair,1.0,1.0,1.0,EXT-DB-007,data_binding,False,2421
1.0,0.00040488,1.0,True,medium,8b7d4695f32523c96c79e649252f6f7b9f85eab9a7f6973a565553a740c47c5f,evaluator_v2.3,1.0,2443.8,2,KAFarmTwin-TypedRepair,1.0,1.0,1.0,EXT-DB-022,data_binding,False,2698
1.0,0.00018018,1.0,True,medium,8b7d4695f32523c96c79e649252f6f7b9f85eab9a7f6973a565553a740c47c5f,evaluator_v2.3,1.0,2013.2,1,SingleAgent-AllTools,1.0,1.0,0.0,EXT-DB-022,data_binding,False,1100
0.0,0.00088564,1.0,False,easy,8b7d4695f32523c96c79e649252f6f7b9f85eab9a7f6973a565553a740c47c5f,evaluator_v2.3,1.0,12518.3,3,SingleAgent-AllTools,0.0506,0.1176,0.6875,EXT-AR-005,asset_routing,False,4456
1.0,0.00033865999999999996,1.0,True,easy,8b7d4695f32523c96c79e649252f6f7b9f85eab9a7f6973a565553a740c47c5f,evaluator_v2.3,1.0,3156.9,2,KAFarmTwin-TypedRepair,1.0,1.0,1.0,EXT-AR-005,asset_routing,False,2263
1.0,0.00018788,1.0,True,medium,8b7d4695f32523c96c79e649252f6f7b9f85eab9a7f6973a565553a740c47c5f,evaluator_v2.3,1.0,1181.3,1,KAFarmTwin-TypedRepair,1.0,1.0,1.0,EXT-RR-039,rule_repair,False,1334
0.0,0.0,1.0,False,medium,8b7d4695f32523c96c79e649252f6f7b9f85eab9a7f6973a565553a740c47c5f,evaluator_v2.3,1.0,0.0,0,SingleAgent-AllTools,1.0,0.0,1.0,EXT-RR-039,rule_repair,False,0
0.0,0.00061586,1.0,False,easy,8b7d4695f32523c96c79e649252f6f7b9f85eab9a7f6973a565553a740c47c5f,evaluator_v2.3,1.0,7706.3,3,SingleAgent-AllTools,0.0588,0.5,0.6364,EXT-AR-007,asset_routing,False,3461
0.5,0.0003367,1.0,False,easy,8b7d4695f32523c96c79e649252f6f7b9f85eab9a7f6973a565553a740c47c5f,evaluator_v2.3,1.0,1862.4,2,KAFarmTwin-TypedRepair,1.0,1.0,1.0,EXT-AR-007,asset_routing,False,2283
0.0,0.0014424199999999998,1.0,False,medium,8b7d4695f32523c96c79e649252f6f7b9f85eab9a7f6973a565553a740c47c5f,evaluator_v2.3,1.0,16324.9,5,KAFarmTwin-TypedRepair,0.9877,0.4706,1.0,EXT-SC-026,scene_construction,False,8804
0.0,0.0006127799999999999,1.0,False,medium,8b7d4695f32523c96c79e649252f6f7b9f85eab9a7f6973a565553a740c47c5f,evaluator_v2.3,1.0,7141.7,3,SingleAgent-AllTools,0.9877,0.4706,0.7273,EXT-SC-026,scene_construction,False,3481
0.0,0.0004956,1.0,False,medium,8b7d4695f32523c96c79e649252f6f7b9f85eab9a7f6973a565553a740c47c5f,evaluator_v2.3,1.0,6562.4,3,SingleAgent-AllTools,0.087,0.4,0.875,EXT-AR-022,asset_routing,False,3030
1.0,0.00038192,1.0,False,medium,8b7d4695f32523c96c79e649252f6f7b9f85eab9a7f6973a565553a740c47c5f,evaluator_v2.3,1.0,2742.7,2,KAFarmTwin-TypedRepair,0.3636,0.75,1.0,EXT-AR-022,asset_routing,False,2511
0.0,0.0006106800000000001,1.0,True,easy,8b7d4695f32523c96c79e649252f6f7b9f85eab9a7f6973a565553a740c47c5f,evaluator_v2.3,1.0,7610.9,4,KAFarmTwin-TypedRepair,1.0,1.0,1.0,EXT-SC-003,scene_construction,False,4065
0.0,0.00046102,1.0,False,easy,8b7d4695f32523c96c79e649252f6f7b9f85eab9a7f6973a565553a740c47c5f,evaluator_v2.3,1.0,7413.3,3,SingleAgent-AllTools,0.9778,0.4444,0.8571,EXT-SC-003,scene_construction,False,2867
0.0,0.00110852,1.0,False,medium,8b7d4695f32523c96c79e649252f6f7b9f85eab9a7f6973a565553a740c47c5f,evaluator_v2.3,1.0,17398.8,3,SingleAgent-AllTools,0.0645,0.25,0.5714,EXT-AR-025,asset_routing,False,5274
1.0,0.0003801,1.0,False,medium,8b7d4695f32523c96c79e649252f6f7b9f85eab9a7f6973a565553a740c47c5f,evaluator_v2.3,1.0,2629.7,2,KAFarmTwin-TypedRepair,0.1786,0.75,1.0,EXT-AR-025,asset_routing,False,2534
0.0,0.0,1.0,True,hard,8b7d4695f32523c96c79e649252f6f7b9f85eab9a7f6973a565553a740c47c5f,evaluator_v2.3,1.0,1.5,0,KAFarmTwin-TypedRepair,0.0,0.0,0.0,EXT-MQ-048,memory_query,False,0
0.0,0.0,1.0,True,hard,8b7d4695f32523c96c79e649252f6f7b9f85eab9a7f6973a565553a740c47c5f,evaluator_v2.3,1.0,1.1,0,SingleAgent-AllTools,0.0,0.0,0.0,EXT-MQ-048,memory_query,False,0
0.0,0.00052976,1.0,True,easy,8b7d4695f32523c96c79e649252f6f7b9f85eab9a7f6973a565553a740c47c5f,evaluator_v2.3,1.0,9651.5,3,SingleAgent-AllTools,1.0,1.0,0.6667,EXT-SC-010,scene_construction,False,3126
0.0,0.0006986,1.0,True,easy,8b7d4695f32523c96c79e649252f6f7b9f85eab9a7f6973a565553a740c47c5f,evaluator_v2.3,1.0,8028.3,4,KAFarmTwin-TypedRepair,1.0,1.0,1.0,EXT-SC-010,scene_construction,False,4472
0.0,0.00049084,1.0,False,medium,8b7d4695f32523c96c79e649252f6f7b9f85eab9a7f6973a565553a740c47c5f,evaluator_v2.3,1.0,5063.1,3,KAFarmTwin-TypedRepair,0.9888,0.7273,1.0,EXT-SC-017,scene_construction,False,3009
0.0,0.00058576,1.0,False,medium,8b7d4695f32523c96c79e649252f6f7b9f85eab9a7f6973a565553a740c47c5f,evaluator_v2.3,1.0,8688.5,3,SingleAgent-AllTools,0.9888,0.4706,0.7273,EXT-SC-017,scene_construction,False,3377
0.0,0.0,1.0,False,medium,8b7d4695f32523c96c79e649252f6f7b9f85eab9a7f6973a565553a740c47c5f,evaluator_v2.3,1.0,0.0,0,SingleAgent-AllTools,1.0,0.0,1.0,EXT-RR-041,rule_repair,False,0
1.0,0.00018732,1.0,True,medium,8b7d4695f32523c96c79e649252f6f7b9f85eab9a7f6973a565553a740c47c5f,evaluator_v2.3,1.0,724.1,1,KAFarmTwin-TypedRepair,1.0,1.0,1.0,EXT-RR-041,rule_repair,False,1330
1.0,0.00038556,1.0,False,medium,8b7d4695f32523c96c79e649252f6f7b9f85eab9a7f6973a565553a740c47c5f,evaluator_v2.3,1.0,2673.0,2,KAFarmTwin-TypedRepair,0.1944,0.75,1.0,EXT-AR-027,asset_routing,False,2532
0.0,0.00067704,1.0,False,medium,8b7d4695f32523c96c79e649252f6f7b9f85eab9a7f6973a565553a740c47c5f,evaluator_v2.3,1.0,8570.1,3,SingleAgent-AllTools,0.0533,0.3636,0.6667,EXT-AR-027,asset_routing,False,3688
0.0,0.00048229999999999996,1.0,False,medium,8b7d4695f32523c96c79e649252f6f7b9f85eab9a7f6973a565553a740c47c5f,evaluator_v2.3,1.0,5561.0,3,SingleAgent-AllTools,1.0,0.7273,0.625,EXT-SC-021,scene_construction,False,2982
0.0,0.00051534,1.0,False,medium,8b7d4695f32523c96c79e649252f6f7b9f85eab9a7f6973a565553a740c47c5f,evaluator_v2.3,1.0,5839.6,3,KAFarmTwin-TypedRepair,0.9778,0.6154,1.0,EXT-SC-021,scene_construction,False,3106
1.0,0.00036609999999999995,1.0,True,easy,8b7d4695f32523c96c79e649252f6f7b9f85eab9a7f6973a565553a740c47c5f,evaluator_v2.3,1.0,2681.9,2,KAFarmTwin-TypedRepair,1.0,1.0,1.0,EXT-DB-009,data_binding,False,2449
1.0,0.00016842,1.0,True,easy,8b7d4695f32523c96c79e649252f6f7b9f85eab9a7f6973a565553a740c47c5f,evaluator_v2.3,1.0,1502.9,1,SingleAgent-AllTools,1.0,1.0,0.0,EXT-DB-009,data_binding,False,1044
0.0,0.0006657,1.0,False,medium,8b7d4695f32523c96c79e649252f6f7b9f85eab9a7f6973a565553a740c47c5f,evaluator_v2.3,1.0,8123.5,3,SingleAgent-AllTools,0.9905,0.4706,0.7273,EXT-SC-044,scene_construction,False,3670
0.0,0.00050274,1.0,False,medium,8b7d4695f32523c96c79e649252f6f7b9f85eab9a7f6973a565553a740c47c5f,evaluator_v2.3,1.0,6753.9,3,KAFarmTwin-TypedRepair,0.9905,0.7273,1.0,EXT-SC-044,scene_construction,False,3052
1.0,0.00018928,1.0,True,medium,8b7d4695f32523c96c79e649252f6f7b9f85eab9a7f6973a565553a740c47c5f,evaluator_v2.3,1.0,1207.6,1,KAFarmTwin-TypedRepair,1.0,1.0,1.0,EXT-RR-022,rule_repair,False,1344
0.0,0.0,1.0,False,medium,8b7d4695f32523c96c79e649252f6f7b9f85eab9a7f6973a565553a740c47c5f,evaluator_v2.3,1.0,0.0,0,SingleAgent-AllTools,1.0,0.0,1.0,EXT-RR-022,rule_repair,False,0
0.0,0.00044674,0.0,False,hard,8b7d4695f32523c96c79e649252f6f7b9f85eab9a7f6973a565553a740c47c5f,evaluator_v2.3,0.0,6726.3,1,SingleAgent-AllTools,0.0,0.0,0.0,EXT-AR-053,asset_routing,False,1991
1.0,0.0004242,1.0,False,hard,8b7d4695f32523c96c79e649252f6f7b9f85eab9a7f6973a565553a740c47c5f,evaluator_v2.3,1.0,2626.7,2,KAFarmTwin-TypedRepair,0.2727,0.6,1.0,EXT-AR-053,asset_routing,False,2787
0.0,0.00054138,1.0,False,medium,8b7d4695f32523c96c79e649252f6f7b9f85eab9a7f6973a565553a740c47c5f,evaluator_v2.3,1.0,6111.9,3,KAFarmTwin-TypedRepair,0.9796,0.6154,1.0,EXT-SC-027,scene_construction,False,3202
0.0,0.0005201,1.0,False,medium,8b7d4695f32523c96c79e649252f6f7b9f85eab9a7f6973a565553a740c47c5f,evaluator_v2.3,1.0,7944.1,3,SingleAgent-AllTools,0.9796,0.6154,0.6667,EXT-SC-027,scene_construction,False,3123
1.0,0.00020048,1.0,True,medium,8b7d4695f32523c96c79e649252f6f7b9f85eab9a7f6973a565553a740c47c5f,evaluator_v2.3,1.0,1889.3,1,SingleAgent-AllTools,1.0,1.0,0.0,EXT-DB-035,data_binding,False,1191
1.0,0.00045388,1.0,True,medium,8b7d4695f32523c96c79e649252f6f7b9f85eab9a7f6973a565553a740c47c5f,evaluator_v2.3,1.0,2581.0,2,KAFarmTwin-TypedRepair,1.0,1.0,1.0,EXT-DB-035,data_binding,False,2994
1.0,0.00039914,1.0,False,medium,8b7d4695f32523c96c79e649252f6f7b9f85eab9a7f6973a565553a740c47c5f,evaluator_v2.3,1.0,3005.7,2,KAFarmTwin-TypedRepair,0.2333,0.75,1.0,EXT-AR-039,asset_routing,False,2622
0.0,0.00059332,1.0,False,medium,8b7d4695f32523c96c79e649252f6f7b9f85eab9a7f6973a565553a740c47c5f,evaluator_v2.3,1.0,8244.0,3,SingleAgent-AllTools,0.0328,0.3077,1.0,EXT-AR-039,asset_routing,False,3413
0.0,0.0,1.0,False,medium,8b7d4695f32523c96c79e649252f6f7b9f85eab9a7f6973a565553a740c47c5f,evaluator_v2.3,1.0,0.0,0,SingleAgent-AllTools,1.0,0.0,1.0,EXT-RR-023,rule_repair,False,0
1.0,0.0001876,1.0,True,medium,8b7d4695f32523c96c79e649252f6f7b9f85eab9a7f6973a565553a740c47c5f,evaluator_v2.3,1.0,873.7,1,KAFarmTwin-TypedRepair,1.0,1.0,1.0,EXT-RR-023,rule_repair,False,1332
1.0,0.00038486,1.0,False,medium,8b7d4695f32523c96c79e649252f6f7b9f85eab9a7f6973a565553a740c47c5f,evaluator_v2.3,1.0,2499.1,2,KAFarmTwin-TypedRepair,0.95,0.75,1.0,EXT-AR-035,asset_routing,False,2560
0.0,0.00084854,1.0,False,medium,8b7d4695f32523c96c79e649252f6f7b9f85eab9a7f6973a565553a740c47c5f,evaluator_v2.3,1.0,12030.8,3,SingleAgent-AllTools,0.08,0.1111,0.625,EXT-AR-035,asset_routing,False,4356
0.0,0.0,1.0,True,medium,8b7d4695f32523c96c79e649252f6f7b9f85eab9a7f6973a565553a740c47c5f,evaluator_v2.3,1.0,2.4,0,SingleAgent-AllTools,0.0,0.0,0.0,EXT-MQ-045,memory_query,False,0
0.0,0.0,1.0,True,medium,8b7d4695f32523c96c79e649252f6f7b9f85eab9a7f6973a565553a740c47c5f,evaluator_v2.3,1.0,2.0,0,KAFarmTwin-TypedRepair,0.0,0.0,0.0,EXT-MQ-045,memory_query,False,0
0.0,0.00058674,1.0,True,easy,8b7d4695f32523c96c79e649252f6f7b9f85eab9a7f6973a565553a740c47c5f,evaluator_v2.3,1.0,5599.0,4,KAFarmTwin-TypedRepair,1.0,1.0,1.0,EXT-SC-002,scene_construction,False,3950
0.0,0.00040838,1.0,True,easy,8b7d4695f32523c96c79e649252f6f7b9f85eab9a7f6973a565553a740c47c5f,evaluator_v2.3,1.0,3683.0,3,SingleAgent-AllTools,1.0,1.0,0.8,EXT-SC-002,scene_construction,False,2662
1.0,0.00018242,1.0,True,medium,8b7d4695f32523c96c79e649252f6f7b9f85eab9a7f6973a565553a740c47c5f,evaluator_v2.3,1.0,3041.4,1,SingleAgent-AllTools,1.0,1.0,0.0,EXT-DB-036,data_binding,False,1107
1.0,0.00041635999999999995,1.0,True,medium,8b7d4695f32523c96c79e649252f6f7b9f85eab9a7f6973a565553a740c47c5f,evaluator_v2.3,1.0,3420.4,2,KAFarmTwin-TypedRepair,1.0,1.0,1.0,EXT-DB-036,data_binding,False,2738
1.0,0.00020412,1.0,True,hard,8b7d4695f32523c96c79e649252f6f7b9f85eab9a7f6973a565553a740c47c5f,evaluator_v2.3,1.0,964.7,1,KAFarmTwin-TypedRepair,1.0,1.0,1.0,EXT-RR-049,rule_repair,False,1450
0.0,0.0,1.0,False,hard,8b7d4695f32523c96c79e649252f6f7b9f85eab9a7f6973a565553a740c47c5f,evaluator_v2.3,1.0,0.0,0,SingleAgent-AllTools,1.0,0.0,1.0,EXT-RR-049,rule_repair,False,0
0.0,0.0,1.0,True,medium,8b7d4695f32523c96c79e649252f6f7b9f85eab9a7f6973a565553a740c47c5f,evaluator_v2.3,1.0,3.3,0,SingleAgent-AllTools,0.0,0.0,0.0,EXT-MQ-031,memory_query,False,0
0.0,0.0,1.0,True,medium,8b7d4695f32523c96c79e649252f6f7b9f85eab9a7f6973a565553a740c47c5f,evaluator_v2.3,1.0,2.1,0,KAFarmTwin-TypedRepair,0.0,0.0,0.0,EXT-MQ-031,memory_query,False,0
0.0,0.0,1.0,True,medium,8b7d4695f32523c96c79e649252f6f7b9f85eab9a7f6973a565553a740c47c5f,evaluator_v2.3,1.0,2.2,0,KAFarmTwin-TypedRepair,0.0,0.0,0.0,EXT-MQ-035,memory_query,False,0
0.0,0.0,1.0,True,medium,8b7d4695f32523c96c79e649252f6f7b9f85eab9a7f6973a565553a740c47c5f,evaluator_v2.3,1.0,1.4,0,SingleAgent-AllTools,0.0,0.0,0.0,EXT-MQ-035,memory_query,False,0
0.0,0.0,1.0,False,hard,8b7d4695f32523c96c79e649252f6f7b9f85eab9a7f6973a565553a740c47c5f,evaluator_v2.3,1.0,0.1,0,SingleAgent-AllTools,1.0,0.0,1.0,EXT-RR-054,rule_repair,False,0
1.0,0.0002058,1.0,True,hard,8b7d4695f32523c96c79e649252f6f7b9f85eab9a7f6973a565553a740c47c5f,evaluator_v2.3,1.0,935.7,1,KAFarmTwin-TypedRepair,1.0,1.0,1.0,EXT-RR-054,rule_repair,False,1462
0.0,0.0011095,1.0,False,medium,8b7d4695f32523c96c79e649252f6f7b9f85eab9a7f6973a565553a740c47c5f,evaluator_v2.3,1.0,8596.8,5,KAFarmTwin-TypedRepair,0.9825,0.5333,1.0,EXT-SC-040,scene_construction,False,7035
0.0,0.00056084,1.0,False,medium,8b7d4695f32523c96c79e649252f6f7b9f85eab9a7f6973a565553a740c47c5f,evaluator_v2.3,1.0,7767.9,3,SingleAgent-AllTools,0.9825,0.5333,0.7,EXT-SC-040,scene_construction,False,3276
1.0,0.00018158,1.0,True,medium,8b7d4695f32523c96c79e649252f6f7b9f85eab9a7f6973a565553a740c47c5f,evaluator_v2.3,1.0,1631.4,1,SingleAgent-AllTools,1.0,1.0,0.0,EXT-DB-018,data_binding,False,1107
1.0,0.00040712,1.0,True,medium,8b7d4695f32523c96c79e649252f6f7b9f85eab9a7f6973a565553a740c47c5f,evaluator_v2.3,1.0,2027.1,2,KAFarmTwin-TypedRepair,1.0,1.0,1.0,EXT-DB-018,data_binding,False,2711
1.0,0.00017724,1.0,True,easy,8b7d4695f32523c96c79e649252f6f7b9f85eab9a7f6973a565553a740c47c5f,evaluator_v2.3,1.0,787.1,1,KAFarmTwin-TypedRepair,1.0,1.0,1.0,EXT-RR-008,rule_repair,False,1258
0.0,0.0,1.0,False,easy,8b7d4695f32523c96c79e649252f6f7b9f85eab9a7f6973a565553a740c47c5f,evaluator_v2.3,1.0,0.0,0,SingleAgent-AllTools,1.0,0.0,1.0,EXT-RR-008,rule_repair,False,0
0.0,0.0,1.0,True,easy,8b7d4695f32523c96c79e649252f6f7b9f85eab9a7f6973a565553a740c47c5f,evaluator_v2.3,1.0,1.7,0,SingleAgent-AllTools,0.0,0.0,0.5,EXT-MQ-009,memory_query,False,0
0.0,0.0,1.0,True,easy,8b7d4695f32523c96c79e649252f6f7b9f85eab9a7f6973a565553a740c47c5f,evaluator_v2.3,1.0,1.4,0,KAFarmTwin-TypedRepair,0.0,0.0,0.5,EXT-MQ-009,memory_query,False,0
0.0,0.0,1.0,True,medium,8b7d4695f32523c96c79e649252f6f7b9f85eab9a7f6973a565553a740c47c5f,evaluator_v2.3,1.0,2.4,0,KAFarmTwin-TypedRepair,0.0,0.0,0.0,EXT-MQ-040,memory_query,False,0
0.0,0.0,1.0,True,medium,8b7d4695f32523c96c79e649252f6f7b9f85eab9a7f6973a565553a740c47c5f,evaluator_v2.3,1.0,1.9,0,SingleAgent-AllTools,0.0,0.0,0.0,EXT-MQ-040,memory_query,False,0
1.0,0.00024654,1.0,True,hard,8b7d4695f32523c96c79e649252f6f7b9f85eab9a7f6973a565553a740c47c5f,evaluator_v2.3,1.0,2708.1,1,SingleAgent-AllTools,1.0,1.0,0.0,EXT-DB-058,data_binding,False,1392
1.0,0.00057134,1.0,True,hard,8b7d4695f32523c96c79e649252f6f7b9f85eab9a7f6973a565553a740c47c5f,evaluator_v2.3,1.0,4068.5,2,KAFarmTwin-TypedRepair,1.0,1.0,1.0,EXT-DB-058,data_binding,False,3705
1.0,0.00056784,1.0,True,hard,8b7d4695f32523c96c79e649252f6f7b9f85eab9a7f6973a565553a740c47c5f,evaluator_v2.3,1.0,5219.6,2,KAFarmTwin-TypedRepair,1.0,1.0,1.0,EXT-DB-046,data_binding,False,3684
1.0,0.00023016,1.0,True,hard,8b7d4695f32523c96c79e649252f6f7b9f85eab9a7f6973a565553a740c47c5f,evaluator_v2.3,1.0,2409.8,1,SingleAgent-AllTools,1.0,1.0,0.0,EXT-DB-046,data_binding,False,1331
1.0,0.00016156,1.0,True,easy,8b7d4695f32523c96c79e649252f6f7b9f85eab9a7f6973a565553a740c47c5f,evaluator_v2.3,1.0,1651.5,1,SingleAgent-AllTools,1.0,1.0,0.0,EXT-DB-011,data_binding,False,1017
1.0,0.00035924,1.0,True,easy,8b7d4695f32523c96c79e649252f6f7b9f85eab9a7f6973a565553a740c47c5f,evaluator_v2.3,1.0,2190.3,2,KAFarmTwin-TypedRepair,1.0,1.0,1.0,EXT-DB-011,data_binding,False,2422
0.0,0.00055692,1.0,True,medium,8b7d4695f32523c96c79e649252f6f7b9f85eab9a7f6973a565553a740c47c5f,evaluator_v2.3,1.0,6476.5,3,KAFarmTwin-TypedRepair,1.0,0.7692,1.0,EXT-SC-018,scene_construction,False,3253
0.0,0.00055132,1.0,False,medium,8b7d4695f32523c96c79e649252f6f7b9f85eab9a7f6973a565553a740c47c5f,evaluator_v2.3,1.0,6722.4,3,SingleAgent-AllTools,0.9811,0.6154,0.6667,EXT-SC-018,scene_construction,False,3240
0.0,0.0007559999999999999,1.0,False,hard,8b7d4695f32523c96c79e649252f6f7b9f85eab9a7f6973a565553a740c47c5f,evaluator_v2.3,1.0,9627.3,3,SingleAgent-AllTools,0.8,0.4444,0.7143,EXT-AR-056,asset_routing,False,4014
1.0,0.00042308,1.0,False,hard,8b7d4695f32523c96c79e649252f6f7b9f85eab9a7f6973a565553a740c47c5f,evaluator_v2.3,1.0,2882.3,2,KAFarmTwin-TypedRepair,0.3333,0.6,1.0,EXT-AR-056,asset_routing,False,2780
1.0,0.00020412,1.0,True,hard,8b7d4695f32523c96c79e649252f6f7b9f85eab9a7f6973a565553a740c47c5f,evaluator_v2.3,1.0,963.3,1,KAFarmTwin-TypedRepair,1.0,1.0,1.0,EXT-RR-055,rule_repair,False,1450
0.0,0.0,1.0,False,hard,8b7d4695f32523c96c79e649252f6f7b9f85eab9a7f6973a565553a740c47c5f,evaluator_v2.3,1.0,0.0,0,SingleAgent-AllTools,1.0,0.0,1.0,EXT-RR-055,rule_repair,False,0
0.0,0.0007116199999999999,1.0,False,hard,8b7d4695f32523c96c79e649252f6f7b9f85eab9a7f6973a565553a740c47c5f,evaluator_v2.3,1.0,8573.3,3,SingleAgent-AllTools,1.0,0.6667,0.7273,EXT-SC-058,scene_construction,False,3824
0.0,0.00085344,1.0,True,hard,8b7d4695f32523c96c79e649252f6f7b9f85eab9a7f6973a565553a740c47c5f,evaluator_v2.3,1.0,7726.2,4,KAFarmTwin-TypedRepair,1.0,0.6667,1.0,EXT-SC-058,scene_construction,False,5304
0.0,0.0,1.0,True,medium,8b7d4695f32523c96c79e649252f6f7b9f85eab9a7f6973a565553a740c47c5f,evaluator_v2.3,1.0,2.1,0,KAFarmTwin-TypedRepair,0.0,0.0,0.0,EXT-MQ-016,memory_query,False,0
0.0,0.0,1.0,True,medium,8b7d4695f32523c96c79e649252f6f7b9f85eab9a7f6973a565553a740c47c5f,evaluator_v2.3,1.0,1.9,0,SingleAgent-AllTools,0.0,0.0,0.0,EXT-MQ-016,memory_query,False,0
0.0,0.0,1.0,True,medium,8b7d4695f32523c96c79e649252f6f7b9f85eab9a7f6973a565553a740c47c5f,evaluator_v2.3,1.0,2.2,0,SingleAgent-AllTools,0.0,0.0,0.0,EXT-MQ-041,memory_query,False,0
0.0,0.0,1.0,True,medium,8b7d4695f32523c96c79e649252f6f7b9f85eab9a7f6973a565553a740c47c5f,evaluator_v2.3,1.0,1.5,0,KAFarmTwin-TypedRepair,0.0,0.0,0.0,EXT-MQ-041,memory_query,False,0
0.0,0.0,1.0,True,easy,8b7d4695f32523c96c79e649252f6f7b9f85eab9a7f6973a565553a740c47c5f,evaluator_v2.3,1.0,1.7,0,KAFarmTwin-TypedRepair,0.0,0.0,0.0,EXT-MQ-007,memory_query,False,0
0.0,0.0,1.0,True,easy,8b7d4695f32523c96c79e649252f6f7b9f85eab9a7f6973a565553a740c47c5f,evaluator_v2.3,1.0,1.5,0,SingleAgent-AllTools,0.0,0.0,0.0,EXT-MQ-007,memory_query,False,0
0.0,0.00062496,1.0,False,medium,8b7d4695f32523c96c79e649252f6f7b9f85eab9a7f6973a565553a740c47c5f,evaluator_v2.3,1.0,10784.2,3,SingleAgent-AllTools,0.1026,0.3333,0.7,EXT-AR-036,asset_routing,False,3501
1.0,0.00038486,1.0,False,medium,8b7d4695f32523c96c79e649252f6f7b9f85eab9a7f6973a565553a740c47c5f,evaluator_v2.3,1.0,2701.8,2,KAFarmTwin-TypedRepair,0.2222,0.75,1.0,EXT-AR-036,asset_routing,False,2529
1.0,0.0005751199999999999,1.0,True,hard,8b7d4695f32523c96c79e649252f6f7b9f85eab9a7f6973a565553a740c47c5f,evaluator_v2.3,1.0,3646.9,2,KAFarmTwin-TypedRepair,1.0,1.0,1.0,EXT-DB-049,data_binding,False,3712
1.0,0.0002688,1.0,True,hard,8b7d4695f32523c96c79e649252f6f7b9f85eab9a7f6973a565553a740c47c5f,evaluator_v2.3,1.0,2730.3,1,SingleAgent-AllTools,1.0,1.0,0.0,EXT-DB-049,data_binding,False,1471
0.0,0.0,1.0,True,easy,8b7d4695f32523c96c79e649252f6f7b9f85eab9a7f6973a565553a740c47c5f,evaluator_v2.3,1.0,2.0,0,SingleAgent-AllTools,0.0,0.0,0.0,EXT-MQ-005,memory_query,False,0
0.0,0.0,1.0,True,easy,8b7d4695f32523c96c79e649252f6f7b9f85eab9a7f6973a565553a740c47c5f,evaluator_v2.3,1.0,1.5,0,KAFarmTwin-TypedRepair,0.0,0.0,0.0,EXT-MQ-005,memory_query,False,0
1.0,0.00036735999999999995,1.0,True,easy,8b7d4695f32523c96c79e649252f6f7b9f85eab9a7f6973a565553a740c47c5f,evaluator_v2.3,1.0,2297.4,2,KAFarmTwin-TypedRepair,1.0,1.0,1.0,EXT-DB-001,data_binding,False,2457
1.0,0.00016884,1.0,True,easy,8b7d4695f32523c96c79e649252f6f7b9f85eab9a7f6973a565553a740c47c5f,evaluator_v2.3,1.0,1679.3,1,SingleAgent-AllTools,1.0,1.0,0.0,EXT-DB-001,data_binding,False,1046
0.0,0.0,1.0,True,easy,8b7d4695f32523c96c79e649252f6f7b9f85eab9a7f6973a565553a740c47c5f,evaluator_v2.3,1.0,1.7,0,SingleAgent-AllTools,0.0,0.0,0.5,EXT-MQ-003,memory_query,False,0
0.0,0.0,1.0,True,easy,8b7d4695f32523c96c79e649252f6f7b9f85eab9a7f6973a565553a740c47c5f,evaluator_v2.3,1.0,1.4,0,KAFarmTwin-TypedRepair,0.0,0.0,0.5,EXT-MQ-003,memory_query,False,0
1.0,0.00042546,1.0,False,hard,8b7d4695f32523c96c79e649252f6f7b9f85eab9a7f6973a565553a740c47c5f,evaluator_v2.3,1.0,2889.1,2,KAFarmTwin-TypedRepair,0.28,0.6,1.0,EXT-AR-051,asset_routing,False,2759
0.0,0.00044618,0.0,False,hard,8b7d4695f32523c96c79e649252f6f7b9f85eab9a7f6973a565553a740c47c5f,evaluator_v2.3,0.0,7454.2,1,SingleAgent-AllTools,0.0,0.0,0.0,EXT-AR-051,asset_routing,False,1987
0.0,0.0,1.0,False,easy,8b7d4695f32523c96c79e649252f6f7b9f85eab9a7f6973a565553a740c47c5f,evaluator_v2.3,1.0,0.0,0,SingleAgent-AllTools,1.0,0.0,1.0,EXT-RR-015,rule_repair,False,0
1.0,0.00017178,1.0,True,easy,8b7d4695f32523c96c79e649252f6f7b9f85eab9a7f6973a565553a740c47c5f,evaluator_v2.3,1.0,2316.6,1,KAFarmTwin-TypedRepair,1.0,1.0,1.0,EXT-RR-015,rule_repair,False,1219
0.0,0.0,1.0,True,easy,8b7d4695f32523c96c79e649252f6f7b9f85eab9a7f6973a565553a740c47c5f,evaluator_v2.3,1.0,1.7,0,KAFarmTwin-TypedRepair,0.0,0.0,0.5,EXT-MQ-015,memory_query,False,0
0.0,0.0,1.0,True,easy,8b7d4695f32523c96c79e649252f6f7b9f85eab9a7f6973a565553a740c47c5f,evaluator_v2.3,1.0,1.4,0,SingleAgent-AllTools,0.0,0.0,0.5,EXT-MQ-015,memory_query,False,0
0.0,0.00051926,1.0,False,easy,8b7d4695f32523c96c79e649252f6f7b9f85eab9a7f6973a565553a740c47c5f,evaluator_v2.3,1.0,5611.0,3,SingleAgent-AllTools,0.973,0.4444,0.875,EXT-AR-001,asset_routing,False,3086
1.0,0.00033964,1.0,False,easy,8b7d4695f32523c96c79e649252f6f7b9f85eab9a7f6973a565553a740c47c5f,evaluator_v2.3,1.0,2751.8,2,KAFarmTwin-TypedRepair,0.2778,1.0,1.0,EXT-AR-001,asset_routing,False,2266
0.0,0.0006279,1.0,True,medium,8b7d4695f32523c96c79e649252f6f7b9f85eab9a7f6973a565553a740c47c5f,evaluator_v2.3,1.0,13532.5,3,KAFarmTwin-TypedRepair,1.0,0.9091,1.0,EXT-SC-030,scene_construction,False,3502
0.0,0.0006054999999999999,1.0,True,medium,8b7d4695f32523c96c79e649252f6f7b9f85eab9a7f6973a565553a740c47c5f,evaluator_v2.3,1.0,8880.0,3,SingleAgent-AllTools,1.0,0.7692,0.625,EXT-SC-030,scene_construction,False,3422
0.0,0.0,1.0,False,medium,8b7d4695f32523c96c79e649252f6f7b9f85eab9a7f6973a565553a740c47c5f,evaluator_v2.3,1.0,0.0,0,SingleAgent-AllTools,1.0,0.0,1.0,EXT-RR-019,rule_repair,False,0
1.0,0.00018788,1.0,True,medium,8b7d4695f32523c96c79e649252f6f7b9f85eab9a7f6973a565553a740c47c5f,evaluator_v2.3,1.0,2456.0,1,KAFarmTwin-TypedRepair,1.0,1.0,1.0,EXT-RR-019,rule_repair,False,1334
1.0,0.00047039999999999994,1.0,True,medium,8b7d4695f32523c96c79e649252f6f7b9f85eab9a7f6973a565553a740c47c5f,evaluator_v2.3,1.0,3912.9,2,KAFarmTwin-TypedRepair,1.0,1.0,1.0,EXT-DB-041,data_binding,False,3051
1.0,0.00021784,1.0,True,medium,8b7d4695f32523c96c79e649252f6f7b9f85eab9a7f6973a565553a740c47c5f,evaluator_v2.3,1.0,2313.3,1,SingleAgent-AllTools,1.0,1.0,0.0,EXT-DB-041,data_binding,False,1254
1.0,0.00023254,1.0,True,hard,8b7d4695f32523c96c79e649252f6f7b9f85eab9a7f6973a565553a740c47c5f,evaluator_v2.3,1.0,1964.9,1,SingleAgent-AllTools,1.0,1.0,0.0,EXT-DB-047,data_binding,False,1342
1.0,0.00055594,1.0,True,hard,8b7d4695f32523c96c79e649252f6f7b9f85eab9a7f6973a565553a740c47c5f,evaluator_v2.3,1.0,2904.2,2,KAFarmTwin-TypedRepair,1.0,1.0,1.0,EXT-DB-047,data_binding,False,3651
0.0,0.0,1.0,True,hard,8b7d4695f32523c96c79e649252f6f7b9f85eab9a7f6973a565553a740c47c5f,evaluator_v2.3,1.0,1.5,0,KAFarmTwin-TypedRepair,0.0,0.0,0.0,EXT-MQ-058,memory_query,False,0
0.0,0.0,1.0,True,hard,8b7d4695f32523c96c79e649252f6f7b9f85eab9a7f6973a565553a740c47c5f,evaluator_v2.3,1.0,0.7,0,SingleAgent-AllTools,0.0,0.0,0.0,EXT-MQ-058,memory_query,False,0
1.0,0.0002184,1.0,True,medium,8b7d4695f32523c96c79e649252f6f7b9f85eab9a7f6973a565553a740c47c5f,evaluator_v2.3,1.0,1988.6,1,SingleAgent-AllTools,1.0,1.0,0.0,EXT-DB-033,data_binding,False,1257
1.0,0.00045863999999999996,1.0,True,medium,8b7d4695f32523c96c79e649252f6f7b9f85eab9a7f6973a565553a740c47c5f,evaluator_v2.3,1.0,2522.4,2,KAFarmTwin-TypedRepair,1.0,1.0,1.0,EXT-DB-033,data_binding,False,3010
1.0,0.00020552,1.0,True,hard,8b7d4695f32523c96c79e649252f6f7b9f85eab9a7f6973a565553a740c47c5f,evaluator_v2.3,1.0,853.0,1,KAFarmTwin-TypedRepair,1.0,1.0,1.0,EXT-RR-046,rule_repair,False,1460
0.0,0.0,1.0,False,hard,8b7d4695f32523c96c79e649252f6f7b9f85eab9a7f6973a565553a740c47c5f,evaluator_v2.3,1.0,0.0,0,SingleAgent-AllTools,1.0,0.0,1.0,EXT-RR-046,rule_repair,False,0
0.0,0.0,1.0,True,easy,8b7d4695f32523c96c79e649252f6f7b9f85eab9a7f6973a565553a740c47c5f,evaluator_v2.3,1.0,1.4,0,SingleAgent-AllTools,0.0,0.0,0.5,EXT-MQ-006,memory_query,False,0
0.0,0.0,1.0,True,easy,8b7d4695f32523c96c79e649252f6f7b9f85eab9a7f6973a565553a740c47c5f,evaluator_v2.3,1.0,1.2,0,KAFarmTwin-TypedRepair,0.0,0.0,0.5,EXT-MQ-006,memory_query,False,0
0.0,0.0,1.0,True,hard,8b7d4695f32523c96c79e649252f6f7b9f85eab9a7f6973a565553a740c47c5f,evaluator_v2.3,1.0,2.6,0,KAFarmTwin-TypedRepair,0.0,0.0,0.0,EXT-MQ-056,memory_query,False,0
0.0,0.0,1.0,True,hard,8b7d4695f32523c96c79e649252f6f7b9f85eab9a7f6973a565553a740c47c5f,evaluator_v2.3,1.0,2.3,0,SingleAgent-AllTools,0.0,0.0,0.0,EXT-MQ-056,memory_query,False,0
0.0,0.00041173999999999996,1.0,True,easy,8b7d4695f32523c96c79e649252f6f7b9f85eab9a7f6973a565553a740c47c5f,evaluator_v2.3,1.0,5924.3,3,SingleAgent-AllTools,1.0,1.0,0.8,EXT-SC-004,scene_construction,False,2664
0.0,0.00040389999999999995,1.0,True,easy,8b7d4695f32523c96c79e649252f6f7b9f85eab9a7f6973a565553a740c47c5f,evaluator_v2.3,1.0,5717.6,3,KAFarmTwin-TypedRepair,1.0,1.0,1.0,EXT-SC-004,scene_construction,False,2634
1.0,0.00038387999999999996,1.0,False,medium,8b7d4695f32523c96c79e649252f6f7b9f85eab9a7f6973a565553a740c47c5f,evaluator_v2.3,1.0,2807.4,2,KAFarmTwin-TypedRepair,0.1481,0.75,1.0,EXT-AR-018,asset_routing,False,2523
0.0,0.0007084000000000001,1.0,False,medium,8b7d4695f32523c96c79e649252f6f7b9f85eab9a7f6973a565553a740c47c5f,evaluator_v2.3,1.0,9522.5,3,SingleAgent-AllTools,0.0702,0.5,0.7,EXT-AR-018,asset_routing,False,3813
0.0,0.0004858,1.0,False,medium,8b7d4695f32523c96c79e649252f6f7b9f85eab9a7f6973a565553a740c47c5f,evaluator_v2.3,1.0,5982.5,3,SingleAgent-AllTools,1.0,0.7273,0.625,EXT-SC-024,scene_construction,False,2990
0.0,0.00049756,1.0,False,medium,8b7d4695f32523c96c79e649252f6f7b9f85eab9a7f6973a565553a740c47c5f,evaluator_v2.3,1.0,5390.0,3,KAFarmTwin-TypedRepair,1.0,0.7273,1.0,EXT-SC-024,scene_construction,False,3035
0.0,0.0,1.0,True,medium,8b7d4695f32523c96c79e649252f6f7b9f85eab9a7f6973a565553a740c47c5f,evaluator_v2.3,1.0,1.2,0,KAFarmTwin-TypedRepair,0.0,0.0,0.0,EXT-MQ-038,memory_query,False,0
0.0,0.0,1.0,True,medium,8b7d4695f32523c96c79e649252f6f7b9f85eab9a7f6973a565553a740c47c5f,evaluator_v2.3,1.0,0.9,0,SingleAgent-AllTools,0.0,0.0,0.0,EXT-MQ-038,memory_query,False,0
0.0,0.0007362600000000001,1.0,False,medium,8b7d4695f32523c96c79e649252f6f7b9f85eab9a7f6973a565553a740c47c5f,evaluator_v2.3,1.0,11086.2,3,SingleAgent-AllTools,0.1111,0.4,0.6923,EXT-AR-042,asset_routing,False,3921
1.0,0.0003857,1.0,False,medium,8b7d4695f32523c96c79e649252f6f7b9f85eab9a7f6973a565553a740c47c5f,evaluator_v2.3,1.0,2406.6,2,KAFarmTwin-TypedRepair,0.2667,0.75,1.0,EXT-AR-042,asset_routing,False,2532
0.0,0.00053088,1.0,False,medium,8b7d4695f32523c96c79e649252f6f7b9f85eab9a7f6973a565553a740c47c5f,evaluator_v2.3,1.0,7395.5,3,KAFarmTwin-TypedRepair,0.9877,0.7273,1.0,EXT-SC-041,scene_construction,False,3161
0.0,0.00050932,1.0,False,medium,8b7d4695f32523c96c79e649252f6f7b9f85eab9a7f6973a565553a740c47c5f,evaluator_v2.3,1.0,5660.8,3,SingleAgent-AllTools,0.9877,0.7273,0.625,EXT-SC-041,scene_construction,False,3077
0.0,0.0005838,1.0,True,medium,8b7d4695f32523c96c79e649252f6f7b9f85eab9a7f6973a565553a740c47c5f,evaluator_v2.3,1.0,13037.3,3,SingleAgent-AllTools,1.0,0.6667,0.6667,EXT-SC-043,scene_construction,False,3354
0.0,0.00050848,1.0,False,medium,8b7d4695f32523c96c79e649252f6f7b9f85eab9a7f6973a565553a740c47c5f,evaluator_v2.3,1.0,5153.9,3,KAFarmTwin-TypedRepair,0.9867,0.7273,1.0,EXT-SC-043,scene_construction,False,3065
0.0,0.00060424,1.0,False,easy,8b7d4695f32523c96c79e649252f6f7b9f85eab9a7f6973a565553a740c47c5f,evaluator_v2.3,1.0,10397.3,3,KAFarmTwin-TypedRepair,0.9565,0.6667,1.0,EXT-SC-006,scene_construction,False,3412
0.0,0.00048187999999999996,1.0,True,easy,8b7d4695f32523c96c79e649252f6f7b9f85eab9a7f6973a565553a740c47c5f,evaluator_v2.3,1.0,4667.7,3,SingleAgent-AllTools,1.0,0.8889,0.6667,EXT-SC-006,scene_construction,False,2968
0.0,0.0,1.0,False,medium,8b7d4695f32523c96c79e649252f6f7b9f85eab9a7f6973a565553a740c47c5f,evaluator_v2.3,1.0,0.0,0,SingleAgent-AllTools,1.0,0.0,1.0,EXT-RR-025,rule_repair,False,0
1.0,0.00018788,1.0,True,medium,8b7d4695f32523c96c79e649252f6f7b9f85eab9a7f6973a565553a740c47c5f,evaluator_v2.3,1.0,865.5,1,KAFarmTwin-TypedRepair,1.0,1.0,1.0,EXT-RR-025,rule_repair,False,1334
1.0,0.00055958,1.0,True,hard,8b7d4695f32523c96c79e649252f6f7b9f85eab9a7f6973a565553a740c47c5f,evaluator_v2.3,1.0,3035.5,2,KAFarmTwin-TypedRepair,1.0,1.0,1.0,EXT-DB-055,data_binding,False,3674
1.0,0.0002485,1.0,True,hard,8b7d4695f32523c96c79e649252f6f7b9f85eab9a7f6973a565553a740c47c5f,evaluator_v2.3,1.0,2310.5,1,SingleAgent-AllTools,1.0,1.0,0.0,EXT-DB-055,data_binding,False,1401
0.0,0.0,1.0,True,hard,8b7d4695f32523c96c79e649252f6f7b9f85eab9a7f6973a565553a740c47c5f,evaluator_v2.3,1.0,2.6,0,SingleAgent-AllTools,0.0,0.0,0.0,EXT-MQ-052,memory_query,False,0
0.0,0.0,1.0,True,hard,8b7d4695f32523c96c79e649252f6f7b9f85eab9a7f6973a565553a740c47c5f,evaluator_v2.3,1.0,1.9,0,KAFarmTwin-TypedRepair,0.0,0.0,0.0,EXT-MQ-052,memory_query,False,0
1.0,0.00019292,1.0,True,medium,8b7d4695f32523c96c79e649252f6f7b9f85eab9a7f6973a565553a740c47c5f,evaluator_v2.3,1.0,1424.8,1,KAFarmTwin-TypedRepair,1.0,1.0,1.0,EXT-RR-036,rule_repair,False,1370
0.0,0.0,1.0,False,medium,8b7d4695f32523c96c79e649252f6f7b9f85eab9a7f6973a565553a740c47c5f,evaluator_v2.3,1.0,0.0,0,SingleAgent-AllTools,1.0,0.0,1.0,EXT-RR-036,rule_repair,False,0
0.0,0.00077,1.0,False,easy,8b7d4695f32523c96c79e649252f6f7b9f85eab9a7f6973a565553a740c47c5f,evaluator_v2.3,1.0,10518.2,3,SingleAgent-AllTools,0.0625,0.2667,0.7857,EXT-AR-004,asset_routing,False,4034
1.0,0.00033810000000000003,1.0,False,easy,8b7d4695f32523c96c79e649252f6f7b9f85eab9a7f6973a565553a740c47c5f,evaluator_v2.3,1.0,3928.7,2,KAFarmTwin-TypedRepair,0.2667,1.0,1.0,EXT-AR-004,asset_routing,False,2263
1.0,0.00020566,1.0,True,hard,8b7d4695f32523c96c79e649252f6f7b9f85eab9a7f6973a565553a740c47c5f,evaluator_v2.3,1.0,1831.5,1,KAFarmTwin-TypedRepair,1.0,1.0,1.0,EXT-RR-050,rule_repair,False,1461
0.0,0.0,1.0,False,hard,8b7d4695f32523c96c79e649252f6f7b9f85eab9a7f6973a565553a740c47c5f,evaluator_v2.3,1.0,0.0,0,SingleAgent-AllTools,1.0,0.0,1.0,EXT-RR-050,rule_repair,False,0
0.0,0.0008225,1.0,False,medium,8b7d4695f32523c96c79e649252f6f7b9f85eab9a7f6973a565553a740c47c5f,evaluator_v2.3,1.0,11377.2,3,SingleAgent-AllTools,0.0909,0.4211,0.6429,EXT-AR-043,asset_routing,False,4256
1.0,0.00038135999999999997,1.0,False,medium,8b7d4695f32523c96c79e649252f6f7b9f85eab9a7f6973a565553a740c47c5f,evaluator_v2.3,1.0,2759.5,2,KAFarmTwin-TypedRepair,0.2632,0.75,1.0,EXT-AR-043,asset_routing,False,2540
0.0,0.0,1.0,True,easy,8b7d4695f32523c96c79e649252f6f7b9f85eab9a7f6973a565553a740c47c5f,evaluator_v2.3,1.0,1.7,0,KAFarmTwin-TypedRepair,0.0,0.0,0.0,EXT-MQ-014,memory_query,False,0
0.0,0.0,1.0,True,easy,8b7d4695f32523c96c79e649252f6f7b9f85eab9a7f6973a565553a740c47c5f,evaluator_v2.3,1.0,1.4,0,SingleAgent-AllTools,0.0,0.0,0.0,EXT-MQ-014,memory_query,False,0
0.0,0.00080724,1.0,False,medium,8b7d4695f32523c96c79e649252f6f7b9f85eab9a7f6973a565553a740c47c5f,evaluator_v2.3,1.0,12001.0,3,SingleAgent-AllTools,0.8857,0.25,0.7143,EXT-AR-026,asset_routing,False,4209
1.0,0.00038276,1.0,False,medium,8b7d4695f32523c96c79e649252f6f7b9f85eab9a7f6973a565553a740c47c5f,evaluator_v2.3,1.0,2232.5,2,KAFarmTwin-TypedRepair,0.1875,0.75,1.0,EXT-AR-026,asset_routing,False,2549
1.0,0.0004466,1.0,True,medium,8b7d4695f32523c96c79e649252f6f7b9f85eab9a7f6973a565553a740c47c5f,evaluator_v2.3,1.0,2415.8,2,KAFarmTwin-TypedRepair,1.0,1.0,1.0,EXT-DB-039,data_binding,False,2973
1.0,0.00020188,1.0,True,medium,8b7d4695f32523c96c79e649252f6f7b9f85eab9a7f6973a565553a740c47c5f,evaluator_v2.3,1.0,3192.5,1,SingleAgent-AllTools,1.0,1.0,0.0,EXT-DB-039,data_binding,False,1198
0.0,0.00058128,1.0,False,hard,8b7d4695f32523c96c79e649252f6f7b9f85eab9a7f6973a565553a740c47c5f,evaluator_v2.3,1.0,6790.2,3,SingleAgent-AllTools,0.9897,0.4706,0.7,EXT-SC-052,scene_construction,False,3352
0.0,0.00050344,1.0,True,hard,8b7d4695f32523c96c79e649252f6f7b9f85eab9a7f6973a565553a740c47c5f,evaluator_v2.3,1.0,6111.3,3,KAFarmTwin-TypedRepair,1.0,1.0,1.0,EXT-SC-052,scene_construction,False,3052
0.0,0.0005635,1.0,False,medium,8b7d4695f32523c96c79e649252f6f7b9f85eab9a7f6973a565553a740c47c5f,evaluator_v2.3,1.0,10521.7,3,KAFarmTwin-TypedRepair,1.0,0.6667,1.0,EXT-SC-025,scene_construction,False,3288
0.0,0.00061502,1.0,False,medium,8b7d4695f32523c96c79e649252f6f7b9f85eab9a7f6973a565553a740c47c5f,evaluator_v2.3,1.0,10142.4,3,SingleAgent-AllTools,1.0,0.6667,0.6667,EXT-SC-025,scene_construction,False,3472
0.0,0.0,1.0,True,hard,8b7d4695f32523c96c79e649252f6f7b9f85eab9a7f6973a565553a740c47c5f,evaluator_v2.3,1.0,2.6,0,SingleAgent-AllTools,0.0,0.0,0.0,EXT-MQ-050,memory_query,False,0
0.0,0.0,1.0,True,hard,8b7d4695f32523c96c79e649252f6f7b9f85eab9a7f6973a565553a740c47c5f,evaluator_v2.3,1.0,2.1,0,KAFarmTwin-TypedRepair,0.0,0.0,0.0,EXT-MQ-050,memory_query,False,0
0.6667,0.0005012,1.0,True,hard,8b7d4695f32523c96c79e649252f6f7b9f85eab9a7f6973a565553a740c47c5f,evaluator_v2.3,1.0,4170.1,2,KAFarmTwin-TypedRepair,0.9545,0.8333,1.0,EXT-AR-050,asset_routing,False,3298
0.0,0.00044674,0.0,False,hard,8b7d4695f32523c96c79e649252f6f7b9f85eab9a7f6973a565553a740c47c5f,evaluator_v2.3,0.0,7083.5,1,SingleAgent-AllTools,0.0,0.0,0.0,EXT-AR-050,asset_routing,False,1991
1.0,0.00021756,1.0,True,medium,8b7d4695f32523c96c79e649252f6f7b9f85eab9a7f6973a565553a740c47c5f,evaluator_v2.3,1.0,2414.6,1,SingleAgent-AllTools,1.0,1.0,0.0,EXT-DB-029,data_binding,False,1253
1.0,0.00046928,1.0,True,medium,8b7d4695f32523c96c79e649252f6f7b9f85eab9a7f6973a565553a740c47c5f,evaluator_v2.3,1.0,2719.6,2,KAFarmTwin-TypedRepair,1.0,1.0,1.0,EXT-DB-029,data_binding,False,3044
0.0,0.0,1.0,True,easy,8b7d4695f32523c96c79e649252f6f7b9f85eab9a7f6973a565553a740c47c5f,evaluator_v2.3,1.0,1.9,0,KAFarmTwin-TypedRepair,0.0,0.0,0.0,EXT-MQ-011,memory_query,False,0
0.0,0.0,1.0,True,easy,8b7d4695f32523c96c79e649252f6f7b9f85eab9a7f6973a565553a740c47c5f,evaluator_v2.3,1.0,1.4,0,SingleAgent-AllTools,0.0,0.0,0.0,EXT-MQ-011,memory_query,False,0
0.0,0.00064288,1.0,True,medium,8b7d4695f32523c96c79e649252f6f7b9f85eab9a7f6973a565553a740c47c5f,evaluator_v2.3,1.0,16580.8,3,SingleAgent-AllTools,1.0,0.7143,0.7273,EXT-SC-037,scene_construction,False,3599
0.0,0.00056896,1.0,False,medium,8b7d4695f32523c96c79e649252f6f7b9f85eab9a7f6973a565553a740c47c5f,evaluator_v2.3,1.0,8606.5,3,KAFarmTwin-TypedRepair,0.9855,0.5333,1.0,EXT-SC-037,scene_construction,False,3311
1.0,0.0001876,1.0,True,medium,8b7d4695f32523c96c79e649252f6f7b9f85eab9a7f6973a565553a740c47c5f,evaluator_v2.3,1.0,1531.5,1,KAFarmTwin-TypedRepair,1.0,1.0,1.0,EXT-RR-043,rule_repair,False,1332
0.0,0.0,1.0,False,medium,8b7d4695f32523c96c79e649252f6f7b9f85eab9a7f6973a565553a740c47c5f,evaluator_v2.3,1.0,0.0,0,SingleAgent-AllTools,1.0,0.0,1.0,EXT-RR-043,rule_repair,False,0
0.0,0.0,1.0,True,medium,8b7d4695f32523c96c79e649252f6f7b9f85eab9a7f6973a565553a740c47c5f,evaluator_v2.3,1.0,2.3,0,SingleAgent-AllTools,0.0,0.0,0.0,EXT-MQ-017,memory_query,False,0
0.0,0.0,1.0,True,medium,8b7d4695f32523c96c79e649252f6f7b9f85eab9a7f6973a565553a740c47c5f,evaluator_v2.3,1.0,1.9,0,KAFarmTwin-TypedRepair,0.0,0.0,0.0,EXT-MQ-017,memory_query,False,0
0.0,0.00046760000000000004,1.0,True,easy,8b7d4695f32523c96c79e649252f6f7b9f85eab9a7f6973a565553a740c47c5f,evaluator_v2.3,1.0,4811.8,3,KAFarmTwin-TypedRepair,1.0,1.0,1.0,EXT-SC-014,scene_construction,False,2923
0.0,0.0004648,1.0,True,easy,8b7d4695f32523c96c79e649252f6f7b9f85eab9a7f6973a565553a740c47c5f,evaluator_v2.3,1.0,5317.8,3,SingleAgent-AllTools,1.0,0.8889,0.6667,EXT-SC-014,scene_construction,False,2907
0.0,0.0006836199999999999,1.0,False,easy,8b7d4695f32523c96c79e649252f6f7b9f85eab9a7f6973a565553a740c47c5f,evaluator_v2.3,1.0,7668.4,3,SingleAgent-AllTools,1.0,0.6667,0.7143,EXT-SC-013,scene_construction,False,3702
0.0,0.00091252,1.0,True,easy,8b7d4695f32523c96c79e649252f6f7b9f85eab9a7f6973a565553a740c47c5f,evaluator_v2.3,1.0,10005.8,4,KAFarmTwin-TypedRepair,1.0,0.8,1.0,EXT-SC-013,scene_construction,False,5461
1.0,0.00017668,1.0,True,easy,8b7d4695f32523c96c79e649252f6f7b9f85eab9a7f6973a565553a740c47c5f,evaluator_v2.3,1.0,843.3,1,KAFarmTwin-TypedRepair,1.0,1.0,1.0,EXT-RR-012,rule_repair,False,1254
0.0,0.0,1.0,False,easy,8b7d4695f32523c96c79e649252f6f7b9f85eab9a7f6973a565553a740c47c5f,evaluator_v2.3,1.0,0.0,0,SingleAgent-AllTools,1.0,0.0,1.0,EXT-RR-012,rule_repair,False,0
1.0,0.00016702,1.0,True,easy,8b7d4695f32523c96c79e649252f6f7b9f85eab9a7f6973a565553a740c47c5f,evaluator_v2.3,1.0,2417.0,1,SingleAgent-AllTools,1.0,1.0,0.0,EXT-DB-012,data_binding,False,1035
1.0,0.00036470000000000003,1.0,True,easy,8b7d4695f32523c96c79e649252f6f7b9f85eab9a7f6973a565553a740c47c5f,evaluator_v2.3,1.0,2687.0,2,KAFarmTwin-TypedRepair,1.0,1.0,1.0,EXT-DB-012,data_binding,False,2440
1.0,0.00019334,1.0,True,medium,8b7d4695f32523c96c79e649252f6f7b9f85eab9a7f6973a565553a740c47c5f,evaluator_v2.3,1.0,916.1,1,KAFarmTwin-TypedRepair,1.0,1.0,1.0,EXT-RR-044,rule_repair,False,1373
0.0,0.0,1.0,False,medium,8b7d4695f32523c96c79e649252f6f7b9f85eab9a7f6973a565553a740c47c5f,evaluator_v2.3,1.0,0.0,0,SingleAgent-AllTools,1.0,0.0,1.0,EXT-RR-044,rule_repair,False,0
1.0,0.0001701,1.0,True,easy,8b7d4695f32523c96c79e649252f6f7b9f85eab9a7f6973a565553a740c47c5f,evaluator_v2.3,1.0,1734.2,1,SingleAgent-AllTools,1.0,1.0,0.0,EXT-DB-004,data_binding,False,1050
1.0,0.00037029999999999995,1.0,True,easy,8b7d4695f32523c96c79e649252f6f7b9f85eab9a7f6973a565553a740c47c5f,evaluator_v2.3,1.0,2456.8,2,KAFarmTwin-TypedRepair,1.0,1.0,1.0,EXT-DB-004,data_binding,False,2473
0.0,0.0008556799999999999,1.0,True,hard,8b7d4695f32523c96c79e649252f6f7b9f85eab9a7f6973a565553a740c47c5f,evaluator_v2.3,1.0,7876.6,4,KAFarmTwin-TypedRepair,1.0,0.6,1.0,EXT-SC-047,scene_construction,False,5310
0.0,0.00064344,1.0,True,hard,8b7d4695f32523c96c79e649252f6f7b9f85eab9a7f6973a565553a740c47c5f,evaluator_v2.3,1.0,8106.8,3,SingleAgent-AllTools,1.0,0.6,0.75,EXT-SC-047,scene_construction,False,3611
0.0,0.0,1.0,False,easy,8b7d4695f32523c96c79e649252f6f7b9f85eab9a7f6973a565553a740c47c5f,evaluator_v2.3,1.0,0.0,0,SingleAgent-AllTools,1.0,0.0,1.0,EXT-RR-005,rule_repair,False,0
1.0,0.00017178,1.0,True,easy,8b7d4695f32523c96c79e649252f6f7b9f85eab9a7f6973a565553a740c47c5f,evaluator_v2.3,1.0,979.0,1,KAFarmTwin-TypedRepair,1.0,1.0,1.0,EXT-RR-005,rule_repair,False,1219
1.0,0.0004256,1.0,False,hard,8b7d4695f32523c96c79e649252f6f7b9f85eab9a7f6973a565553a740c47c5f,evaluator_v2.3,1.0,2356.0,2,KAFarmTwin-TypedRepair,0.25,0.6,1.0,EXT-AR-046,asset_routing,False,2795
0.0,0.0004466,0.0,False,hard,8b7d4695f32523c96c79e649252f6f7b9f85eab9a7f6973a565553a740c47c5f,evaluator_v2.3,0.0,8454.6,1,SingleAgent-AllTools,0.0,0.0,0.0,EXT-AR-046,asset_routing,False,1990
0.0,0.00044632,0.0,False,hard,8b7d4695f32523c96c79e649252f6f7b9f85eab9a7f6973a565553a740c47c5f,evaluator_v2.3,0.0,6319.3,1,SingleAgent-AllTools,0.0,0.0,0.0,EXT-AR-057,asset_routing,False,1988
1.0,0.00042476000000000005,1.0,False,hard,8b7d4695f32523c96c79e649252f6f7b9f85eab9a7f6973a565553a740c47c5f,evaluator_v2.3,1.0,3965.8,2,KAFarmTwin-TypedRepair,0.3182,0.6,1.0,EXT-AR-057,asset_routing,False,2787
1.0,0.00033838,1.0,True,easy,8b7d4695f32523c96c79e649252f6f7b9f85eab9a7f6973a565553a740c47c5f,evaluator_v2.3,1.0,3181.1,2,KAFarmTwin-TypedRepair,1.0,1.0,1.0,EXT-AR-015,asset_routing,False,2293
0.0,0.00078092,1.0,False,easy,8b7d4695f32523c96c79e649252f6f7b9f85eab9a7f6973a565553a740c47c5f,evaluator_v2.3,1.0,11485.0,3,SingleAgent-AllTools,0.0816,0.1333,0.6429,EXT-AR-015,asset_routing,False,4065
0.0,0.0,1.0,False,medium,8b7d4695f32523c96c79e649252f6f7b9f85eab9a7f6973a565553a740c47c5f,evaluator_v2.3,1.0,0.0,0,SingleAgent-AllTools,1.0,0.0,1.0,EXT-RR-018,rule_repair,False,0
1.0,0.00018984,1.0,True,medium,8b7d4695f32523c96c79e649252f6f7b9f85eab9a7f6973a565553a740c47c5f,evaluator_v2.3,1.0,601.2,1,KAFarmTwin-TypedRepair,1.0,1.0,1.0,EXT-RR-018,rule_repair,False,1348
0.0,0.0,1.0,True,medium,8b7d4695f32523c96c79e649252f6f7b9f85eab9a7f6973a565553a740c47c5f,evaluator_v2.3,1.0,2.0,0,KAFarmTwin-TypedRepair,0.0,0.0,0.0,EXT-MQ-030,memory_query,False,0
0.0,0.0,1.0,True,medium,8b7d4695f32523c96c79e649252f6f7b9f85eab9a7f6973a565553a740c47c5f,evaluator_v2.3,1.0,1.6,0,SingleAgent-AllTools,0.0,0.0,0.0,EXT-MQ-030,memory_query,False,0
0.0,0.0,1.0,True,medium,8b7d4695f32523c96c79e649252f6f7b9f85eab9a7f6973a565553a740c47c5f,evaluator_v2.3,1.0,2.0,0,SingleAgent-AllTools,0.0,0.0,0.0,EXT-MQ-022,memory_query,False,0
0.0,0.0,1.0,True,medium,8b7d4695f32523c96c79e649252f6f7b9f85eab9a7f6973a565553a740c47c5f,evaluator_v2.3,1.0,1.4,0,KAFarmTwin-TypedRepair,0.0,0.0,0.0,EXT-MQ-022,memory_query,False,0
1.0,0.00020356,1.0,True,hard,8b7d4695f32523c96c79e649252f6f7b9f85eab9a7f6973a565553a740c47c5f,evaluator_v2.3,1.0,588.3,1,KAFarmTwin-TypedRepair,1.0,1.0,1.0,EXT-RR-053,rule_repair,False,1446
0.0,0.0,1.0,False,hard,8b7d4695f32523c96c79e649252f6f7b9f85eab9a7f6973a565553a740c47c5f,evaluator_v2.3,1.0,0.0,0,SingleAgent-AllTools,1.0,0.0,1.0,EXT-RR-053,rule_repair,False,0
0.0,0.0007726600000000001,1.0,False,medium,8b7d4695f32523c96c79e649252f6f7b9f85eab9a7f6973a565553a740c47c5f,evaluator_v2.3,1.0,10767.2,3,SingleAgent-AllTools,0.0714,0.3529,0.6,EXT-AR-024,asset_routing,False,4081
1.0,0.00038696,1.0,False,medium,8b7d4695f32523c96c79e649252f6f7b9f85eab9a7f6973a565553a740c47c5f,evaluator_v2.3,1.0,2791.6,2,KAFarmTwin-TypedRepair,0.1667,0.75,1.0,EXT-AR-024,asset_routing,False,2542
0.0,0.0,1.0,True,medium,8b7d4695f32523c96c79e649252f6f7b9f85eab9a7f6973a565553a740c47c5f,evaluator_v2.3,1.0,1.9,0,KAFarmTwin-TypedRepair,0.0,0.0,0.0,EXT-MQ-034,memory_query,False,0
0.0,0.0,1.0,True,medium,8b7d4695f32523c96c79e649252f6f7b9f85eab9a7f6973a565553a740c47c5f,evaluator_v2.3,1.0,1.5,0,SingleAgent-AllTools,0.0,0.0,0.0,EXT-MQ-034,memory_query,False,0
0.0,0.00081396,1.0,False,hard,8b7d4695f32523c96c79e649252f6f7b9f85eab9a7f6973a565553a740c47c5f,evaluator_v2.3,1.0,10460.1,3,SingleAgent-AllTools,0.2439,0.2353,0.6429,EXT-AR-049,asset_routing,False,4242
1.0,0.00042938000000000004,1.0,False,hard,8b7d4695f32523c96c79e649252f6f7b9f85eab9a7f6973a565553a740c47c5f,evaluator_v2.3,1.0,2818.4,2,KAFarmTwin-TypedRepair,0.8824,0.6,1.0,EXT-AR-049,asset_routing,False,2813
0.0,0.00063154,1.0,False,medium,8b7d4695f32523c96c79e649252f6f7b9f85eab9a7f6973a565553a740c47c5f,evaluator_v2.3,1.0,8965.6,3,KAFarmTwin-TypedRepair,0.9841,0.5333,1.0,EXT-SC-016,scene_construction,False,3526
0.0,0.00050946,1.0,True,medium,8b7d4695f32523c96c79e649252f6f7b9f85eab9a7f6973a565553a740c47c5f,evaluator_v2.3,1.0,5192.2,3,SingleAgent-AllTools,1.0,0.7143,0.6667,EXT-SC-016,scene_construction,False,3072
1.0,0.00018172,1.0,True,medium,8b7d4695f32523c96c79e649252f6f7b9f85eab9a7f6973a565553a740c47c5f,evaluator_v2.3,1.0,1976.1,1,SingleAgent-AllTools,1.0,1.0,0.0,EXT-DB-020,data_binding,False,1104
1.0,0.00041482,1.0,True,medium,8b7d4695f32523c96c79e649252f6f7b9f85eab9a7f6973a565553a740c47c5f,evaluator_v2.3,1.0,4206.4,2,KAFarmTwin-TypedRepair,1.0,1.0,1.0,EXT-DB-020,data_binding,False,2729
1.0,0.0003857,1.0,False,medium,8b7d4695f32523c96c79e649252f6f7b9f85eab9a7f6973a565553a740c47c5f,evaluator_v2.3,1.0,2902.3,2,KAFarmTwin-TypedRepair,0.9714,0.75,1.0,EXT-AR-020,asset_routing,False,2565
0.0,0.0012145,1.0,False,medium,8b7d4695f32523c96c79e649252f6f7b9f85eab9a7f6973a565553a740c47c5f,evaluator_v2.3,1.0,16059.8,3,SingleAgent-AllTools,0.0449,0.1429,0.6538,EXT-AR-020,asset_routing,False,5763
0.0,0.0,1.0,False,easy,8b7d4695f32523c96c79e649252f6f7b9f85eab9a7f6973a565553a740c47c5f,evaluator_v2.3,1.0,0.0,0,SingleAgent-AllTools,1.0,0.0,1.0,EXT-RR-010,rule_repair,False,0
1.0,0.00017304,1.0,True,easy,8b7d4695f32523c96c79e649252f6f7b9f85eab9a7f6973a565553a740c47c5f,evaluator_v2.3,1.0,717.9,1,KAFarmTwin-TypedRepair,1.0,1.0,1.0,EXT-RR-010,rule_repair,False,1228
1.0,0.00017304,1.0,True,easy,8b7d4695f32523c96c79e649252f6f7b9f85eab9a7f6973a565553a740c47c5f,evaluator_v2.3,1.0,665.7,1,KAFarmTwin-TypedRepair,1.0,1.0,1.0,EXT-RR-006,rule_repair,False,1228
0.0,0.0,1.0,False,easy,8b7d4695f32523c96c79e649252f6f7b9f85eab9a7f6973a565553a740c47c5f,evaluator_v2.3,1.0,0.0,0,SingleAgent-AllTools,1.0,0.0,1.0,EXT-RR-006,rule_repair,False,0
0.0,0.00044324,1.0,False,easy,8b7d4695f32523c96c79e649252f6f7b9f85eab9a7f6973a565553a740c47c5f,evaluator_v2.3,0.0,7663.4,1,SingleAgent-AllTools,0.0,0.0,0.0,EXT-AR-010,asset_routing,False,1966
1.0,0.00033964,1.0,True,easy,8b7d4695f32523c96c79e649252f6f7b9f85eab9a7f6973a565553a740c47c5f,evaluator_v2.3,1.0,1997.5,2,KAFarmTwin-TypedRepair,1.0,1.0,1.0,EXT-AR-010,asset_routing,False,2298
0.0,0.00047614,1.0,True,easy,8b7d4695f32523c96c79e649252f6f7b9f85eab9a7f6973a565553a740c47c5f,evaluator_v2.3,1.0,5553.8,3,KAFarmTwin-TypedRepair,1.0,1.0,1.0,EXT-SC-012,scene_construction,False,2949
0.0,0.00051814,1.0,False,easy,8b7d4695f32523c96c79e649252f6f7b9f85eab9a7f6973a565553a740c47c5f,evaluator_v2.3,1.0,8207.0,3,SingleAgent-AllTools,1.0,1.0,0.6667,EXT-SC-012,scene_construction,False,3099
0.0,0.0,1.0,False,medium,8b7d4695f32523c96c79e649252f6f7b9f85eab9a7f6973a565553a740c47c5f,evaluator_v2.3,1.0,0.0,0,SingleAgent-AllTools,1.0,0.0,1.0,EXT-RR-032,rule_repair,False,0
1.0,0.0001932,1.0,True,medium,8b7d4695f32523c96c79e649252f6f7b9f85eab9a7f6973a565553a740c47c5f,evaluator_v2.3,1.0,823.5,1,KAFarmTwin-TypedRepair,1.0,1.0,1.0,EXT-RR-032,rule_repair,False,1372
0.0,0.0007683200000000001,1.0,True,hard,8b7d4695f32523c96c79e649252f6f7b9f85eab9a7f6973a565553a740c47c5f,evaluator_v2.3,1.0,8015.5,4,KAFarmTwin-TypedRepair,1.0,1.0,1.0,EXT-SC-055,scene_construction,False,4879
0.0,0.00050232,1.0,True,hard,8b7d4695f32523c96c79e649252f6f7b9f85eab9a7f6973a565553a740c47c5f,evaluator_v2.3,1.0,5548.6,3,SingleAgent-AllTools,1.0,1.0,0.625,EXT-SC-055,scene_construction,False,3055
0.0,0.0,1.0,False,medium,8b7d4695f32523c96c79e649252f6f7b9f85eab9a7f6973a565553a740c47c5f,evaluator_v2.3,1.0,0.0,0,SingleAgent-AllTools,1.0,0.0,1.0,EXT-RR-045,rule_repair,False,0
1.0,0.00018788,1.0,True,medium,8b7d4695f32523c96c79e649252f6f7b9f85eab9a7f6973a565553a740c47c5f,evaluator_v2.3,1.0,1495.0,1,KAFarmTwin-TypedRepair,1.0,1.0,1.0,EXT-RR-045,rule_repair,False,1334
1.0,0.00055762,1.0,True,hard,8b7d4695f32523c96c79e649252f6f7b9f85eab9a7f6973a565553a740c47c5f,evaluator_v2.3,1.0,3207.0,2,KAFarmTwin-TypedRepair,1.0,1.0,1.0,EXT-DB-051,data_binding,False,3657
1.0,0.00023254,1.0,True,hard,8b7d4695f32523c96c79e649252f6f7b9f85eab9a7f6973a565553a740c47c5f,evaluator_v2.3,1.0,2141.6,1,SingleAgent-AllTools,1.0,1.0,0.0,EXT-DB-051,data_binding,False,1342
1.0,0.00018634,1.0,True,medium,8b7d4695f32523c96c79e649252f6f7b9f85eab9a7f6973a565553a740c47c5f,evaluator_v2.3,1.0,1518.0,1,SingleAgent-AllTools,1.0,1.0,0.0,EXT-DB-044,data_binding,False,1125
1.0,0.00041272,1.0,True,medium,8b7d4695f32523c96c79e649252f6f7b9f85eab9a7f6973a565553a740c47c5f,evaluator_v2.3,1.0,3718.9,2,KAFarmTwin-TypedRepair,1.0,1.0,1.0,EXT-DB-044,data_binding,False,2738
1.0,0.00040488,1.0,True,medium,8b7d4695f32523c96c79e649252f6f7b9f85eab9a7f6973a565553a740c47c5f,evaluator_v2.3,1.0,5241.7,2,KAFarmTwin-TypedRepair,1.0,1.0,1.0,EXT-DB-042,data_binding,False,2698
1.0,0.00018018,1.0,True,medium,8b7d4695f32523c96c79e649252f6f7b9f85eab9a7f6973a565553a740c47c5f,evaluator_v2.3,1.0,1985.0,1,SingleAgent-AllTools,1.0,1.0,0.0,EXT-DB-042,data_binding,False,1100
0.0,0.0006349,1.0,False,easy,8b7d4695f32523c96c79e649252f6f7b9f85eab9a7f6973a565553a740c47c5f,evaluator_v2.3,1.0,8855.5,3,SingleAgent-AllTools,0.963,0.3077,0.9167,EXT-AR-003,asset_routing,False,3544
1.0,0.00033655999999999996,1.0,False,easy,8b7d4695f32523c96c79e649252f6f7b9f85eab9a7f6973a565553a740c47c5f,evaluator_v2.3,1.0,3004.4,2,KAFarmTwin-TypedRepair,0.2692,1.0,1.0,EXT-AR-003,asset_routing,False,2254
1.0,0.00040712,1.0,True,medium,8b7d4695f32523c96c79e649252f6f7b9f85eab9a7f6973a565553a740c47c5f,evaluator_v2.3,1.0,4367.2,2,KAFarmTwin-TypedRepair,1.0,1.0,1.0,EXT-DB-038,data_binding,False,2711
1.0,0.00018158,1.0,True,medium,8b7d4695f32523c96c79e649252f6f7b9f85eab9a7f6973a565553a740c47c5f,evaluator_v2.3,1.0,1571.7,1,SingleAgent-AllTools,1.0,1.0,0.0,EXT-DB-038,data_binding,False,1107
0.0,0.0,1.0,False,hard,8b7d4695f32523c96c79e649252f6f7b9f85eab9a7f6973a565553a740c47c5f,evaluator_v2.3,1.0,0.0,0,SingleAgent-AllTools,1.0,0.0,1.0,EXT-RR-057,rule_repair,False,0
1.0,0.00020412,1.0,True,hard,8b7d4695f32523c96c79e649252f6f7b9f85eab9a7f6973a565553a740c47c5f,evaluator_v2.3,1.0,1271.0,1,KAFarmTwin-TypedRepair,1.0,1.0,1.0,EXT-RR-057,rule_repair,False,1450
1.0,0.0003864,1.0,False,medium,8b7d4695f32523c96c79e649252f6f7b9f85eab9a7f6973a565553a740c47c5f,evaluator_v2.3,1.0,2995.0,2,KAFarmTwin-TypedRepair,0.3462,0.75,1.0,EXT-AR-023,asset_routing,False,2536
0.0,0.00102144,1.0,False,medium,8b7d4695f32523c96c79e649252f6f7b9f85eab9a7f6973a565553a740c47c5f,evaluator_v2.3,1.0,15421.2,3,SingleAgent-AllTools,0.0656,0.3077,0.7143,EXT-AR-023,asset_routing,False,5019
0.0,0.0,1.0,True,hard,8b7d4695f32523c96c79e649252f6f7b9f85eab9a7f6973a565553a740c47c5f,evaluator_v2.3,1.0,2.7,0,SingleAgent-AllTools,0.0,0.0,0.0,EXT-MQ-053,memory_query,False,0
0.0,0.0,1.0,True,hard,8b7d4695f32523c96c79e649252f6f7b9f85eab9a7f6973a565553a740c47c5f,evaluator_v2.3,1.0,2.0,0,KAFarmTwin-TypedRepair,0.0,0.0,0.0,EXT-MQ-053,memory_query,False,0
1.0,0.00038458000000000003,1.0,False,medium,8b7d4695f32523c96c79e649252f6f7b9f85eab9a7f6973a565553a740c47c5f,evaluator_v2.3,1.0,3318.8,2,KAFarmTwin-TypedRepair,0.2121,0.75,1.0,EXT-AR-033,asset_routing,False,2560
0.0,0.00044618,0.0,False,medium,8b7d4695f32523c96c79e649252f6f7b9f85eab9a7f6973a565553a740c47c5f,evaluator_v2.3,0.0,6918.3,1,SingleAgent-AllTools,0.0,0.0,0.0,EXT-AR-033,asset_routing,False,1987
0.0,0.0,1.0,False,hard,8b7d4695f32523c96c79e649252f6f7b9f85eab9a7f6973a565553a740c47c5f,evaluator_v2.3,1.0,0.0,0,SingleAgent-AllTools,1.0,0.0,1.0,EXT-RR-047,rule_repair,False,0
1.0,0.00020412,1.0,True,hard,8b7d4695f32523c96c79e649252f6f7b9f85eab9a7f6973a565553a740c47c5f,evaluator_v2.3,1.0,1039.2,1,KAFarmTwin-TypedRepair,1.0,1.0,1.0,EXT-RR-047,rule_repair,False,1450
0.0,0.0,1.0,True,easy,8b7d4695f32523c96c79e649252f6f7b9f85eab9a7f6973a565553a740c47c5f,evaluator_v2.3,1.0,1.5,0,KAFarmTwin-TypedRepair,0.0,0.0,0.0,EXT-MQ-002,memory_query,False,0
0.0,0.0,1.0,True,easy,8b7d4695f32523c96c79e649252f6f7b9f85eab9a7f6973a565553a740c47c5f,evaluator_v2.3,1.0,1.2,0,SingleAgent-AllTools,0.0,0.0,0.0,EXT-MQ-002,memory_query,False,0
0.0,0.0,1.0,False,medium,8b7d4695f32523c96c79e649252f6f7b9f85eab9a7f6973a565553a740c47c5f,evaluator_v2.3,1.0,0.0,0,SingleAgent-AllTools,1.0,0.0,1.0,EXT-RR-027,rule_repair,False,0
1.0,0.00018816,1.0,True,medium,8b7d4695f32523c96c79e649252f6f7b9f85eab9a7f6973a565553a740c47c5f,evaluator_v2.3,1.0,739.5,1,KAFarmTwin-TypedRepair,1.0,1.0,1.0,EXT-RR-027,rule_repair,False,1336
1.0,0.00033655999999999996,1.0,False,easy,8b7d4695f32523c96c79e649252f6f7b9f85eab9a7f6973a565553a740c47c5f,evaluator_v2.3,1.0,2256.0,2,KAFarmTwin-TypedRepair,0.125,1.0,1.0,EXT-AR-006,asset_routing,False,2283
0.0,0.00051282,1.0,False,easy,8b7d4695f32523c96c79e649252f6f7b9f85eab9a7f6973a565553a740c47c5f,evaluator_v2.3,1.0,7943.2,3,SingleAgent-AllTools,0.9697,0.2222,0.875,EXT-AR-006,asset_routing,False,3079
0.0,0.0,1.0,True,medium,8b7d4695f32523c96c79e649252f6f7b9f85eab9a7f6973a565553a740c47c5f,evaluator_v2.3,1.0,2.3,0,SingleAgent-AllTools,0.0,0.0,0.0,EXT-MQ-027,memory_query,False,0
0.0,0.0,1.0,True,medium,8b7d4695f32523c96c79e649252f6f7b9f85eab9a7f6973a565553a740c47c5f,evaluator_v2.3,1.0,1.9,0,KAFarmTwin-TypedRepair,0.0,0.0,0.0,EXT-MQ-027,memory_query,False,0
1.0,0.00040712,1.0,True,medium,8b7d4695f32523c96c79e649252f6f7b9f85eab9a7f6973a565553a740c47c5f,evaluator_v2.3,1.0,6669.0,2,KAFarmTwin-TypedRepair,1.0,1.0,1.0,EXT-DB-034,data_binding,False,2711
1.0,0.00018158,1.0,True,medium,8b7d4695f32523c96c79e649252f6f7b9f85eab9a7f6973a565553a740c47c5f,evaluator_v2.3,1.0,2827.7,1,SingleAgent-AllTools,1.0,1.0,0.0,EXT-DB-034,data_binding,False,1107
0.0,0.0,1.0,True,hard,8b7d4695f32523c96c79e649252f6f7b9f85eab9a7f6973a565553a740c47c5f,evaluator_v2.3,1.0,1.6,0,SingleAgent-AllTools,0.0,0.0,0.0,EXT-MQ-055,memory_query,False,0
0.0,0.0,1.0,True,hard,8b7d4695f32523c96c79e649252f6f7b9f85eab9a7f6973a565553a740c47c5f,evaluator_v2.3,1.0,1.6,0,KAFarmTwin-TypedRepair,0.0,0.0,0.0,EXT-MQ-055,memory_query,False,0
1.0,0.00033572,1.0,False,easy,8b7d4695f32523c96c79e649252f6f7b9f85eab9a7f6973a565553a740c47c5f,evaluator_v2.3,1.0,2374.6,2,KAFarmTwin-TypedRepair,0.2903,1.0,1.0,EXT-AR-011,asset_routing,False,2278
0.0,0.0007091,1.0,False,easy,8b7d4695f32523c96c79e649252f6f7b9f85eab9a7f6973a565553a740c47c5f,evaluator_v2.3,1.0,10194.4,3,SingleAgent-AllTools,0.9688,0.2857,0.9231,EXT-AR-011,asset_routing,False,3814
0.0,0.0,1.0,False,easy,8b7d4695f32523c96c79e649252f6f7b9f85eab9a7f6973a565553a740c47c5f,evaluator_v2.3,1.0,0.0,0,SingleAgent-AllTools,1.0,0.0,1.0,EXT-RR-007,rule_repair,False,0
1.0,0.00017178,1.0,True,easy,8b7d4695f32523c96c79e649252f6f7b9f85eab9a7f6973a565553a740c47c5f,evaluator_v2.3,1.0,736.5,1,KAFarmTwin-TypedRepair,1.0,1.0,1.0,EXT-RR-007,rule_repair,False,1219
1.0,0.00038472,1.0,False,medium,8b7d4695f32523c96c79e649252f6f7b9f85eab9a7f6973a565553a740c47c5f,evaluator_v2.3,1.0,4643.2,2,KAFarmTwin-TypedRepair,0.2162,0.75,1.0,EXT-AR-034,asset_routing,False,2526
0.0,0.00044604,0.0,False,medium,8b7d4695f32523c96c79e649252f6f7b9f85eab9a7f6973a565553a740c47c5f,evaluator_v2.3,0.0,7088.1,1,SingleAgent-AllTools,0.0,0.0,0.0,EXT-AR-034,asset_routing,False,1986
0.0,0.0,1.0,True,medium,8b7d4695f32523c96c79e649252f6f7b9f85eab9a7f6973a565553a740c47c5f,evaluator_v2.3,1.0,2.2,0,SingleAgent-AllTools,0.0,0.0,0.0,EXT-MQ-036,memory_query,False,0
0.0,0.0,1.0,True,medium,8b7d4695f32523c96c79e649252f6f7b9f85eab9a7f6973a565553a740c47c5f,evaluator_v2.3,1.0,1.7,0,KAFarmTwin-TypedRepair,0.0,0.0,0.0,EXT-MQ-036,memory_query,False,0
0.0,0.00115136,1.0,False,medium,8b7d4695f32523c96c79e649252f6f7b9f85eab9a7f6973a565553a740c47c5f,evaluator_v2.3,1.0,8614.2,5,KAFarmTwin-TypedRepair,0.9897,0.4706,1.0,EXT-SC-038,scene_construction,False,7267
0.0,0.00057946,1.0,False,medium,8b7d4695f32523c96c79e649252f6f7b9f85eab9a7f6973a565553a740c47c5f,evaluator_v2.3,1.0,29415.7,3,SingleAgent-AllTools,0.9897,0.4615,0.7273,EXT-SC-038,scene_construction,False,3348
0.0,0.0,1.0,True,hard,8b7d4695f32523c96c79e649252f6f7b9f85eab9a7f6973a565553a740c47c5f,evaluator_v2.3,1.0,2.7,0,SingleAgent-AllTools,0.0,0.0,0.0,EXT-MQ-054,memory_query,False,0
0.0,0.0,1.0,True,hard,8b7d4695f32523c96c79e649252f6f7b9f85eab9a7f6973a565553a740c47c5f,evaluator_v2.3,1.0,2.2,0,KAFarmTwin-TypedRepair,0.0,0.0,0.0,EXT-MQ-054,memory_query,False,0
0.0,0.0,1.0,True,hard,8b7d4695f32523c96c79e649252f6f7b9f85eab9a7f6973a565553a740c47c5f,evaluator_v2.3,1.0,1.7,0,KAFarmTwin-TypedRepair,0.0,0.0,0.0,EXT-MQ-046,memory_query,False,0
0.0,0.0,1.0,True,hard,8b7d4695f32523c96c79e649252f6f7b9f85eab9a7f6973a565553a740c47c5f,evaluator_v2.3,1.0,1.3,0,SingleAgent-AllTools,0.0,0.0,0.0,EXT-MQ-046,memory_query,False,0
1.0,0.00027132,1.0,True,hard,8b7d4695f32523c96c79e649252f6f7b9f85eab9a7f6973a565553a740c47c5f,evaluator_v2.3,1.0,13974.8,1,SingleAgent-AllTools,1.0,1.0,0.0,EXT-DB-053,data_binding,False,1483
1.0,0.0005964,1.0,True,hard,8b7d4695f32523c96c79e649252f6f7b9f85eab9a7f6973a565553a740c47c5f,evaluator_v2.3,1.0,3691.5,2,KAFarmTwin-TypedRepair,1.0,1.0,1.0,EXT-DB-053,data_binding,False,3798
0.0,0.0,1.0,True,easy,8b7d4695f32523c96c79e649252f6f7b9f85eab9a7f6973a565553a740c47c5f,evaluator_v2.3,1.0,1.7,0,KAFarmTwin-TypedRepair,0.0,0.0,0.5,EXT-MQ-012,memory_query,False,0
0.0,0.0,1.0,True,easy,8b7d4695f32523c96c79e649252f6f7b9f85eab9a7f6973a565553a740c47c5f,evaluator_v2.3,1.0,1.0,0,SingleAgent-AllTools,0.0,0.0,0.5,EXT-MQ-012,memory_query,False,0
0.0,0.00053592,1.0,False,hard,8b7d4695f32523c96c79e649252f6f7b9f85eab9a7f6973a565553a740c47c5f,evaluator_v2.3,1.0,17423.6,3,SingleAgent-AllTools,0.9905,0.4286,0.7,EXT-SC-048,scene_construction,False,3190
0.0,0.00055972,1.0,False,hard,8b7d4695f32523c96c79e649252f6f7b9f85eab9a7f6973a565553a740c47c5f,evaluator_v2.3,1.0,6345.5,3,KAFarmTwin-TypedRepair,0.9905,0.4706,1.0,EXT-SC-048,scene_construction,False,3275
0.0,0.00109942,1.0,False,medium,8b7d4695f32523c96c79e649252f6f7b9f85eab9a7f6973a565553a740c47c5f,evaluator_v2.3,1.0,11509.8,5,KAFarmTwin-TypedRepair,0.9825,0.6154,1.0,EXT-SC-039,scene_construction,False,6974
0.0,0.0005612600000000001,1.0,False,medium,8b7d4695f32523c96c79e649252f6f7b9f85eab9a7f6973a565553a740c47c5f,evaluator_v2.3,1.0,7174.0,3,SingleAgent-AllTools,0.9825,0.6154,0.6667,EXT-SC-039,scene_construction,False,3273
0.0,0.00057484,1.0,False,medium,8b7d4695f32523c96c79e649252f6f7b9f85eab9a7f6973a565553a740c47c5f,evaluator_v2.3,1.0,7994.9,3,SingleAgent-AllTools,0.9756,0.6154,0.6667,EXT-SC-045,scene_construction,False,3323
0.0,0.00117852,1.0,True,medium,8b7d4695f32523c96c79e649252f6f7b9f85eab9a7f6973a565553a740c47c5f,evaluator_v2.3,1.0,15054.4,5,KAFarmTwin-TypedRepair,1.0,0.7143,1.0,EXT-SC-045,scene_construction,False,7382
0.0,0.0,1.0,True,medium,8b7d4695f32523c96c79e649252f6f7b9f85eab9a7f6973a565553a740c47c5f,evaluator_v2.3,1.0,1.3,0,KAFarmTwin-TypedRepair,0.0,0.0,0.0,EXT-MQ-026,memory_query,False,0
0.0,0.0,1.0,True,medium,8b7d4695f32523c96c79e649252f6f7b9f85eab9a7f6973a565553a740c47c5f,evaluator_v2.3,1.0,1.0,0,SingleAgent-AllTools,0.0,0.0,0.0,EXT-MQ-026,memory_query,False,0
1.0,0.00016156,1.0,True,easy,8b7d4695f32523c96c79e649252f6f7b9f85eab9a7f6973a565553a740c47c5f,evaluator_v2.3,1.0,1799.2,1,SingleAgent-AllTools,1.0,1.0,0.0,EXT-DB-010,data_binding,False,1017
1.0,0.00035924,1.0,True,easy,8b7d4695f32523c96c79e649252f6f7b9f85eab9a7f6973a565553a740c47c5f,evaluator_v2.3,1.0,2369.8,2,KAFarmTwin-TypedRepair,1.0,1.0,1.0,EXT-DB-010,data_binding,False,2422
0.0,0.00107954,1.0,False,medium,8b7d4695f32523c96c79e649252f6f7b9f85eab9a7f6973a565553a740c47c5f,evaluator_v2.3,1.0,9406.7,5,KAFarmTwin-TypedRepair,0.9867,0.6154,1.0,EXT-SC-028,scene_construction,False,6837
0.0,0.0005845000000000001,1.0,True,medium,8b7d4695f32523c96c79e649252f6f7b9f85eab9a7f6973a565553a740c47c5f,evaluator_v2.3,1.0,7727.1,3,SingleAgent-AllTools,1.0,0.7143,0.7273,EXT-SC-028,scene_construction,False,3356
0.0,0.00056616,1.0,False,medium,8b7d4695f32523c96c79e649252f6f7b9f85eab9a7f6973a565553a740c47c5f,evaluator_v2.3,1.0,6498.5,3,SingleAgent-AllTools,0.9863,0.4706,0.7273,EXT-SC-035,scene_construction,False,3310
0.0,0.0007572599999999999,1.0,False,medium,8b7d4695f32523c96c79e649252f6f7b9f85eab9a7f6973a565553a740c47c5f,evaluator_v2.3,1.0,7235.6,4,KAFarmTwin-TypedRepair,0.9863,0.7273,1.0,EXT-SC-035,scene_construction,False,4832
0.0,0.0007715399999999999,1.0,True,hard,8b7d4695f32523c96c79e649252f6f7b9f85eab9a7f6973a565553a740c47c5f,evaluator_v2.3,1.0,6893.9,4,KAFarmTwin-TypedRepair,1.0,1.0,1.0,EXT-SC-053,scene_construction,False,4918
0.0,0.0005215,1.0,True,hard,8b7d4695f32523c96c79e649252f6f7b9f85eab9a7f6973a565553a740c47c5f,evaluator_v2.3,1.0,6923.7,3,SingleAgent-AllTools,1.0,1.0,0.625,EXT-SC-053,scene_construction,False,3142
0.0,0.0,1.0,False,easy,8b7d4695f32523c96c79e649252f6f7b9f85eab9a7f6973a565553a740c47c5f,evaluator_v2.3,1.0,0.0,0,SingleAgent-AllTools,1.0,0.0,1.0,EXT-RR-002,rule_repair,False,0
1.0,0.00017304,1.0,True,easy,8b7d4695f32523c96c79e649252f6f7b9f85eab9a7f6973a565553a740c47c5f,evaluator_v2.3,1.0,1256.6,1,KAFarmTwin-TypedRepair,1.0,1.0,1.0,EXT-RR-002,rule_repair,False,1228
0.0,0.0,1.0,True,hard,8b7d4695f32523c96c79e649252f6f7b9f85eab9a7f6973a565553a740c47c5f,evaluator_v2.3,1.0,2.7,0,KAFarmTwin-TypedRepair,0.0,0.0,0.0,EXT-MQ-059,memory_query,False,0
0.0,0.0,1.0,True,hard,8b7d4695f32523c96c79e649252f6f7b9f85eab9a7f6973a565553a740c47c5f,evaluator_v2.3,1.0,2.4,0,SingleAgent-AllTools,0.0,0.0,0.0,EXT-MQ-059,memory_query,False,0
0.0,0.0,1.0,False,medium,8b7d4695f32523c96c79e649252f6f7b9f85eab9a7f6973a565553a740c47c5f,evaluator_v2.3,1.0,0.0,0,SingleAgent-AllTools,1.0,0.0,1.0,EXT-RR-026,rule_repair,False,0
1.0,0.00018914,1.0,True,medium,8b7d4695f32523c96c79e649252f6f7b9f85eab9a7f6973a565553a740c47c5f,evaluator_v2.3,1.0,831.5,1,KAFarmTwin-TypedRepair,1.0,1.0,1.0,EXT-RR-026,rule_repair,False,1343
1.0,0.0003864,1.0,False,medium,8b7d4695f32523c96c79e649252f6f7b9f85eab9a7f6973a565553a740c47c5f,evaluator_v2.3,1.0,2521.6,2,KAFarmTwin-TypedRepair,0.2308,0.75,1.0,EXT-AR-038,asset_routing,False,2536
0.0,0.00047208,1.0,False,medium,8b7d4695f32523c96c79e649252f6f7b9f85eab9a7f6973a565553a740c47c5f,evaluator_v2.3,1.0,4980.3,3,SingleAgent-AllTools,0.0755,0.6667,0.8571,EXT-AR-038,asset_routing,False,2938
0.0,0.00060074,1.0,True,hard,8b7d4695f32523c96c79e649252f6f7b9f85eab9a7f6973a565553a740c47c5f,evaluator_v2.3,1.0,8272.6,3,SingleAgent-AllTools,1.0,0.6667,0.7273,EXT-SC-056,scene_construction,False,3438
0.0,0.0005551,1.0,True,hard,8b7d4695f32523c96c79e649252f6f7b9f85eab9a7f6973a565553a740c47c5f,evaluator_v2.3,1.0,6672.0,3,KAFarmTwin-TypedRepair,1.0,0.6667,1.0,EXT-SC-056,scene_construction,False,3269
1.0,0.00040501999999999997,1.0,True,medium,8b7d4695f32523c96c79e649252f6f7b9f85eab9a7f6973a565553a740c47c5f,evaluator_v2.3,1.0,4679.8,2,KAFarmTwin-TypedRepair,1.0,1.0,1.0,EXT-DB-030,data_binding,False,2699
1.0,0.00018032,1.0,True,medium,8b7d4695f32523c96c79e649252f6f7b9f85eab9a7f6973a565553a740c47c5f,evaluator_v2.3,1.0,1640.7,1,SingleAgent-AllTools,1.0,1.0,0.0,EXT-DB-030,data_binding,False,1101
0.0,0.00105882,1.0,False,medium,8b7d4695f32523c96c79e649252f6f7b9f85eab9a7f6973a565553a740c47c5f,evaluator_v2.3,1.0,16787.6,3,SingleAgent-AllTools,0.0714,0.25,0.6429,EXT-AR-031,asset_routing,False,5099
1.0,0.00038080000000000004,1.0,False,medium,8b7d4695f32523c96c79e649252f6f7b9f85eab9a7f6973a565553a740c47c5f,evaluator_v2.3,1.0,3158.5,2,KAFarmTwin-TypedRepair,0.2,0.75,1.0,EXT-AR-031,asset_routing,False,2536
0.0,0.0,1.0,True,medium,8b7d4695f32523c96c79e649252f6f7b9f85eab9a7f6973a565553a740c47c5f,evaluator_v2.3,1.0,2.3,0,KAFarmTwin-TypedRepair,0.0,0.0,0.0,EXT-MQ-037,memory_query,False,0
0.0,0.0,1.0,True,medium,8b7d4695f32523c96c79e649252f6f7b9f85eab9a7f6973a565553a740c47c5f,evaluator_v2.3,1.0,1.8,0,SingleAgent-AllTools,0.0,0.0,0.0,EXT-MQ-037,memory_query,False,0
0.0,0.00058394,1.0,True,hard,8b7d4695f32523c96c79e649252f6f7b9f85eab9a7f6973a565553a740c47c5f,evaluator_v2.3,1.0,10304.7,3,SingleAgent-AllTools,1.0,0.6,0.75,EXT-SC-057,scene_construction,False,3374
0.0,0.00055762,1.0,True,hard,8b7d4695f32523c96c79e649252f6f7b9f85eab9a7f6973a565553a740c47c5f,evaluator_v2.3,1.0,7625.8,3,KAFarmTwin-TypedRepair,1.0,0.6,1.0,EXT-SC-057,scene_construction,False,3280
0.0,0.00112784,1.0,False,medium,8b7d4695f32523c96c79e649252f6f7b9f85eab9a7f6973a565553a740c47c5f,evaluator_v2.3,1.0,9608.2,5,KAFarmTwin-TypedRepair,0.9863,0.5714,1.0,EXT-SC-020,scene_construction,False,7139
0.0,0.0005614,1.0,False,medium,8b7d4695f32523c96c79e649252f6f7b9f85eab9a7f6973a565553a740c47c5f,evaluator_v2.3,1.0,7427.7,3,SingleAgent-AllTools,0.9863,0.4706,0.7273,EXT-SC-020,scene_construction,False,3289
0.0,0.0,1.0,True,medium,8b7d4695f32523c96c79e649252f6f7b9f85eab9a7f6973a565553a740c47c5f,evaluator_v2.3,1.0,3.3,0,SingleAgent-AllTools,0.0,0.0,0.0,EXT-MQ-021,memory_query,False,0
0.0,0.0,1.0,True,medium,8b7d4695f32523c96c79e649252f6f7b9f85eab9a7f6973a565553a740c47c5f,evaluator_v2.3,1.0,2.0,0,KAFarmTwin-TypedRepair,0.0,0.0,0.0,EXT-MQ-021,memory_query,False,0
1.0,0.00020426,1.0,True,hard,8b7d4695f32523c96c79e649252f6f7b9f85eab9a7f6973a565553a740c47c5f,evaluator_v2.3,1.0,735.6,1,KAFarmTwin-TypedRepair,1.0,1.0,1.0,EXT-RR-051,rule_repair,False,1451
0.0,0.0,1.0,False,hard,8b7d4695f32523c96c79e649252f6f7b9f85eab9a7f6973a565553a740c47c5f,evaluator_v2.3,1.0,0.0,0,SingleAgent-AllTools,1.0,0.0,1.0,EXT-RR-051,rule_repair,False,0
0.0,0.0006806799999999999,1.0,False,medium,8b7d4695f32523c96c79e649252f6f7b9f85eab9a7f6973a565553a740c47c5f,evaluator_v2.3,1.0,9713.9,3,SingleAgent-AllTools,0.9888,0.4706,0.7273,EXT-SC-032,scene_construction,False,3716
0.0,0.00066668,1.0,False,medium,8b7d4695f32523c96c79e649252f6f7b9f85eab9a7f6973a565553a740c47c5f,evaluator_v2.3,1.0,9286.6,3,KAFarmTwin-TypedRepair,0.9888,0.4286,1.0,EXT-SC-032,scene_construction,False,3661
1.0,0.00045052,1.0,True,medium,8b7d4695f32523c96c79e649252f6f7b9f85eab9a7f6973a565553a740c47c5f,evaluator_v2.3,1.0,4133.4,2,KAFarmTwin-TypedRepair,1.0,1.0,1.0,EXT-DB-031,data_binding,False,2974
1.0,0.0001988,1.0,True,medium,8b7d4695f32523c96c79e649252f6f7b9f85eab9a7f6973a565553a740c47c5f,evaluator_v2.3,1.0,2488.4,1,SingleAgent-AllTools,1.0,1.0,0.0,EXT-DB-031,data_binding,False,1183
0.0,0.0,1.0,True,medium,8b7d4695f32523c96c79e649252f6f7b9f85eab9a7f6973a565553a740c47c5f,evaluator_v2.3,1.0,2.3,0,SingleAgent-AllTools,0.0,0.0,0.0,EXT-MQ-019,memory_query,False,0
0.0,0.0,1.0,True,medium,8b7d4695f32523c96c79e649252f6f7b9f85eab9a7f6973a565553a740c47c5f,evaluator_v2.3,1.0,1.9,0,KAFarmTwin-TypedRepair,0.0,0.0,0.0,EXT-MQ-019,memory_query,False,0
1.0,0.00018788,1.0,True,medium,8b7d4695f32523c96c79e649252f6f7b9f85eab9a7f6973a565553a740c47c5f,evaluator_v2.3,1.0,781.6,1,KAFarmTwin-TypedRepair,1.0,1.0,1.0,EXT-RR-035,rule_repair,False,1334
0.0,0.0,1.0,False,medium,8b7d4695f32523c96c79e649252f6f7b9f85eab9a7f6973a565553a740c47c5f,evaluator_v2.3,1.0,0.0,0,SingleAgent-AllTools,1.0,0.0,1.0,EXT-RR-035,rule_repair,False,0
0.0,0.00054572,1.0,True,medium,8b7d4695f32523c96c79e649252f6f7b9f85eab9a7f6973a565553a740c47c5f,evaluator_v2.3,1.0,6996.3,3,SingleAgent-AllTools,1.0,0.7692,0.625,EXT-SC-036,scene_construction,False,3213
0.0,0.0004981199999999999,1.0,True,medium,8b7d4695f32523c96c79e649252f6f7b9f85eab9a7f6973a565553a740c47c5f,evaluator_v2.3,1.0,17068.1,3,KAFarmTwin-TypedRepair,1.0,0.7692,1.0,EXT-SC-036,scene_construction,False,3034
1.0,0.00018788,1.0,True,medium,8b7d4695f32523c96c79e649252f6f7b9f85eab9a7f6973a565553a740c47c5f,evaluator_v2.3,1.0,1158.5,1,KAFarmTwin-TypedRepair,1.0,1.0,1.0,EXT-RR-017,rule_repair,False,1334
0.0,0.0,1.0,False,medium,8b7d4695f32523c96c79e649252f6f7b9f85eab9a7f6973a565553a740c47c5f,evaluator_v2.3,1.0,0.0,0,SingleAgent-AllTools,1.0,0.0,1.0,EXT-RR-017,rule_repair,False,0
0.0,0.0,1.0,True,medium,8b7d4695f32523c96c79e649252f6f7b9f85eab9a7f6973a565553a740c47c5f,evaluator_v2.3,1.0,1.8,0,SingleAgent-AllTools,0.0,0.0,0.0,EXT-MQ-023,memory_query,False,0
0.0,0.0,1.0,True,medium,8b7d4695f32523c96c79e649252f6f7b9f85eab9a7f6973a565553a740c47c5f,evaluator_v2.3,1.0,1.9,0,KAFarmTwin-TypedRepair,0.0,0.0,0.0,EXT-MQ-023,memory_query,False,0
1.0,0.00019292,1.0,True,medium,8b7d4695f32523c96c79e649252f6f7b9f85eab9a7f6973a565553a740c47c5f,evaluator_v2.3,1.0,818.3,1,KAFarmTwin-TypedRepair,1.0,1.0,1.0,EXT-RR-040,rule_repair,False,1370
0.0,0.0,1.0,False,medium,8b7d4695f32523c96c79e649252f6f7b9f85eab9a7f6973a565553a740c47c5f,evaluator_v2.3,1.0,0.0,0,SingleAgent-AllTools,1.0,0.0,1.0,EXT-RR-040,rule_repair,False,0
1.0,0.00021784,1.0,True,medium,8b7d4695f32523c96c79e649252f6f7b9f85eab9a7f6973a565553a740c47c5f,evaluator_v2.3,1.0,2297.0,1,SingleAgent-AllTools,1.0,1.0,0.0,EXT-DB-045,data_binding,False,1254
1.0,0.00047039999999999994,1.0,True,medium,8b7d4695f32523c96c79e649252f6f7b9f85eab9a7f6973a565553a740c47c5f,evaluator_v2.3,1.0,3385.3,2,KAFarmTwin-TypedRepair,1.0,1.0,1.0,EXT-DB-045,data_binding,False,3051
1.0,0.0003885,1.0,False,medium,8b7d4695f32523c96c79e649252f6f7b9f85eab9a7f6973a565553a740c47c5f,evaluator_v2.3,1.0,12717.7,2,KAFarmTwin-TypedRepair,0.3913,0.75,1.0,EXT-AR-029,asset_routing,False,2548
0.0,0.00080934,1.0,False,medium,8b7d4695f32523c96c79e649252f6f7b9f85eab9a7f6973a565553a740c47c5f,evaluator_v2.3,1.0,11836.8,3,SingleAgent-AllTools,0.3673,0.2353,0.8,EXT-AR-029,asset_routing,False,4225
0.0,0.00098756,1.0,False,hard,8b7d4695f32523c96c79e649252f6f7b9f85eab9a7f6973a565553a740c47c5f,evaluator_v2.3,1.0,16539.5,3,SingleAgent-AllTools,0.0506,0.0,0.7143,EXT-AR-047,asset_routing,False,4842
1.0,0.00042657999999999997,1.0,False,hard,8b7d4695f32523c96c79e649252f6f7b9f85eab9a7f6973a565553a740c47c5f,evaluator_v2.3,1.0,3993.6,2,KAFarmTwin-TypedRepair,0.25,0.6,1.0,EXT-AR-047,asset_routing,False,2764
0.6667,0.00038332,1.0,False,medium,8b7d4695f32523c96c79e649252f6f7b9f85eab9a7f6973a565553a740c47c5f,evaluator_v2.3,1.0,2744.8,2,KAFarmTwin-TypedRepair,0.9655,0.75,1.0,EXT-AR-032,asset_routing,False,2550
0.0,0.00076314,1.0,False,medium,8b7d4695f32523c96c79e649252f6f7b9f85eab9a7f6973a565553a740c47c5f,evaluator_v2.3,1.0,12454.5,3,SingleAgent-AllTools,0.0625,0.4706,0.6667,EXT-AR-032,asset_routing,False,4019
0.0,0.0004466,0.0,False,medium,8b7d4695f32523c96c79e649252f6f7b9f85eab9a7f6973a565553a740c47c5f,evaluator_v2.3,0.0,7025.1,1,SingleAgent-AllTools,0.0,0.0,0.0,EXT-AR-044,asset_routing,False,1990
1.0,0.00039102,1.0,False,medium,8b7d4695f32523c96c79e649252f6f7b9f85eab9a7f6973a565553a740c47c5f,evaluator_v2.3,1.0,3464.7,2,KAFarmTwin-TypedRepair,0.2609,0.75,1.0,EXT-AR-044,asset_routing,False,2553
1.0,0.00033768,1.0,False,easy,8b7d4695f32523c96c79e649252f6f7b9f85eab9a7f6973a565553a740c47c5f,evaluator_v2.3,1.0,2922.6,2,KAFarmTwin-TypedRepair,0.375,1.0,1.0,EXT-AR-014,asset_routing,False,2258
0.0,0.00072422,1.0,False,easy,8b7d4695f32523c96c79e649252f6f7b9f85eab9a7f6973a565553a740c47c5f,evaluator_v2.3,1.0,10373.0,3,SingleAgent-AllTools,0.3158,0.2667,0.5714,EXT-AR-014,asset_routing,False,3848
0.0,0.0006274799999999999,1.0,False,medium,8b7d4695f32523c96c79e649252f6f7b9f85eab9a7f6973a565553a740c47c5f,evaluator_v2.3,1.0,8359.4,3,SingleAgent-AllTools,0.0851,0.5455,0.6667,EXT-AR-037,asset_routing,False,3501
1.0,0.00038248,1.0,False,medium,8b7d4695f32523c96c79e649252f6f7b9f85eab9a7f6973a565553a740c47c5f,evaluator_v2.3,1.0,3194.3,2,KAFarmTwin-TypedRepair,0.2273,0.75,1.0,EXT-AR-037,asset_routing,False,2514
0.6667,0.00038556,1.0,False,medium,8b7d4695f32523c96c79e649252f6f7b9f85eab9a7f6973a565553a740c47c5f,evaluator_v2.3,1.0,2464.2,2,KAFarmTwin-TypedRepair,0.9655,0.75,1.0,EXT-AR-017,asset_routing,False,2559
0.0,0.0005895399999999999,1.0,False,medium,8b7d4695f32523c96c79e649252f6f7b9f85eab9a7f6973a565553a740c47c5f,evaluator_v2.3,1.0,8325.8,3,SingleAgent-AllTools,0.0635,0.3077,0.6364,EXT-AR-017,asset_routing,False,3386
1.0,0.000168,1.0,True,easy,8b7d4695f32523c96c79e649252f6f7b9f85eab9a7f6973a565553a740c47c5f,evaluator_v2.3,1.0,1698.0,1,SingleAgent-AllTools,1.0,1.0,0.0,EXT-DB-013,data_binding,False,1042
1.0,0.00036567999999999995,1.0,True,easy,8b7d4695f32523c96c79e649252f6f7b9f85eab9a7f6973a565553a740c47c5f,evaluator_v2.3,1.0,2851.1,2,KAFarmTwin-TypedRepair,1.0,1.0,1.0,EXT-DB-013,data_binding,False,2447
0.0,0.0,1.0,True,hard,8b7d4695f32523c96c79e649252f6f7b9f85eab9a7f6973a565553a740c47c5f,evaluator_v2.3,1.0,2.5,0,KAFarmTwin-TypedRepair,0.0,0.0,0.0,EXT-MQ-057,memory_query,False,0
0.0,0.0,1.0,True,hard,8b7d4695f32523c96c79e649252f6f7b9f85eab9a7f6973a565553a740c47c5f,evaluator_v2.3,1.0,2.0,0,SingleAgent-AllTools,0.0,0.0,0.0,EXT-MQ-057,memory_query,False,0
0.0,0.0,1.0,True,medium,8b7d4695f32523c96c79e649252f6f7b9f85eab9a7f6973a565553a740c47c5f,evaluator_v2.3,1.0,1.5,0,SingleAgent-AllTools,0.0,0.0,0.0,EXT-MQ-044,memory_query,False,0
0.0,0.0,1.0,True,medium,8b7d4695f32523c96c79e649252f6f7b9f85eab9a7f6973a565553a740c47c5f,evaluator_v2.3,1.0,1.2,0,KAFarmTwin-TypedRepair,0.0,0.0,0.0,EXT-MQ-044,memory_query,False,0
1.0,0.00047039999999999994,1.0,True,medium,8b7d4695f32523c96c79e649252f6f7b9f85eab9a7f6973a565553a740c47c5f,evaluator_v2.3,1.0,4242.6,2,KAFarmTwin-TypedRepair,1.0,1.0,1.0,EXT-DB-025,data_binding,False,3051
1.0,0.00021784,1.0,True,medium,8b7d4695f32523c96c79e649252f6f7b9f85eab9a7f6973a565553a740c47c5f,evaluator_v2.3,1.0,7467.9,1,SingleAgent-AllTools,1.0,1.0,0.0,EXT-DB-025,data_binding,False,1254
0.0,0.00051772,1.0,False,easy,8b7d4695f32523c96c79e649252f6f7b9f85eab9a7f6973a565553a740c47c5f,evaluator_v2.3,1.0,9078.2,3,SingleAgent-AllTools,0.9804,0.5455,0.75,EXT-SC-009,scene_construction,False,3122
0.0,0.000553,1.0,True,easy,8b7d4695f32523c96c79e649252f6f7b9f85eab9a7f6973a565553a740c47c5f,evaluator_v2.3,1.0,6059.9,3,KAFarmTwin-TypedRepair,1.0,0.7273,1.0,EXT-SC-009,scene_construction,False,3241
1.0,0.00033572,1.0,False,easy,8b7d4695f32523c96c79e649252f6f7b9f85eab9a7f6973a565553a740c47c5f,evaluator_v2.3,1.0,2757.3,2,KAFarmTwin-TypedRepair,0.1379,1.0,1.0,EXT-AR-012,asset_routing,False,2249
0.0,0.00051912,1.0,False,easy,8b7d4695f32523c96c79e649252f6f7b9f85eab9a7f6973a565553a740c47c5f,evaluator_v2.3,1.0,6547.4,3,SingleAgent-AllTools,0.0635,0.2222,0.6364,EXT-AR-012,asset_routing,False,3105
0.0,0.0,1.0,True,easy,8b7d4695f32523c96c79e649252f6f7b9f85eab9a7f6973a565553a740c47c5f,evaluator_v2.3,1.0,1.9,0,SingleAgent-AllTools,0.0,0.0,0.0,EXT-MQ-001,memory_query,False,0
0.0,0.0,1.0,True,easy,8b7d4695f32523c96c79e649252f6f7b9f85eab9a7f6973a565553a740c47c5f,evaluator_v2.3,1.0,1.5,0,KAFarmTwin-TypedRepair,0.0,0.0,0.0,EXT-MQ-001,memory_query,False,0
1.0,0.00042602,1.0,False,hard,8b7d4695f32523c96c79e649252f6f7b9f85eab9a7f6973a565553a740c47c5f,evaluator_v2.3,1.0,6292.2,2,KAFarmTwin-TypedRepair,0.9429,0.6,1.0,EXT-AR-055,asset_routing,False,2797
0.0,0.00102144,1.0,False,hard,8b7d4695f32523c96c79e649252f6f7b9f85eab9a7f6973a565553a740c47c5f,evaluator_v2.3,1.0,15461.2,3,SingleAgent-AllTools,0.0488,0.2857,0.6111,EXT-AR-055,asset_routing,False,4999
0.0,0.0,1.0,True,easy,8b7d4695f32523c96c79e649252f6f7b9f85eab9a7f6973a565553a740c47c5f,evaluator_v2.3,1.0,1.5,0,SingleAgent-AllTools,0.0,0.0,0.0,EXT-MQ-010,memory_query,False,0
0.0,0.0,1.0,True,easy,8b7d4695f32523c96c79e649252f6f7b9f85eab9a7f6973a565553a740c47c5f,evaluator_v2.3,1.0,1.1,0,KAFarmTwin-TypedRepair,0.0,0.0,0.0,EXT-MQ-010,memory_query,False,0
0.0,0.00055272,1.0,False,medium,8b7d4695f32523c96c79e649252f6f7b9f85eab9a7f6973a565553a740c47c5f,evaluator_v2.3,1.0,8454.8,3,KAFarmTwin-TypedRepair,0.9897,0.4706,1.0,EXT-SC-023,scene_construction,False,3254
0.0,0.00067956,1.0,False,medium,8b7d4695f32523c96c79e649252f6f7b9f85eab9a7f6973a565553a740c47c5f,evaluator_v2.3,1.0,10207.0,3,SingleAgent-AllTools,0.9897,0.4706,0.7857,EXT-SC-023,scene_construction,False,3730
1.0,0.00024584,1.0,True,hard,8b7d4695f32523c96c79e649252f6f7b9f85eab9a7f6973a565553a740c47c5f,evaluator_v2.3,1.0,2522.0,1,SingleAgent-AllTools,1.0,1.0,0.0,EXT-DB-050,data_binding,False,1388
1.0,0.0005700799999999999,1.0,True,hard,8b7d4695f32523c96c79e649252f6f7b9f85eab9a7f6973a565553a740c47c5f,evaluator_v2.3,1.0,4102.8,2,KAFarmTwin-TypedRepair,1.0,1.0,1.0,EXT-DB-050,data_binding,False,3697
0.0,0.0,1.0,True,medium,8b7d4695f32523c96c79e649252f6f7b9f85eab9a7f6973a565553a740c47c5f,evaluator_v2.3,1.0,2.4,0,KAFarmTwin-TypedRepair,0.0,0.0,0.0,EXT-MQ-033,memory_query,False,0
0.0,0.0,1.0,True,medium,8b7d4695f32523c96c79e649252f6f7b9f85eab9a7f6973a565553a740c47c5f,evaluator_v2.3,1.0,1.5,0,SingleAgent-AllTools,0.0,0.0,0.0,EXT-MQ-033,memory_query,False,0
0.0,0.0,1.0,False,medium,8b7d4695f32523c96c79e649252f6f7b9f85eab9a7f6973a565553a740c47c5f,evaluator_v2.3,1.0,0.0,0,SingleAgent-AllTools,1.0,0.0,1.0,EXT-RR-024,rule_repair,False,0
1.0,0.00019334,1.0,True,medium,8b7d4695f32523c96c79e649252f6f7b9f85eab9a7f6973a565553a740c47c5f,evaluator_v2.3,1.0,1396.2,1,KAFarmTwin-TypedRepair,1.0,1.0,1.0,EXT-RR-024,rule_repair,False,1373
1.0,0.00042028,1.0,True,medium,8b7d4695f32523c96c79e649252f6f7b9f85eab9a7f6973a565553a740c47c5f,evaluator_v2.3,1.0,3796.6,2,KAFarmTwin-TypedRepair,1.0,1.0,1.0,EXT-DB-028,data_binding,False,2761
1.0,0.0001939,1.0,True,medium,8b7d4695f32523c96c79e649252f6f7b9f85eab9a7f6973a565553a740c47c5f,evaluator_v2.3,1.0,2823.4,1,SingleAgent-AllTools,1.0,1.0,0.0,EXT-DB-028,data_binding,False,1151
0.0,0.0,1.0,False,easy,8b7d4695f32523c96c79e649252f6f7b9f85eab9a7f6973a565553a740c47c5f,evaluator_v2.3,1.0,0.0,0,SingleAgent-AllTools,1.0,0.0,1.0,EXT-RR-001,rule_repair,False,0
1.0,0.00017122,1.0,True,easy,8b7d4695f32523c96c79e649252f6f7b9f85eab9a7f6973a565553a740c47c5f,evaluator_v2.3,1.0,674.4,1,KAFarmTwin-TypedRepair,1.0,1.0,1.0,EXT-RR-001,rule_repair,False,1215
0.0,0.0,1.0,True,medium,8b7d4695f32523c96c79e649252f6f7b9f85eab9a7f6973a565553a740c47c5f,evaluator_v2.3,1.0,2.0,0,KAFarmTwin-TypedRepair,0.0,0.0,0.0,EXT-MQ-028,memory_query,False,0
0.0,0.0,1.0,True,medium,8b7d4695f32523c96c79e649252f6f7b9f85eab9a7f6973a565553a740c47c5f,evaluator_v2.3,1.0,1.8,0,SingleAgent-AllTools,0.0,0.0,0.0,EXT-MQ-028,memory_query,False,0
0.0,0.0,1.0,False,medium,8b7d4695f32523c96c79e649252f6f7b9f85eab9a7f6973a565553a740c47c5f,evaluator_v2.3,1.0,0.0,0,SingleAgent-AllTools,1.0,0.0,1.0,EXT-RR-028,rule_repair,False,0
1.0,0.0001932,1.0,True,medium,8b7d4695f32523c96c79e649252f6f7b9f85eab9a7f6973a565553a740c47c5f,evaluator_v2.3,1.0,969.9,1,KAFarmTwin-TypedRepair,1.0,1.0,1.0,EXT-RR-028,rule_repair,False,1372
1.0,0.00057218,1.0,True,hard,8b7d4695f32523c96c79e649252f6f7b9f85eab9a7f6973a565553a740c47c5f,evaluator_v2.3,1.0,3553.5,2,KAFarmTwin-TypedRepair,1.0,1.0,1.0,EXT-DB-054,data_binding,False,3709
1.0,0.00023254,1.0,True,hard,8b7d4695f32523c96c79e649252f6f7b9f85eab9a7f6973a565553a740c47c5f,evaluator_v2.3,1.0,2273.8,1,SingleAgent-AllTools,1.0,1.0,0.0,EXT-DB-054,data_binding,False,1342
0.0,0.00044688,0.0,False,hard,8b7d4695f32523c96c79e649252f6f7b9f85eab9a7f6973a565553a740c47c5f,evaluator_v2.3,0.0,15446.5,1,SingleAgent-AllTools,0.0,0.0,0.0,EXT-AR-058,asset_routing,False,1992
1.0,0.00042756,1.0,False,hard,8b7d4695f32523c96c79e649252f6f7b9f85eab9a7f6973a565553a740c47c5f,evaluator_v2.3,1.0,11676.8,2,KAFarmTwin-TypedRepair,0.9231,0.6,1.0,EXT-AR-058,asset_routing,False,2802
