binding_f1,cost,critical_recall,cvsr,difficulty,evaluator_hash,evaluator_version,evidence_precision,latency_ms,llm_calls,method,object_f1,relation_f1,replay_success,task_id,task_type,technical_failure,tokens
0.0,0.0,1.0,True,hard,8b7d4695f32523c96c79e649252f6f7b9f85eab9a7f6973a565553a740c47c5f,evaluator_v2.3,1.0,1.6,0,KAFarmTwin-TypedRepair,0.0,0.0,0.0,EXT-MQ-047,memory_query,False,0
0.0,0.0,1.0,True,hard,8b7d4695f32523c96c79e649252f6f7b9f85eab9a7f6973a565553a740c47c5f,evaluator_v2.3,1.0,1.2,0,SingleAgent-AllTools,0.0,0.0,0.0,EXT-MQ-047,memory_query,False,0
0.5,0.00038906,1.0,False,easy,8b7d4695f32523c96c79e649252f6f7b9f85eab9a7f6973a565553a740c47c5f,evaluator_v2.3,1.0,201998.1,1,SingleAgent-AllTools,1.0,1.0,0.0,EXT-DB-003,data_binding,False,1814
0.5,0.000581,1.0,False,easy,8b7d4695f32523c96c79e649252f6f7b9f85eab9a7f6973a565553a740c47c5f,evaluator_v2.3,1.0,21539.6,2,KAFarmTwin-TypedRepair,1.0,1.0,1.0,EXT-DB-003,data_binding,False,3176
1.0,0.0005145,1.0,False,easy,8b7d4695f32523c96c79e649252f6f7b9f85eab9a7f6973a565553a740c47c5f,evaluator_v2.3,1.0,17659.4,2,KAFarmTwin-TypedRepair,0.1515,1.0,1.0,EXT-AR-013,asset_routing,False,2874
0.0,0.00120022,1.0,False,easy,8b7d4695f32523c96c79e649252f6f7b9f85eab9a7f6973a565553a740c47c5f,evaluator_v2.3,1.0,74238.4,3,SingleAgent-AllTools,0.0308,0.0,0.8333,EXT-AR-013,asset_routing,False,5466
0.0,0.00095298,1.0,False,medium,8b7d4695f32523c96c79e649252f6f7b9f85eab9a7f6973a565553a740c47c5f,evaluator_v2.3,1.0,53903.7,3,SingleAgent-AllTools,0.2373,0.7273,0.625,EXT-SC-031,scene_construction,False,4617
0.0,0.0010297000000000001,1.0,False,medium,8b7d4695f32523c96c79e649252f6f7b9f85eab9a7f6973a565553a740c47c5f,evaluator_v2.3,1.0,58488.7,3,KAFarmTwin-TypedRepair,0.2373,0.7273,1.0,EXT-SC-031,scene_construction,False,4885
0.6667,0.00078022,1.0,False,hard,8b7d4695f32523c96c79e649252f6f7b9f85eab9a7f6973a565553a740c47c5f,evaluator_v2.3,1.0,28129.2,2,KAFarmTwin-TypedRepair,1.0,1.0,1.0,EXT-DB-048,data_binding,False,4378
0.6667,0.0003878,1.0,False,hard,8b7d4695f32523c96c79e649252f6f7b9f85eab9a7f6973a565553a740c47c5f,evaluator_v2.3,1.0,18284.9,1,SingleAgent-AllTools,1.0,1.0,0.0,EXT-DB-048,data_binding,False,1872
0.0,0.0,1.0,False,easy,8b7d4695f32523c96c79e649252f6f7b9f85eab9a7f6973a565553a740c47c5f,evaluator_v2.3,1.0,0.1,0,SingleAgent-AllTools,1.0,0.0,1.0,EXT-RR-011,rule_repair,False,0
1.0,0.00018886,1.0,True,easy,8b7d4695f32523c96c79e649252f6f7b9f85eab9a7f6973a565553a740c47c5f,evaluator_v2.3,1.0,3873.3,1,KAFarmTwin-TypedRepair,1.0,1.0,1.0,EXT-RR-011,rule_repair,False,1251
1.0,0.0008055600000000001,1.0,True,hard,8b7d4695f32523c96c79e649252f6f7b9f85eab9a7f6973a565553a740c47c5f,evaluator_v2.3,1.0,29545.9,2,KAFarmTwin-TypedRepair,1.0,1.0,1.0,EXT-DB-052,data_binding,False,4466
0.6667,0.00040194,1.0,False,hard,8b7d4695f32523c96c79e649252f6f7b9f85eab9a7f6973a565553a740c47c5f,evaluator_v2.3,1.0,20476.2,1,SingleAgent-AllTools,1.0,1.0,0.0,EXT-DB-052,data_binding,False,1920
0.0,0.0,1.0,False,hard,8b7d4695f32523c96c79e649252f6f7b9f85eab9a7f6973a565553a740c47c5f,evaluator_v2.3,1.0,0.0,0,SingleAgent-AllTools,1.0,0.0,1.0,EXT-RR-058,rule_repair,False,0
1.0,0.00029302,1.0,True,hard,8b7d4695f32523c96c79e649252f6f7b9f85eab9a7f6973a565553a740c47c5f,evaluator_v2.3,1.0,7913.8,1,KAFarmTwin-TypedRepair,1.0,1.0,1.0,EXT-RR-058,rule_repair,False,1746
0.5,0.00053214,1.0,False,easy,8b7d4695f32523c96c79e649252f6f7b9f85eab9a7f6973a565553a740c47c5f,evaluator_v2.3,1.0,18434.5,2,KAFarmTwin-TypedRepair,1.0,1.0,1.0,EXT-DB-006,data_binding,False,2988
0.5,0.00028952,1.0,False,easy,8b7d4695f32523c96c79e649252f6f7b9f85eab9a7f6973a565553a740c47c5f,evaluator_v2.3,1.0,13863.2,1,SingleAgent-AllTools,1.0,1.0,0.0,EXT-DB-006,data_binding,False,1455
0.0,0.0008785,1.0,True,medium,8b7d4695f32523c96c79e649252f6f7b9f85eab9a7f6973a565553a740c47c5f,evaluator_v2.3,1.0,223909.3,3,SingleAgent-AllTools,1.0,1.0,0.5714,EXT-SC-034,scene_construction,False,4348
0.0,0.00166306,1.0,False,medium,8b7d4695f32523c96c79e649252f6f7b9f85eab9a7f6973a565553a740c47c5f,evaluator_v2.3,1.0,66545.6,5,KAFarmTwin-TypedRepair,1.0,0.8,1.0,EXT-SC-034,scene_construction,False,8892
1.0,0.0002702,1.0,True,medium,8b7d4695f32523c96c79e649252f6f7b9f85eab9a7f6973a565553a740c47c5f,evaluator_v2.3,1.0,7173.9,1,KAFarmTwin-TypedRepair,1.0,1.0,1.0,EXT-RR-031,rule_repair,False,1597
0.0,0.0,1.0,False,medium,8b7d4695f32523c96c79e649252f6f7b9f85eab9a7f6973a565553a740c47c5f,evaluator_v2.3,1.0,0.1,0,SingleAgent-AllTools,1.0,0.0,1.0,EXT-RR-031,rule_repair,False,0
0.0,0.0,1.0,True,medium,8b7d4695f32523c96c79e649252f6f7b9f85eab9a7f6973a565553a740c47c5f,evaluator_v2.3,1.0,2.5,0,SingleAgent-AllTools,0.0,0.0,0.0,EXT-MQ-018,memory_query,False,0
0.0,0.0,1.0,True,medium,8b7d4695f32523c96c79e649252f6f7b9f85eab9a7f6973a565553a740c47c5f,evaluator_v2.3,1.0,1.5,0,KAFarmTwin-TypedRepair,0.0,0.0,0.0,EXT-MQ-018,memory_query,False,0
1.0,0.0008535799999999999,1.0,False,medium,8b7d4695f32523c96c79e649252f6f7b9f85eab9a7f6973a565553a740c47c5f,evaluator_v2.3,1.0,45678.1,2,KAFarmTwin-TypedRepair,0.4737,1.0,1.0,EXT-AR-028,asset_routing,False,4156
0.0,0.0009518599999999999,1.0,False,medium,8b7d4695f32523c96c79e649252f6f7b9f85eab9a7f6973a565553a740c47c5f,evaluator_v2.3,1.0,43384.3,3,SingleAgent-AllTools,0.95,0.4,0.9231,EXT-AR-028,asset_routing,False,4678
1.0,0.00032424,1.0,True,medium,8b7d4695f32523c96c79e649252f6f7b9f85eab9a7f6973a565553a740c47c5f,evaluator_v2.3,1.0,14030.8,1,SingleAgent-AllTools,1.0,1.0,0.0,EXT-DB-043,data_binding,False,1615
1.0,0.00065436,1.0,True,medium,8b7d4695f32523c96c79e649252f6f7b9f85eab9a7f6973a565553a740c47c5f,evaluator_v2.3,1.0,22381.3,2,KAFarmTwin-TypedRepair,1.0,1.0,1.0,EXT-DB-043,data_binding,False,3664
0.6667,0.0010402,1.0,False,hard,8b7d4695f32523c96c79e649252f6f7b9f85eab9a7f6973a565553a740c47c5f,evaluator_v2.3,1.0,44943.3,2,KAFarmTwin-TypedRepair,1.0,1.0,1.0,EXT-DB-057,data_binding,False,5295
0.6667,0.0004053,1.0,False,hard,8b7d4695f32523c96c79e649252f6f7b9f85eab9a7f6973a565553a740c47c5f,evaluator_v2.3,1.0,18589.0,1,SingleAgent-AllTools,1.0,1.0,0.0,EXT-DB-057,data_binding,False,1937
0.0,0.00105168,1.0,False,hard,8b7d4695f32523c96c79e649252f6f7b9f85eab9a7f6973a565553a740c47c5f,evaluator_v2.3,1.0,55097.0,3,SingleAgent-AllTools,0.087,0.5,0.8889,EXT-AR-048,asset_routing,False,5002
1.0,0.00070364,1.0,True,hard,8b7d4695f32523c96c79e649252f6f7b9f85eab9a7f6973a565553a740c47c5f,evaluator_v2.3,1.0,26316.8,2,KAFarmTwin-TypedRepair,1.0,1.0,1.0,EXT-AR-048,asset_routing,False,3746
0.5,0.00057456,1.0,False,easy,8b7d4695f32523c96c79e649252f6f7b9f85eab9a7f6973a565553a740c47c5f,evaluator_v2.3,1.0,24294.6,2,KAFarmTwin-TypedRepair,1.0,1.0,1.0,EXT-DB-008,data_binding,False,3137
0.5,0.00027958,1.0,False,easy,8b7d4695f32523c96c79e649252f6f7b9f85eab9a7f6973a565553a740c47c5f,evaluator_v2.3,1.0,14993.8,1,SingleAgent-AllTools,1.0,1.0,0.0,EXT-DB-008,data_binding,False,1418
0.0,0.00144606,1.0,False,easy,8b7d4695f32523c96c79e649252f6f7b9f85eab9a7f6973a565553a740c47c5f,evaluator_v2.3,1.0,85635.1,3,SingleAgent-AllTools,1.0,0.25,0.8,EXT-SC-005,scene_construction,False,6329
0.0,0.0014695799999999998,1.0,True,easy,8b7d4695f32523c96c79e649252f6f7b9f85eab9a7f6973a565553a740c47c5f,evaluator_v2.3,1.0,90612.2,3,KAFarmTwin-TypedRepair,1.0,0.3333,1.0,EXT-SC-005,scene_construction,False,6487
0.0,0.001127,1.0,False,hard,8b7d4695f32523c96c79e649252f6f7b9f85eab9a7f6973a565553a740c47c5f,evaluator_v2.3,1.0,53029.2,3,KAFarmTwin-TypedRepair,0.7134,0.3529,1.0,EXT-SC-054,scene_construction,False,5282
0.0,0.0011718,1.0,False,hard,8b7d4695f32523c96c79e649252f6f7b9f85eab9a7f6973a565553a740c47c5f,evaluator_v2.3,1.0,60865.4,3,SingleAgent-AllTools,0.9912,0.381,0.7692,EXT-SC-054,scene_construction,False,5448
0.0,0.00164962,1.0,True,medium,8b7d4695f32523c96c79e649252f6f7b9f85eab9a7f6973a565553a740c47c5f,evaluator_v2.3,1.0,101364.4,3,SingleAgent-AllTools,1.0,1.0,0.5714,EXT-SC-042,scene_construction,False,7102
0.0,0.0011557,1.0,True,medium,8b7d4695f32523c96c79e649252f6f7b9f85eab9a7f6973a565553a740c47c5f,evaluator_v2.3,1.0,65398.3,3,KAFarmTwin-TypedRepair,1.0,0.9091,1.0,EXT-SC-042,scene_construction,False,5355
0.5,0.00159404,1.0,False,easy,8b7d4695f32523c96c79e649252f6f7b9f85eab9a7f6973a565553a740c47c5f,evaluator_v2.3,1.0,110347.2,2,KAFarmTwin-TypedRepair,1.0,1.0,1.0,EXT-DB-015,data_binding,False,6794
0.5,0.00089698,1.0,False,easy,8b7d4695f32523c96c79e649252f6f7b9f85eab9a7f6973a565553a740c47c5f,evaluator_v2.3,1.0,67252.8,1,SingleAgent-AllTools,1.0,1.0,0.0,EXT-DB-015,data_binding,False,3627
0.0,0.0,1.0,True,hard,8b7d4695f32523c96c79e649252f6f7b9f85eab9a7f6973a565553a740c47c5f,evaluator_v2.3,1.0,2.6,0,SingleAgent-AllTools,0.0,0.0,0.0,EXT-MQ-060,memory_query,False,0
0.0,0.0,1.0,True,hard,8b7d4695f32523c96c79e649252f6f7b9f85eab9a7f6973a565553a740c47c5f,evaluator_v2.3,1.0,2.1,0,KAFarmTwin-TypedRepair,0.0,0.0,0.0,EXT-MQ-060,memory_query,False,0
1.0,0.00028238,1.0,True,hard,8b7d4695f32523c96c79e649252f6f7b9f85eab9a7f6973a565553a740c47c5f,evaluator_v2.3,1.0,7121.1,1,KAFarmTwin-TypedRepair,1.0,1.0,1.0,EXT-RR-059,rule_repair,False,1693
0.0,0.0,1.0,False,hard,8b7d4695f32523c96c79e649252f6f7b9f85eab9a7f6973a565553a740c47c5f,evaluator_v2.3,1.0,0.0,0,SingleAgent-AllTools,1.0,0.0,1.0,EXT-RR-059,rule_repair,False,0
0.6667,0.00028812,1.0,False,medium,8b7d4695f32523c96c79e649252f6f7b9f85eab9a7f6973a565553a740c47c5f,evaluator_v2.3,1.0,13084.5,1,SingleAgent-AllTools,1.0,1.0,0.0,EXT-DB-040,data_binding,False,1463
0.6667,0.00066374,1.0,False,medium,8b7d4695f32523c96c79e649252f6f7b9f85eab9a7f6973a565553a740c47c5f,evaluator_v2.3,1.0,26817.7,2,KAFarmTwin-TypedRepair,1.0,1.0,1.0,EXT-DB-040,data_binding,False,3565
1.0,0.0004683,1.0,False,easy,8b7d4695f32523c96c79e649252f6f7b9f85eab9a7f6973a565553a740c47c5f,evaluator_v2.3,1.0,15732.8,2,KAFarmTwin-TypedRepair,0.3043,1.0,1.0,EXT-AR-009,asset_routing,False,2714
0.0,0.00111398,1.0,False,easy,8b7d4695f32523c96c79e649252f6f7b9f85eab9a7f6973a565553a740c47c5f,evaluator_v2.3,1.0,59202.3,3,SingleAgent-AllTools,0.0563,0.1667,0.6667,EXT-AR-009,asset_routing,False,5238
0.0,0.0,1.0,False,medium,8b7d4695f32523c96c79e649252f6f7b9f85eab9a7f6973a565553a740c47c5f,evaluator_v2.3,1.0,0.0,0,SingleAgent-AllTools,1.0,0.0,1.0,EXT-RR-030,rule_repair,False,0
1.0,0.0002646,1.0,True,medium,8b7d4695f32523c96c79e649252f6f7b9f85eab9a7f6973a565553a740c47c5f,evaluator_v2.3,1.0,8070.9,1,KAFarmTwin-TypedRepair,1.0,1.0,1.0,EXT-RR-030,rule_repair,False,1588
1.0,0.00082726,1.0,False,medium,8b7d4695f32523c96c79e649252f6f7b9f85eab9a7f6973a565553a740c47c5f,evaluator_v2.3,1.0,221626.6,2,KAFarmTwin-TypedRepair,0.1935,1.0,1.0,EXT-AR-019,asset_routing,False,4060
0.0,0.00117642,1.0,False,medium,8b7d4695f32523c96c79e649252f6f7b9f85eab9a7f6973a565553a740c47c5f,evaluator_v2.3,1.0,71337.3,3,SingleAgent-AllTools,0.1875,0.6,0.875,EXT-AR-019,asset_routing,False,5424
0.0,0.00190876,1.0,False,medium,8b7d4695f32523c96c79e649252f6f7b9f85eab9a7f6973a565553a740c47c5f,evaluator_v2.3,1.0,131245.1,3,SingleAgent-AllTools,0.16,0.6667,0.6667,EXT-SC-029,scene_construction,False,8049
0.0,0.00234332,1.0,True,medium,8b7d4695f32523c96c79e649252f6f7b9f85eab9a7f6973a565553a740c47c5f,evaluator_v2.3,1.0,336214.5,3,KAFarmTwin-TypedRepair,1.0,0.625,1.0,EXT-SC-029,scene_construction,False,9622
0.0,0.00256998,1.0,True,easy,8b7d4695f32523c96c79e649252f6f7b9f85eab9a7f6973a565553a740c47c5f,evaluator_v2.3,1.0,184004.2,3,KAFarmTwin-TypedRepair,1.0,0.3636,1.0,EXT-SC-011,scene_construction,False,10484
0.0,0.0011655,1.0,True,easy,8b7d4695f32523c96c79e649252f6f7b9f85eab9a7f6973a565553a740c47c5f,evaluator_v2.3,1.0,73180.9,3,SingleAgent-AllTools,1.0,0.6667,0.75,EXT-SC-011,scene_construction,False,5384
0.0,0.0,1.0,False,medium,8b7d4695f32523c96c79e649252f6f7b9f85eab9a7f6973a565553a740c47c5f,evaluator_v2.3,1.0,0.0,0,SingleAgent-AllTools,1.0,0.0,1.0,EXT-RR-016,rule_repair,False,0
1.0,0.00023646,1.0,True,medium,8b7d4695f32523c96c79e649252f6f7b9f85eab9a7f6973a565553a740c47c5f,evaluator_v2.3,1.0,5373.9,1,KAFarmTwin-TypedRepair,1.0,1.0,1.0,EXT-RR-016,rule_repair,False,1495
0.3333,0.0017719799999999998,1.0,False,medium,8b7d4695f32523c96c79e649252f6f7b9f85eab9a7f6973a565553a740c47c5f,evaluator_v2.3,1.0,64026.9,4,KAFarmTwin-TypedRepair,0.9296,0.5455,1.0,EXT-AR-040,asset_routing,False,9939
0.0,0.00056938,0.0,False,medium,8b7d4695f32523c96c79e649252f6f7b9f85eab9a7f6973a565553a740c47c5f,evaluator_v2.3,0.0,38717.9,1,SingleAgent-AllTools,0.0,0.0,0.0,EXT-AR-040,asset_routing,False,2414
0.0,0.0,1.0,False,easy,8b7d4695f32523c96c79e649252f6f7b9f85eab9a7f6973a565553a740c47c5f,evaluator_v2.3,1.0,0.1,0,SingleAgent-AllTools,1.0,0.0,1.0,EXT-RR-014,rule_repair,False,0
1.0,0.00026096,1.0,True,easy,8b7d4695f32523c96c79e649252f6f7b9f85eab9a7f6973a565553a740c47c5f,evaluator_v2.3,1.0,8874.2,1,KAFarmTwin-TypedRepair,1.0,1.0,1.0,EXT-RR-014,rule_repair,False,1523
1.0,0.0007471800000000001,1.0,True,hard,8b7d4695f32523c96c79e649252f6f7b9f85eab9a7f6973a565553a740c47c5f,evaluator_v2.3,1.0,25145.7,2,KAFarmTwin-TypedRepair,1.0,1.0,1.0,EXT-DB-059,data_binding,False,4283
1.0,0.0003486,1.0,True,hard,8b7d4695f32523c96c79e649252f6f7b9f85eab9a7f6973a565553a740c47c5f,evaluator_v2.3,1.0,18686.1,1,SingleAgent-AllTools,1.0,1.0,0.0,EXT-DB-059,data_binding,False,1737
0.5,0.00028938,1.0,False,easy,8b7d4695f32523c96c79e649252f6f7b9f85eab9a7f6973a565553a740c47c5f,evaluator_v2.3,1.0,13856.3,1,SingleAgent-AllTools,1.0,1.0,0.0,EXT-DB-005,data_binding,False,1458
0.5,0.00061502,1.0,False,easy,8b7d4695f32523c96c79e649252f6f7b9f85eab9a7f6973a565553a740c47c5f,evaluator_v2.3,1.0,32655.8,2,KAFarmTwin-TypedRepair,1.0,1.0,1.0,EXT-DB-005,data_binding,False,3290
0.5,0.0005884200000000001,1.0,False,easy,8b7d4695f32523c96c79e649252f6f7b9f85eab9a7f6973a565553a740c47c5f,evaluator_v2.3,1.0,23535.0,2,KAFarmTwin-TypedRepair,1.0,1.0,1.0,EXT-DB-014,data_binding,False,3197
0.5,0.0002793,1.0,False,easy,8b7d4695f32523c96c79e649252f6f7b9f85eab9a7f6973a565553a740c47c5f,evaluator_v2.3,1.0,19318.7,1,SingleAgent-AllTools,1.0,1.0,0.0,EXT-DB-014,data_binding,False,1421
0.0,0.0,1.0,False,hard,8b7d4695f32523c96c79e649252f6f7b9f85eab9a7f6973a565553a740c47c5f,evaluator_v2.3,1.0,0.0,0,SingleAgent-AllTools,0.0,0.0,1.0,EXT-SC-049,scene_construction,True,0
0.0,0.0025262999999999996,1.0,True,hard,8b7d4695f32523c96c79e649252f6f7b9f85eab9a7f6973a565553a740c47c5f,evaluator_v2.3,1.0,177992.3,3,KAFarmTwin-TypedRepair,1.0,1.0,1.0,EXT-SC-049,scene_construction,False,10236
1.0,0.00029652,1.0,True,hard,8b7d4695f32523c96c79e649252f6f7b9f85eab9a7f6973a565553a740c47c5f,evaluator_v2.3,1.0,8068.4,1,KAFarmTwin-TypedRepair,1.0,1.0,1.0,EXT-RR-048,rule_repair,False,1764
0.0,0.0,1.0,False,hard,8b7d4695f32523c96c79e649252f6f7b9f85eab9a7f6973a565553a740c47c5f,evaluator_v2.3,1.0,0.0,0,SingleAgent-AllTools,1.0,0.0,1.0,EXT-RR-048,rule_repair,False,0
0.0,0.00126938,1.0,True,hard,8b7d4695f32523c96c79e649252f6f7b9f85eab9a7f6973a565553a740c47c5f,evaluator_v2.3,1.0,75002.3,3,SingleAgent-AllTools,1.0,0.6667,0.625,EXT-SC-050,scene_construction,False,5751
0.0,0.0016597,1.0,True,hard,8b7d4695f32523c96c79e649252f6f7b9f85eab9a7f6973a565553a740c47c5f,evaluator_v2.3,1.0,104867.5,3,KAFarmTwin-TypedRepair,1.0,1.0,1.0,EXT-SC-050,scene_construction,False,7144
0.0,0.0,1.0,True,medium,8b7d4695f32523c96c79e649252f6f7b9f85eab9a7f6973a565553a740c47c5f,evaluator_v2.3,1.0,2.4,0,KAFarmTwin-TypedRepair,0.0,0.0,0.0,EXT-MQ-039,memory_query,False,0
0.0,0.0,1.0,True,medium,8b7d4695f32523c96c79e649252f6f7b9f85eab9a7f6973a565553a740c47c5f,evaluator_v2.3,1.0,1.9,0,SingleAgent-AllTools,0.0,0.0,0.0,EXT-MQ-039,memory_query,False,0
0.0,0.0008671600000000001,1.0,False,easy,8b7d4695f32523c96c79e649252f6f7b9f85eab9a7f6973a565553a740c47c5f,evaluator_v2.3,1.0,45078.6,3,SingleAgent-AllTools,0.0444,0.4,1.0,EXT-AR-002,asset_routing,False,4306
0.5,0.0004932199999999999,1.0,False,easy,8b7d4695f32523c96c79e649252f6f7b9f85eab9a7f6973a565553a740c47c5f,evaluator_v2.3,1.0,16734.2,2,KAFarmTwin-TypedRepair,1.0,1.0,1.0,EXT-AR-002,asset_routing,False,2797
1.0,0.00020622,1.0,True,medium,8b7d4695f32523c96c79e649252f6f7b9f85eab9a7f6973a565553a740c47c5f,evaluator_v2.3,1.0,3039.3,1,KAFarmTwin-TypedRepair,1.0,1.0,1.0,EXT-RR-042,rule_repair,False,1380
0.0,0.0,1.0,False,medium,8b7d4695f32523c96c79e649252f6f7b9f85eab9a7f6973a565553a740c47c5f,evaluator_v2.3,1.0,0.0,0,SingleAgent-AllTools,1.0,0.0,1.0,EXT-RR-042,rule_repair,False,0
0.0,0.00085848,1.0,False,hard,8b7d4695f32523c96c79e649252f6f7b9f85eab9a7f6973a565553a740c47c5f,evaluator_v2.3,1.0,40723.7,3,SingleAgent-AllTools,0.0635,0.6154,0.7,EXT-AR-059,asset_routing,False,4309
1.0,0.00109186,1.0,False,hard,8b7d4695f32523c96c79e649252f6f7b9f85eab9a7f6973a565553a740c47c5f,evaluator_v2.3,1.0,61995.8,2,KAFarmTwin-TypedRepair,0.3,0.6,1.0,EXT-AR-059,asset_routing,False,5113
1.0,0.00058632,1.0,False,medium,8b7d4695f32523c96c79e649252f6f7b9f85eab9a7f6973a565553a740c47c5f,evaluator_v2.3,1.0,22620.4,2,KAFarmTwin-TypedRepair,0.3889,0.75,1.0,EXT-AR-021,asset_routing,False,3197
0.0,0.00120302,1.0,False,medium,8b7d4695f32523c96c79e649252f6f7b9f85eab9a7f6973a565553a740c47c5f,evaluator_v2.3,1.0,67368.6,3,SingleAgent-AllTools,0.1538,0.2667,0.9231,EXT-AR-021,asset_routing,False,5544
0.0,0.00111104,1.0,False,medium,8b7d4695f32523c96c79e649252f6f7b9f85eab9a7f6973a565553a740c47c5f,evaluator_v2.3,1.0,242981.7,3,SingleAgent-AllTools,0.0513,0.2667,0.8571,EXT-AR-041,asset_routing,False,5284
1.0,0.00058366,1.0,False,medium,8b7d4695f32523c96c79e649252f6f7b9f85eab9a7f6973a565553a740c47c5f,evaluator_v2.3,1.0,19979.0,2,KAFarmTwin-TypedRepair,0.2368,0.75,1.0,EXT-AR-041,asset_routing,False,3217
1.0,0.00062342,1.0,True,medium,8b7d4695f32523c96c79e649252f6f7b9f85eab9a7f6973a565553a740c47c5f,evaluator_v2.3,1.0,23083.1,2,KAFarmTwin-TypedRepair,1.0,1.0,1.0,EXT-DB-026,data_binding,False,3425
0.6667,0.0003052,1.0,False,medium,8b7d4695f32523c96c79e649252f6f7b9f85eab9a7f6973a565553a740c47c5f,evaluator_v2.3,1.0,13009.0,1,SingleAgent-AllTools,1.0,1.0,0.0,EXT-DB-026,data_binding,False,1526
0.6667,0.00030198,1.0,False,medium,8b7d4695f32523c96c79e649252f6f7b9f85eab9a7f6973a565553a740c47c5f,evaluator_v2.3,1.0,14077.6,1,SingleAgent-AllTools,1.0,1.0,0.0,EXT-DB-024,data_binding,False,1517
0.6667,0.00065226,1.0,False,medium,8b7d4695f32523c96c79e649252f6f7b9f85eab9a7f6973a565553a740c47c5f,evaluator_v2.3,1.0,25028.9,2,KAFarmTwin-TypedRepair,1.0,1.0,1.0,EXT-DB-024,data_binding,False,3539
1.0,0.00049224,1.0,True,easy,8b7d4695f32523c96c79e649252f6f7b9f85eab9a7f6973a565553a740c47c5f,evaluator_v2.3,1.0,16249.4,2,KAFarmTwin-TypedRepair,1.0,1.0,1.0,EXT-AR-008,asset_routing,False,2772
0.0,0.00131152,1.0,False,easy,8b7d4695f32523c96c79e649252f6f7b9f85eab9a7f6973a565553a740c47c5f,evaluator_v2.3,1.0,71353.2,3,SingleAgent-AllTools,0.0541,0.0,0.75,EXT-AR-008,asset_routing,False,5850
0.0,0.00088984,1.0,True,hard,8b7d4695f32523c96c79e649252f6f7b9f85eab9a7f6973a565553a740c47c5f,evaluator_v2.3,1.0,39641.9,3,SingleAgent-AllTools,1.0,1.0,0.625,EXT-SC-046,scene_construction,False,4391
0.0,0.0011757199999999999,1.0,False,hard,8b7d4695f32523c96c79e649252f6f7b9f85eab9a7f6973a565553a740c47c5f,evaluator_v2.3,1.0,65451.7,3,KAFarmTwin-TypedRepair,0.9888,0.7273,1.0,EXT-SC-046,scene_construction,False,5404
0.0,0.0,1.0,True,medium,8b7d4695f32523c96c79e649252f6f7b9f85eab9a7f6973a565553a740c47c5f,evaluator_v2.3,1.0,2.3,0,KAFarmTwin-TypedRepair,0.0,0.0,0.0,EXT-MQ-029,memory_query,False,0
0.0,0.0,1.0,True,medium,8b7d4695f32523c96c79e649252f6f7b9f85eab9a7f6973a565553a740c47c5f,evaluator_v2.3,1.0,1.8,0,SingleAgent-AllTools,0.0,0.0,0.0,EXT-MQ-029,memory_query,False,0
0.0,0.0,1.0,True,easy,8b7d4695f32523c96c79e649252f6f7b9f85eab9a7f6973a565553a740c47c5f,evaluator_v2.3,1.0,1.5,0,SingleAgent-AllTools,0.0,0.0,0.0,EXT-MQ-008,memory_query,False,0
0.0,0.0,1.0,True,easy,8b7d4695f32523c96c79e649252f6f7b9f85eab9a7f6973a565553a740c47c5f,evaluator_v2.3,1.0,1.2,0,KAFarmTwin-TypedRepair,0.0,0.0,0.0,EXT-MQ-008,memory_query,False,0
1.0,0.00022386,1.0,True,hard,8b7d4695f32523c96c79e649252f6f7b9f85eab9a7f6973a565553a740c47c5f,evaluator_v2.3,1.0,2808.3,1,KAFarmTwin-TypedRepair,1.0,1.0,1.0,EXT-RR-052,rule_repair,False,1504
0.0,0.0,1.0,False,hard,8b7d4695f32523c96c79e649252f6f7b9f85eab9a7f6973a565553a740c47c5f,evaluator_v2.3,1.0,0.0,0,SingleAgent-AllTools,1.0,0.0,1.0,EXT-RR-052,rule_repair,False,0
0.75,0.00035784,1.0,False,medium,8b7d4695f32523c96c79e649252f6f7b9f85eab9a7f6973a565553a740c47c5f,evaluator_v2.3,1.0,16085.4,1,SingleAgent-AllTools,1.0,1.0,0.0,EXT-DB-021,data_binding,False,1734
1.0,0.00063784,1.0,True,medium,8b7d4695f32523c96c79e649252f6f7b9f85eab9a7f6973a565553a740c47c5f,evaluator_v2.3,1.0,20091.2,2,KAFarmTwin-TypedRepair,1.0,1.0,1.0,EXT-DB-021,data_binding,False,3595
1.0,0.00018914,1.0,True,easy,8b7d4695f32523c96c79e649252f6f7b9f85eab9a7f6973a565553a740c47c5f,evaluator_v2.3,1.0,3056.3,1,KAFarmTwin-TypedRepair,1.0,1.0,1.0,EXT-RR-003,rule_repair,False,1252
0.0,0.0,1.0,False,easy,8b7d4695f32523c96c79e649252f6f7b9f85eab9a7f6973a565553a740c47c5f,evaluator_v2.3,1.0,0.0,0,SingleAgent-AllTools,1.0,0.0,1.0,EXT-RR-003,rule_repair,False,0
0.0,0.0,1.0,False,medium,8b7d4695f32523c96c79e649252f6f7b9f85eab9a7f6973a565553a740c47c5f,evaluator_v2.3,1.0,0.0,0,SingleAgent-AllTools,1.0,0.0,1.0,EXT-RR-029,rule_repair,False,0
1.0,0.00021364,1.0,True,medium,8b7d4695f32523c96c79e649252f6f7b9f85eab9a7f6973a565553a740c47c5f,evaluator_v2.3,1.0,3292.4,1,KAFarmTwin-TypedRepair,1.0,1.0,1.0,EXT-RR-029,rule_repair,False,1399
1.0,0.00020482,1.0,True,medium,8b7d4695f32523c96c79e649252f6f7b9f85eab9a7f6973a565553a740c47c5f,evaluator_v2.3,1.0,2711.1,1,KAFarmTwin-TypedRepair,1.0,1.0,1.0,EXT-RR-038,rule_repair,False,1377
0.0,0.0,1.0,False,medium,8b7d4695f32523c96c79e649252f6f7b9f85eab9a7f6973a565553a740c47c5f,evaluator_v2.3,1.0,0.0,0,SingleAgent-AllTools,1.0,0.0,1.0,EXT-RR-038,rule_repair,False,0
0.0,0.0,1.0,False,easy,8b7d4695f32523c96c79e649252f6f7b9f85eab9a7f6973a565553a740c47c5f,evaluator_v2.3,1.0,0.0,0,SingleAgent-AllTools,1.0,0.0,1.0,EXT-RR-009,rule_repair,False,0
1.0,0.00025242,1.0,True,easy,8b7d4695f32523c96c79e649252f6f7b9f85eab9a7f6973a565553a740c47c5f,evaluator_v2.3,1.0,6942.5,1,KAFarmTwin-TypedRepair,1.0,1.0,1.0,EXT-RR-009,rule_repair,False,1483
0.0,0.00108822,1.0,True,hard,8b7d4695f32523c96c79e649252f6f7b9f85eab9a7f6973a565553a740c47c5f,evaluator_v2.3,1.0,56079.9,3,KAFarmTwin-TypedRepair,1.0,0.9231,1.0,EXT-SC-051,scene_construction,False,5112
0.0,0.00232358,1.0,False,hard,8b7d4695f32523c96c79e649252f6f7b9f85eab9a7f6973a565553a740c47c5f,evaluator_v2.3,1.0,143461.3,3,SingleAgent-AllTools,0.9908,0.3333,0.8,EXT-SC-051,scene_construction,False,9587
0.0,0.0,1.0,False,medium,8b7d4695f32523c96c79e649252f6f7b9f85eab9a7f6973a565553a740c47c5f,evaluator_v2.3,1.0,0.0,0,SingleAgent-AllTools,1.0,0.0,1.0,EXT-RR-037,rule_repair,False,0
1.0,0.00026992,1.0,True,medium,8b7d4695f32523c96c79e649252f6f7b9f85eab9a7f6973a565553a740c47c5f,evaluator_v2.3,1.0,7808.1,1,KAFarmTwin-TypedRepair,1.0,1.0,1.0,EXT-RR-037,rule_repair,False,1601
1.0,0.00020356,1.0,True,medium,8b7d4695f32523c96c79e649252f6f7b9f85eab9a7f6973a565553a740c47c5f,evaluator_v2.3,1.0,2624.2,1,KAFarmTwin-TypedRepair,1.0,1.0,1.0,EXT-RR-034,rule_repair,False,1372
0.0,0.0,1.0,False,medium,8b7d4695f32523c96c79e649252f6f7b9f85eab9a7f6973a565553a740c47c5f,evaluator_v2.3,1.0,0.0,0,SingleAgent-AllTools,1.0,0.0,1.0,EXT-RR-034,rule_repair,False,0
0.0,0.00122136,1.0,False,medium,8b7d4695f32523c96c79e649252f6f7b9f85eab9a7f6973a565553a740c47c5f,evaluator_v2.3,1.0,63828.7,3,SingleAgent-AllTools,1.0,0.6667,0.7273,EXT-SC-022,scene_construction,False,5600
0.0,0.00100548,1.0,True,medium,8b7d4695f32523c96c79e649252f6f7b9f85eab9a7f6973a565553a740c47c5f,evaluator_v2.3,1.0,49421.2,3,KAFarmTwin-TypedRepair,1.0,1.0,1.0,EXT-SC-022,scene_construction,False,4797
0.0,0.0,1.0,True,medium,8b7d4695f32523c96c79e649252f6f7b9f85eab9a7f6973a565553a740c47c5f,evaluator_v2.3,1.0,2.1,0,KAFarmTwin-TypedRepair,0.0,0.0,0.0,EXT-MQ-032,memory_query,False,0
0.0,0.0,1.0,True,medium,8b7d4695f32523c96c79e649252f6f7b9f85eab9a7f6973a565553a740c47c5f,evaluator_v2.3,1.0,1.7,0,SingleAgent-AllTools,0.0,0.0,0.0,EXT-MQ-032,memory_query,False,0
1.0,0.00031794,1.0,True,medium,8b7d4695f32523c96c79e649252f6f7b9f85eab9a7f6973a565553a740c47c5f,evaluator_v2.3,1.0,12990.7,1,SingleAgent-AllTools,1.0,1.0,0.0,EXT-DB-037,data_binding,False,1591
1.0,0.0006407800000000001,1.0,True,medium,8b7d4695f32523c96c79e649252f6f7b9f85eab9a7f6973a565553a740c47c5f,evaluator_v2.3,1.0,21970.9,2,KAFarmTwin-TypedRepair,1.0,1.0,1.0,EXT-DB-037,data_binding,False,3602
1.0,0.00029064,1.0,True,hard,8b7d4695f32523c96c79e649252f6f7b9f85eab9a7f6973a565553a740c47c5f,evaluator_v2.3,1.0,7379.1,1,KAFarmTwin-TypedRepair,1.0,1.0,1.0,EXT-RR-056,rule_repair,False,1742
0.0,0.0,1.0,False,hard,8b7d4695f32523c96c79e649252f6f7b9f85eab9a7f6973a565553a740c47c5f,evaluator_v2.3,1.0,0.0,0,SingleAgent-AllTools,1.0,0.0,1.0,EXT-RR-056,rule_repair,False,0
0.0,0.0,1.0,False,medium,8b7d4695f32523c96c79e649252f6f7b9f85eab9a7f6973a565553a740c47c5f,evaluator_v2.3,1.0,0.1,0,SingleAgent-AllTools,1.0,0.0,1.0,EXT-RR-021,rule_repair,False,0
1.0,0.00027426,1.0,True,medium,8b7d4695f32523c96c79e649252f6f7b9f85eab9a7f6973a565553a740c47c5f,evaluator_v2.3,1.0,7418.4,1,KAFarmTwin-TypedRepair,1.0,1.0,1.0,EXT-RR-021,rule_repair,False,1615
0.0,0.0,1.0,True,easy,8b7d4695f32523c96c79e649252f6f7b9f85eab9a7f6973a565553a740c47c5f,evaluator_v2.3,1.0,1.6,0,KAFarmTwin-TypedRepair,0.0,0.0,0.0,EXT-MQ-004,memory_query,False,0
0.0,0.0,1.0,True,easy,8b7d4695f32523c96c79e649252f6f7b9f85eab9a7f6973a565553a740c47c5f,evaluator_v2.3,1.0,1.3,0,SingleAgent-AllTools,0.0,0.0,0.0,EXT-MQ-004,memory_query,False,0
0.0,0.00142828,1.0,False,medium,8b7d4695f32523c96c79e649252f6f7b9f85eab9a7f6973a565553a740c47c5f,evaluator_v2.3,1.0,79639.2,3,SingleAgent-AllTools,0.3636,0.129,0.6071,EXT-AR-045,asset_routing,False,6495
1.0,0.00053046,1.0,False,medium,8b7d4695f32523c96c79e649252f6f7b9f85eab9a7f6973a565553a740c47c5f,evaluator_v2.3,1.0,18248.3,2,KAFarmTwin-TypedRepair,0.963,0.75,1.0,EXT-AR-045,asset_routing,False,3029
1.0,0.00137312,1.0,False,hard,8b7d4695f32523c96c79e649252f6f7b9f85eab9a7f6973a565553a740c47c5f,evaluator_v2.3,1.0,80727.9,2,KAFarmTwin-TypedRepair,0.1935,1.0,1.0,EXT-AR-054,asset_routing,False,6130
0.0,0.0011790799999999999,1.0,False,hard,8b7d4695f32523c96c79e649252f6f7b9f85eab9a7f6973a565553a740c47c5f,evaluator_v2.3,1.0,58987.3,3,SingleAgent-AllTools,0.125,0.6154,0.9,EXT-AR-054,asset_routing,False,5445
0.0,0.0,1.0,True,medium,8b7d4695f32523c96c79e649252f6f7b9f85eab9a7f6973a565553a740c47c5f,evaluator_v2.3,1.0,1.8,0,SingleAgent-AllTools,0.0,0.0,0.0,EXT-MQ-043,memory_query,False,0
0.0,0.0,1.0,True,medium,8b7d4695f32523c96c79e649252f6f7b9f85eab9a7f6973a565553a740c47c5f,evaluator_v2.3,1.0,1.5,0,KAFarmTwin-TypedRepair,0.0,0.0,0.0,EXT-MQ-043,memory_query,False,0
1.0,0.00025858,1.0,True,easy,8b7d4695f32523c96c79e649252f6f7b9f85eab9a7f6973a565553a740c47c5f,evaluator_v2.3,1.0,6406.4,1,KAFarmTwin-TypedRepair,1.0,1.0,1.0,EXT-RR-004,rule_repair,False,1520
0.0,0.0,1.0,False,easy,8b7d4695f32523c96c79e649252f6f7b9f85eab9a7f6973a565553a740c47c5f,evaluator_v2.3,1.0,0.0,0,SingleAgent-AllTools,1.0,0.0,1.0,EXT-RR-004,rule_repair,False,0
0.75,0.00035476,1.0,False,medium,8b7d4695f32523c96c79e649252f6f7b9f85eab9a7f6973a565553a740c47c5f,evaluator_v2.3,1.0,16111.9,1,SingleAgent-AllTools,1.0,1.0,0.0,EXT-DB-019,data_binding,False,1723
0.75,0.00064512,1.0,False,medium,8b7d4695f32523c96c79e649252f6f7b9f85eab9a7f6973a565553a740c47c5f,evaluator_v2.3,1.0,21526.5,2,KAFarmTwin-TypedRepair,1.0,1.0,1.0,EXT-DB-019,data_binding,False,3626
0.0,0.00114086,1.0,True,easy,8b7d4695f32523c96c79e649252f6f7b9f85eab9a7f6973a565553a740c47c5f,evaluator_v2.3,1.0,60584.8,3,KAFarmTwin-TypedRepair,1.0,1.0,1.0,EXT-SC-008,scene_construction,False,5270
0.0,0.0008944599999999999,1.0,True,easy,8b7d4695f32523c96c79e649252f6f7b9f85eab9a7f6973a565553a740c47c5f,evaluator_v2.3,1.0,42347.5,3,SingleAgent-AllTools,1.0,1.0,0.6667,EXT-SC-008,scene_construction,False,4398
0.0,0.0008342600000000001,1.0,False,hard,8b7d4695f32523c96c79e649252f6f7b9f85eab9a7f6973a565553a740c47c5f,evaluator_v2.3,1.0,35693.2,3,SingleAgent-AllTools,0.0656,0.7273,0.7,EXT-AR-052,asset_routing,False,4229
0.75,0.0006398,1.0,False,hard,8b7d4695f32523c96c79e649252f6f7b9f85eab9a7f6973a565553a740c47c5f,evaluator_v2.3,1.0,22055.5,2,KAFarmTwin-TypedRepair,0.931,0.6,1.0,EXT-AR-052,asset_routing,False,3508
0.0,0.0010624599999999999,1.0,True,medium,8b7d4695f32523c96c79e649252f6f7b9f85eab9a7f6973a565553a740c47c5f,evaluator_v2.3,1.0,54893.4,3,KAFarmTwin-TypedRepair,1.0,1.0,1.0,EXT-SC-019,scene_construction,False,4996
0.0,0.0010899,1.0,True,medium,8b7d4695f32523c96c79e649252f6f7b9f85eab9a7f6973a565553a740c47c5f,evaluator_v2.3,1.0,56974.7,3,SingleAgent-AllTools,1.0,1.0,0.5714,EXT-SC-019,scene_construction,False,5099
0.0,0.00114562,1.0,True,easy,8b7d4695f32523c96c79e649252f6f7b9f85eab9a7f6973a565553a740c47c5f,evaluator_v2.3,1.0,63348.8,3,SingleAgent-AllTools,0.9767,0.8889,0.75,EXT-SC-007,scene_construction,False,5303
0.0,0.00134358,1.0,True,easy,8b7d4695f32523c96c79e649252f6f7b9f85eab9a7f6973a565553a740c47c5f,evaluator_v2.3,1.0,69850.1,3,KAFarmTwin-TypedRepair,1.0,0.3333,1.0,EXT-SC-007,scene_construction,False,6110
1.0,0.00026544,1.0,True,medium,8b7d4695f32523c96c79e649252f6f7b9f85eab9a7f6973a565553a740c47c5f,evaluator_v2.3,1.0,7520.6,1,KAFarmTwin-TypedRepair,1.0,1.0,1.0,EXT-RR-033,rule_repair,False,1584
0.0,0.0,1.0,False,medium,8b7d4695f32523c96c79e649252f6f7b9f85eab9a7f6973a565553a740c47c5f,evaluator_v2.3,1.0,0.0,0,SingleAgent-AllTools,1.0,0.0,1.0,EXT-RR-033,rule_repair,False,0
0.0,0.00115794,1.0,False,medium,8b7d4695f32523c96c79e649252f6f7b9f85eab9a7f6973a565553a740c47c5f,evaluator_v2.3,1.0,63174.4,3,SingleAgent-AllTools,0.04,0.3077,0.9091,EXT-AR-016,asset_routing,False,5378
1.0,0.0009669800000000001,1.0,True,medium,8b7d4695f32523c96c79e649252f6f7b9f85eab9a7f6973a565553a740c47c5f,evaluator_v2.3,1.0,50190.1,2,KAFarmTwin-TypedRepair,1.0,1.0,1.0,EXT-AR-016,asset_routing,False,4559
1.0,0.00025298,1.0,True,easy,8b7d4695f32523c96c79e649252f6f7b9f85eab9a7f6973a565553a740c47c5f,evaluator_v2.3,1.0,7102.1,1,KAFarmTwin-TypedRepair,1.0,1.0,1.0,EXT-RR-013,rule_repair,False,1485
0.0,0.0,1.0,False,easy,8b7d4695f32523c96c79e649252f6f7b9f85eab9a7f6973a565553a740c47c5f,evaluator_v2.3,1.0,0.0,0,SingleAgent-AllTools,1.0,0.0,1.0,EXT-RR-013,rule_repair,False,0
0.75,0.00030394,1.0,False,medium,8b7d4695f32523c96c79e649252f6f7b9f85eab9a7f6973a565553a740c47c5f,evaluator_v2.3,1.0,13767.9,1,SingleAgent-AllTools,1.0,1.0,0.0,EXT-DB-027,data_binding,False,1538
0.0,0.00065072,1.0,False,medium,8b7d4695f32523c96c79e649252f6f7b9f85eab9a7f6973a565553a740c47c5f,evaluator_v2.3,1.0,23386.7,2,KAFarmTwin-TypedRepair,1.0,1.0,1.0,EXT-DB-027,data_binding,False,3615
1.0,0.0006998600000000001,1.0,True,medium,8b7d4695f32523c96c79e649252f6f7b9f85eab9a7f6973a565553a740c47c5f,evaluator_v2.3,1.0,26024.8,2,KAFarmTwin-TypedRepair,1.0,1.0,1.0,EXT-DB-017,data_binding,False,3813
1.0,0.00031654,1.0,True,medium,8b7d4695f32523c96c79e649252f6f7b9f85eab9a7f6973a565553a740c47c5f,evaluator_v2.3,1.0,15153.0,1,SingleAgent-AllTools,1.0,1.0,0.0,EXT-DB-017,data_binding,False,1586
0.6667,0.0002905,1.0,False,medium,8b7d4695f32523c96c79e649252f6f7b9f85eab9a7f6973a565553a740c47c5f,evaluator_v2.3,1.0,11876.8,1,SingleAgent-AllTools,1.0,1.0,0.0,EXT-DB-016,data_binding,False,1472
0.6667,0.0006274799999999999,1.0,False,medium,8b7d4695f32523c96c79e649252f6f7b9f85eab9a7f6973a565553a740c47c5f,evaluator_v2.3,1.0,24998.1,2,KAFarmTwin-TypedRepair,1.0,1.0,1.0,EXT-DB-016,data_binding,False,3430
0.0,0.0,1.0,True,medium,8b7d4695f32523c96c79e649252f6f7b9f85eab9a7f6973a565553a740c47c5f,evaluator_v2.3,1.0,1.4,0,KAFarmTwin-TypedRepair,0.0,0.0,0.0,EXT-MQ-025,memory_query,False,0
0.0,0.0,1.0,True,medium,8b7d4695f32523c96c79e649252f6f7b9f85eab9a7f6973a565553a740c47c5f,evaluator_v2.3,1.0,1.1,0,SingleAgent-AllTools,0.0,0.0,0.0,EXT-MQ-025,memory_query,False,0
0.0,0.00057736,0.0,False,hard,8b7d4695f32523c96c79e649252f6f7b9f85eab9a7f6973a565553a740c47c5f,evaluator_v2.3,0.0,34318.2,1,SingleAgent-AllTools,0.0,0.0,0.0,EXT-AR-060,asset_routing,False,2444
0.6667,0.0006787200000000001,1.0,False,hard,8b7d4695f32523c96c79e649252f6f7b9f85eab9a7f6973a565553a740c47c5f,evaluator_v2.3,1.0,23997.4,2,KAFarmTwin-TypedRepair,0.9474,0.7273,1.0,EXT-AR-060,asset_routing,False,3733
0.5,0.00076048,1.0,False,easy,8b7d4695f32523c96c79e649252f6f7b9f85eab9a7f6973a565553a740c47c5f,evaluator_v2.3,1.0,36828.3,2,KAFarmTwin-TypedRepair,1.0,1.0,1.0,EXT-DB-002,data_binding,False,3803
0.5,0.0005271,1.0,False,easy,8b7d4695f32523c96c79e649252f6f7b9f85eab9a7f6973a565553a740c47c5f,evaluator_v2.3,1.0,28585.2,1,SingleAgent-AllTools,1.0,1.0,0.0,EXT-DB-002,data_binding,False,2303
0.0,0.0,1.0,True,hard,8b7d4695f32523c96c79e649252f6f7b9f85eab9a7f6973a565553a740c47c5f,evaluator_v2.3,1.0,2.1,0,SingleAgent-AllTools,0.0,0.0,0.0,EXT-MQ-049,memory_query,False,0
0.0,0.0,1.0,True,hard,8b7d4695f32523c96c79e649252f6f7b9f85eab9a7f6973a565553a740c47c5f,evaluator_v2.3,1.0,2.1,0,KAFarmTwin-TypedRepair,0.0,0.0,0.0,EXT-MQ-049,memory_query,False,0
0.0,0.0,1.0,True,hard,8b7d4695f32523c96c79e649252f6f7b9f85eab9a7f6973a565553a740c47c5f,evaluator_v2.3,1.0,2.5,0,KAFarmTwin-TypedRepair,0.0,0.0,0.0,EXT-MQ-051,memory_query,False,0
0.0,0.0,1.0,True,hard,8b7d4695f32523c96c79e649252f6f7b9f85eab9a7f6973a565553a740c47c5f,evaluator_v2.3,1.0,2.1,0,SingleAgent-AllTools,0.0,0.0,0.0,EXT-MQ-051,memory_query,False,0
0.0,0.0,1.0,False,hard,8b7d4695f32523c96c79e649252f6f7b9f85eab9a7f6973a565553a740c47c5f,evaluator_v2.3,1.0,0.0,0,SingleAgent-AllTools,1.0,0.0,1.0,EXT-RR-060,rule_repair,False,0
1.0,0.00028714,1.0,True,hard,8b7d4695f32523c96c79e649252f6f7b9f85eab9a7f6973a565553a740c47c5f,evaluator_v2.3,1.0,6986.6,1,KAFarmTwin-TypedRepair,1.0,1.0,1.0,EXT-RR-060,rule_repair,False,1728
0.6667,0.0006028400000000001,1.0,False,medium,8b7d4695f32523c96c79e649252f6f7b9f85eab9a7f6973a565553a740c47c5f,evaluator_v2.3,1.0,21069.7,2,KAFarmTwin-TypedRepair,1.0,1.0,1.0,EXT-DB-032,data_binding,False,3339
0.6667,0.00028826,1.0,False,medium,8b7d4695f32523c96c79e649252f6f7b9f85eab9a7f6973a565553a740c47c5f,evaluator_v2.3,1.0,12051.5,1,SingleAgent-AllTools,1.0,1.0,0.0,EXT-DB-032,data_binding,False,1463
0.0,0.00264026,1.0,False,hard,8b7d4695f32523c96c79e649252f6f7b9f85eab9a7f6973a565553a740c47c5f,evaluator_v2.3,1.0,172496.4,3,SingleAgent-AllTools,0.9877,0.0,0.5714,EXT-SC-060,scene_construction,False,10633
0.0,0.00118034,1.0,False,hard,8b7d4695f32523c96c79e649252f6f7b9f85eab9a7f6973a565553a740c47c5f,evaluator_v2.3,1.0,62509.9,3,KAFarmTwin-TypedRepair,0.9877,0.0,1.0,EXT-SC-060,scene_construction,False,5417
1.0,0.00056546,1.0,False,medium,8b7d4695f32523c96c79e649252f6f7b9f85eab9a7f6973a565553a740c47c5f,evaluator_v2.3,1.0,19374.9,2,KAFarmTwin-TypedRepair,0.9524,0.75,1.0,EXT-AR-030,asset_routing,False,3138
0.0,0.0008100399999999999,1.0,False,medium,8b7d4695f32523c96c79e649252f6f7b9f85eab9a7f6973a565553a740c47c5f,evaluator_v2.3,1.0,40091.0,3,SingleAgent-AllTools,0.8571,0.4444,0.5714,EXT-AR-030,asset_routing,False,4113
0.0,0.0003262,1.0,False,hard,8b7d4695f32523c96c79e649252f6f7b9f85eab9a7f6973a565553a740c47c5f,evaluator_v2.3,1.0,15778.9,1,SingleAgent-AllTools,1.0,1.0,0.0,EXT-DB-056,data_binding,False,1651
0.6667,0.00074998,1.0,False,hard,8b7d4695f32523c96c79e649252f6f7b9f85eab9a7f6973a565553a740c47c5f,evaluator_v2.3,1.0,25947.1,2,KAFarmTwin-TypedRepair,1.0,1.0,1.0,EXT-DB-056,data_binding,False,4259
0.0,0.00107562,1.0,True,hard,8b7d4695f32523c96c79e649252f6f7b9f85eab9a7f6973a565553a740c47c5f,evaluator_v2.3,1.0,58170.3,3,KAFarmTwin-TypedRepair,1.0,0.9231,1.0,EXT-SC-059,scene_construction,False,5070
0.0,0.00101906,1.0,True,hard,8b7d4695f32523c96c79e649252f6f7b9f85eab9a7f6973a565553a740c47c5f,evaluator_v2.3,1.0,53743.2,3,SingleAgent-AllTools,1.0,0.75,0.75,EXT-SC-059,scene_construction,False,4894
0.0,0.00128128,1.0,True,medium,8b7d4695f32523c96c79e649252f6f7b9f85eab9a7f6973a565553a740c47c5f,evaluator_v2.3,1.0,68689.3,3,SingleAgent-AllTools,1.0,0.8333,0.6667,EXT-SC-033,scene_construction,False,5811
0.0,0.00135828,1.0,False,medium,8b7d4695f32523c96c79e649252f6f7b9f85eab9a7f6973a565553a740c47c5f,evaluator_v2.3,1.0,77872.8,3,KAFarmTwin-TypedRepair,0.2353,0.7273,1.0,EXT-SC-033,scene_construction,False,6081
1.0,0.00026138,1.0,True,medium,8b7d4695f32523c96c79e649252f6f7b9f85eab9a7f6973a565553a740c47c5f,evaluator_v2.3,1.0,6874.2,1,KAFarmTwin-TypedRepair,1.0,1.0,1.0,EXT-RR-020,rule_repair,False,1582
0.0,0.0,1.0,False,medium,8b7d4695f32523c96c79e649252f6f7b9f85eab9a7f6973a565553a740c47c5f,evaluator_v2.3,1.0,0.0,0,SingleAgent-AllTools,1.0,0.0,1.0,EXT-RR-020,rule_repair,False,0
0.0,0.0,1.0,True,medium,8b7d4695f32523c96c79e649252f6f7b9f85eab9a7f6973a565553a740c47c5f,evaluator_v2.3,1.0,2.0,0,SingleAgent-AllTools,0.0,0.0,0.0,EXT-MQ-024,memory_query,False,0
0.0,0.0,1.0,True,medium,8b7d4695f32523c96c79e649252f6f7b9f85eab9a7f6973a565553a740c47c5f,evaluator_v2.3,1.0,1.6,0,KAFarmTwin-TypedRepair,0.0,0.0,0.0,EXT-MQ-024,memory_query,False,0
0.6667,0.00076622,1.0,False,hard,8b7d4695f32523c96c79e649252f6f7b9f85eab9a7f6973a565553a740c47c5f,evaluator_v2.3,1.0,26602.2,2,KAFarmTwin-TypedRepair,1.0,1.0,1.0,EXT-DB-060,data_binding,False,4307
0.6667,0.00035364,1.0,False,hard,8b7d4695f32523c96c79e649252f6f7b9f85eab9a7f6973a565553a740c47c5f,evaluator_v2.3,1.0,16111.3,1,SingleAgent-AllTools,1.0,1.0,0.0,EXT-DB-060,data_binding,False,1746
0.0,0.0,1.0,True,easy,8b7d4695f32523c96c79e649252f6f7b9f85eab9a7f6973a565553a740c47c5f,evaluator_v2.3,1.0,2.9,0,SingleAgent-AllTools,0.0,0.0,0.0,EXT-MQ-013,memory_query,False,0
0.0,0.0,1.0,True,easy,8b7d4695f32523c96c79e649252f6f7b9f85eab9a7f6973a565553a740c47c5f,evaluator_v2.3,1.0,1.2,0,KAFarmTwin-TypedRepair,0.0,0.0,0.0,EXT-MQ-013,memory_query,False,0
0.0,0.0,1.0,True,medium,8b7d4695f32523c96c79e649252f6f7b9f85eab9a7f6973a565553a740c47c5f,evaluator_v2.3,1.0,1.5,0,KAFarmTwin-TypedRepair,0.0,0.0,0.0,EXT-MQ-042,memory_query,False,0
0.0,0.0,1.0,True,medium,8b7d4695f32523c96c79e649252f6f7b9f85eab9a7f6973a565553a740c47c5f,evaluator_v2.3,1.0,1.4,0,SingleAgent-AllTools,0.0,0.0,0.0,EXT-MQ-042,memory_query,False,0
1.0,0.0003276,1.0,True,medium,8b7d4695f32523c96c79e649252f6f7b9f85eab9a7f6973a565553a740c47c5f,evaluator_v2.3,1.0,16429.0,1,SingleAgent-AllTools,1.0,1.0,0.0,EXT-DB-023,data_binding,False,1627
0.75,0.00066206,1.0,False,medium,8b7d4695f32523c96c79e649252f6f7b9f85eab9a7f6973a565553a740c47c5f,evaluator_v2.3,1.0,24196.7,2,KAFarmTwin-TypedRepair,1.0,1.0,1.0,EXT-DB-023,data_binding,False,3686
0.0,0.0020237,1.0,True,easy,8b7d4695f32523c96c79e649252f6f7b9f85eab9a7f6973a565553a740c47c5f,evaluator_v2.3,1.0,136825.7,3,KAFarmTwin-TypedRepair,1.0,0.4211,1.0,EXT-SC-015,scene_construction,False,8565
0.0,0.0010647,1.0,True,easy,8b7d4695f32523c96c79e649252f6f7b9f85eab9a7f6973a565553a740c47c5f,evaluator_v2.3,1.0,60357.6,3,SingleAgent-AllTools,1.0,1.0,0.6667,EXT-SC-015,scene_construction,False,5007
0.0,0.0,1.0,True,medium,8b7d4695f32523c96c79e649252f6f7b9f85eab9a7f6973a565553a740c47c5f,evaluator_v2.3,1.0,2.2,0,SingleAgent-AllTools,0.0,0.0,0.0,EXT-MQ-020,memory_query,False,0
0.0,0.0,1.0,True,medium,8b7d4695f32523c96c79e649252f6f7b9f85eab9a7f6973a565553a740c47c5f,evaluator_v2.3,1.0,1.8,0,KAFarmTwin-TypedRepair,0.0,0.0,0.0,EXT-MQ-020,memory_query,False,0
0.0,0.0010903199999999999,1.0,False,easy,8b7d4695f32523c96c79e649252f6f7b9f85eab9a7f6973a565553a740c47c5f,evaluator_v2.3,1.0,62224.9,3,KAFarmTwin-TypedRepair,0.2353,0.5,1.0,EXT-SC-001,scene_construction,False,5051
0.0,0.00112448,1.0,False,easy,8b7d4695f32523c96c79e649252f6f7b9f85eab9a7f6973a565553a740c47c5f,evaluator_v2.3,1.0,62902.5,3,SingleAgent-AllTools,0.2353,0.6667,0.8,EXT-SC-001,scene_construction,False,5174
0.5,0.00028924,1.0,False,easy,8b7d4695f32523c96c79e649252f6f7b9f85eab9a7f6973a565553a740c47c5f,evaluator_v2.3,1.0,13563.1,1,SingleAgent-AllTools,1.0,1.0,0.0,EXT-DB-007,data_binding,False,1453
0.5,0.0005663,1.0,False,easy,8b7d4695f32523c96c79e649252f6f7b9f85eab9a7f6973a565553a740c47c5f,evaluator_v2.3,1.0,22403.6,2,KAFarmTwin-TypedRepair,1.0,1.0,1.0,EXT-DB-007,data_binding,False,3112
1.0,0.00062342,1.0,True,medium,8b7d4695f32523c96c79e649252f6f7b9f85eab9a7f6973a565553a740c47c5f,evaluator_v2.3,1.0,26880.3,2,KAFarmTwin-TypedRepair,1.0,1.0,1.0,EXT-DB-022,data_binding,False,3425
0.6667,0.00027244,1.0,False,medium,8b7d4695f32523c96c79e649252f6f7b9f85eab9a7f6973a565553a740c47c5f,evaluator_v2.3,1.0,11050.3,1,SingleAgent-AllTools,1.0,1.0,0.0,EXT-DB-022,data_binding,False,1409
0.0,0.00049826,1.0,False,easy,8b7d4695f32523c96c79e649252f6f7b9f85eab9a7f6973a565553a740c47c5f,evaluator_v2.3,0.0,28953.6,1,SingleAgent-AllTools,0.0,0.0,0.0,EXT-AR-005,asset_routing,False,2149
1.0,0.00051422,1.0,True,easy,8b7d4695f32523c96c79e649252f6f7b9f85eab9a7f6973a565553a740c47c5f,evaluator_v2.3,1.0,18639.9,2,KAFarmTwin-TypedRepair,1.0,1.0,1.0,EXT-AR-005,asset_routing,False,2874
1.0,0.00027034,1.0,True,medium,8b7d4695f32523c96c79e649252f6f7b9f85eab9a7f6973a565553a740c47c5f,evaluator_v2.3,1.0,7494.5,1,KAFarmTwin-TypedRepair,1.0,1.0,1.0,EXT-RR-039,rule_repair,False,1596
0.0,0.0,1.0,False,medium,8b7d4695f32523c96c79e649252f6f7b9f85eab9a7f6973a565553a740c47c5f,evaluator_v2.3,1.0,0.0,0,SingleAgent-AllTools,1.0,0.0,1.0,EXT-RR-039,rule_repair,False,0
0.0,0.0011053,1.0,False,easy,8b7d4695f32523c96c79e649252f6f7b9f85eab9a7f6973a565553a740c47c5f,evaluator_v2.3,1.0,247834.7,3,SingleAgent-AllTools,0.0,0.0,1.0,EXT-AR-007,asset_routing,False,5107
1.0,0.00048397999999999996,1.0,False,easy,8b7d4695f32523c96c79e649252f6f7b9f85eab9a7f6973a565553a740c47c5f,evaluator_v2.3,1.0,17557.5,2,KAFarmTwin-TypedRepair,0.3333,1.0,1.0,EXT-AR-007,asset_routing,False,2765
0.0,0.00158186,1.0,True,medium,8b7d4695f32523c96c79e649252f6f7b9f85eab9a7f6973a565553a740c47c5f,evaluator_v2.3,1.0,95107.5,3,KAFarmTwin-TypedRepair,1.0,1.0,1.0,EXT-SC-026,scene_construction,False,6851
0.0,0.0012593,1.0,True,medium,8b7d4695f32523c96c79e649252f6f7b9f85eab9a7f6973a565553a740c47c5f,evaluator_v2.3,1.0,73842.1,3,SingleAgent-AllTools,1.0,1.0,0.5714,EXT-SC-026,scene_construction,False,5708
0.0,0.00098854,1.0,False,medium,8b7d4695f32523c96c79e649252f6f7b9f85eab9a7f6973a565553a740c47c5f,evaluator_v2.3,1.0,409874.9,3,SingleAgent-AllTools,0.0455,0.3077,0.9091,EXT-AR-022,asset_routing,False,4782
1.0,0.00053018,1.0,False,medium,8b7d4695f32523c96c79e649252f6f7b9f85eab9a7f6973a565553a740c47c5f,evaluator_v2.3,1.0,16727.4,2,KAFarmTwin-TypedRepair,0.4091,1.0,1.0,EXT-AR-022,asset_routing,False,3025
0.0,0.00098084,1.0,True,easy,8b7d4695f32523c96c79e649252f6f7b9f85eab9a7f6973a565553a740c47c5f,evaluator_v2.3,1.0,44207.0,3,KAFarmTwin-TypedRepair,1.0,0.75,1.0,EXT-SC-003,scene_construction,False,4686
0.0,0.00102984,1.0,True,easy,8b7d4695f32523c96c79e649252f6f7b9f85eab9a7f6973a565553a740c47c5f,evaluator_v2.3,1.0,52661.4,3,SingleAgent-AllTools,1.0,0.75,0.8571,EXT-SC-003,scene_construction,False,4863
0.0,0.00053592,0.0,False,medium,8b7d4695f32523c96c79e649252f6f7b9f85eab9a7f6973a565553a740c47c5f,evaluator_v2.3,0.0,32573.4,1,SingleAgent-AllTools,0.0,0.0,0.0,EXT-AR-025,asset_routing,False,2293
1.0,0.0005943000000000001,1.0,False,medium,8b7d4695f32523c96c79e649252f6f7b9f85eab9a7f6973a565553a740c47c5f,evaluator_v2.3,1.0,22769.9,2,KAFarmTwin-TypedRepair,0.9643,0.75,1.0,EXT-AR-025,asset_routing,False,3250
0.0,0.0,1.0,True,hard,8b7d4695f32523c96c79e649252f6f7b9f85eab9a7f6973a565553a740c47c5f,evaluator_v2.3,1.0,2.8,0,KAFarmTwin-TypedRepair,0.0,0.0,0.0,EXT-MQ-048,memory_query,False,0
0.0,0.0,1.0,True,hard,8b7d4695f32523c96c79e649252f6f7b9f85eab9a7f6973a565553a740c47c5f,evaluator_v2.3,1.0,2.2,0,SingleAgent-AllTools,0.0,0.0,0.0,EXT-MQ-048,memory_query,False,0
0.0,0.0009643200000000001,1.0,False,easy,8b7d4695f32523c96c79e649252f6f7b9f85eab9a7f6973a565553a740c47c5f,evaluator_v2.3,1.0,49974.4,3,SingleAgent-AllTools,1.0,0.75,0.6667,EXT-SC-010,scene_construction,False,4644
0.0,0.0009016,1.0,False,easy,8b7d4695f32523c96c79e649252f6f7b9f85eab9a7f6973a565553a740c47c5f,evaluator_v2.3,1.0,42137.5,3,KAFarmTwin-TypedRepair,1.0,0.75,1.0,EXT-SC-010,scene_construction,False,4419
0.0,0.00266126,1.0,False,medium,8b7d4695f32523c96c79e649252f6f7b9f85eab9a7f6973a565553a740c47c5f,evaluator_v2.3,0.0,175729.5,1,KAFarmTwin-TypedRepair,0.0,0.0,0.0,EXT-SC-017,scene_construction,False,9884
0.0,0.0025405799999999997,1.0,True,medium,8b7d4695f32523c96c79e649252f6f7b9f85eab9a7f6973a565553a740c47c5f,evaluator_v2.3,1.0,153694.5,3,SingleAgent-AllTools,1.0,0.625,0.7692,EXT-SC-017,scene_construction,False,10336
0.0,0.0,1.0,False,medium,8b7d4695f32523c96c79e649252f6f7b9f85eab9a7f6973a565553a740c47c5f,evaluator_v2.3,1.0,0.0,0,SingleAgent-AllTools,1.0,0.0,1.0,EXT-RR-041,rule_repair,False,0
1.0,0.00027034,1.0,True,medium,8b7d4695f32523c96c79e649252f6f7b9f85eab9a7f6973a565553a740c47c5f,evaluator_v2.3,1.0,7636.8,1,KAFarmTwin-TypedRepair,1.0,1.0,1.0,EXT-RR-041,rule_repair,False,1601
1.0,0.0013876799999999999,1.0,False,medium,8b7d4695f32523c96c79e649252f6f7b9f85eab9a7f6973a565553a740c47c5f,evaluator_v2.3,1.0,92067.5,2,KAFarmTwin-TypedRepair,0.2222,1.0,1.0,EXT-AR-027,asset_routing,False,6064
0.0,0.00098616,1.0,False,medium,8b7d4695f32523c96c79e649252f6f7b9f85eab9a7f6973a565553a740c47c5f,evaluator_v2.3,1.0,49802.7,3,SingleAgent-AllTools,0.0548,0.6154,0.9091,EXT-AR-027,asset_routing,False,4773
0.0,0.00110754,1.0,True,medium,8b7d4695f32523c96c79e649252f6f7b9f85eab9a7f6973a565553a740c47c5f,evaluator_v2.3,1.0,57350.7,3,SingleAgent-AllTools,1.0,0.9091,0.625,EXT-SC-021,scene_construction,False,5169
0.0,0.0017814999999999999,1.0,True,medium,8b7d4695f32523c96c79e649252f6f7b9f85eab9a7f6973a565553a740c47c5f,evaluator_v2.3,1.0,81813.5,4,KAFarmTwin-TypedRepair,0.9778,0.625,1.0,EXT-SC-021,scene_construction,False,8466
0.5,0.00060886,1.0,False,easy,8b7d4695f32523c96c79e649252f6f7b9f85eab9a7f6973a565553a740c47c5f,evaluator_v2.3,1.0,22865.7,2,KAFarmTwin-TypedRepair,1.0,1.0,1.0,EXT-DB-009,data_binding,False,3269
1.0,0.00027916,1.0,True,easy,8b7d4695f32523c96c79e649252f6f7b9f85eab9a7f6973a565553a740c47c5f,evaluator_v2.3,1.0,12120.5,1,SingleAgent-AllTools,1.0,1.0,0.0,EXT-DB-009,data_binding,False,1422
0.0,0.0014385000000000001,1.0,False,medium,8b7d4695f32523c96c79e649252f6f7b9f85eab9a7f6973a565553a740c47c5f,evaluator_v2.3,1.0,80355.1,3,SingleAgent-AllTools,1.0,0.8,0.5714,EXT-SC-044,scene_construction,False,6348
0.0,0.00234038,1.0,True,medium,8b7d4695f32523c96c79e649252f6f7b9f85eab9a7f6973a565553a740c47c5f,evaluator_v2.3,1.0,150655.6,3,KAFarmTwin-TypedRepair,1.0,0.7692,1.0,EXT-SC-044,scene_construction,False,9582
1.0,0.0002597,1.0,True,medium,8b7d4695f32523c96c79e649252f6f7b9f85eab9a7f6973a565553a740c47c5f,evaluator_v2.3,1.0,6722.3,1,KAFarmTwin-TypedRepair,1.0,1.0,1.0,EXT-RR-022,rule_repair,False,1571
0.0,0.0,1.0,False,medium,8b7d4695f32523c96c79e649252f6f7b9f85eab9a7f6973a565553a740c47c5f,evaluator_v2.3,1.0,0.0,0,SingleAgent-AllTools,1.0,0.0,1.0,EXT-RR-022,rule_repair,False,0
0.0,0.00129542,1.0,False,hard,8b7d4695f32523c96c79e649252f6f7b9f85eab9a7f6973a565553a740c47c5f,evaluator_v2.3,1.0,65946.3,3,SingleAgent-AllTools,0.1143,0.5,0.9375,EXT-AR-053,asset_routing,False,5933
1.0,0.00088256,1.0,False,hard,8b7d4695f32523c96c79e649252f6f7b9f85eab9a7f6973a565553a740c47c5f,evaluator_v2.3,1.0,42577.8,2,KAFarmTwin-TypedRepair,0.9394,0.6,1.0,EXT-AR-053,asset_routing,False,4366
0.0,0.00117614,1.0,True,medium,8b7d4695f32523c96c79e649252f6f7b9f85eab9a7f6973a565553a740c47c5f,evaluator_v2.3,1.0,60217.3,3,KAFarmTwin-TypedRepair,1.0,0.8333,1.0,EXT-SC-027,scene_construction,False,5431
0.0,0.00102158,1.0,True,medium,8b7d4695f32523c96c79e649252f6f7b9f85eab9a7f6973a565553a740c47c5f,evaluator_v2.3,1.0,51500.9,3,SingleAgent-AllTools,1.0,1.0,0.5714,EXT-SC-027,scene_construction,False,4865
0.75,0.00037072,1.0,False,medium,8b7d4695f32523c96c79e649252f6f7b9f85eab9a7f6973a565553a740c47c5f,evaluator_v2.3,1.0,19436.6,1,SingleAgent-AllTools,1.0,1.0,0.0,EXT-DB-035,data_binding,False,1778
0.75,0.00089236,1.0,False,medium,8b7d4695f32523c96c79e649252f6f7b9f85eab9a7f6973a565553a740c47c5f,evaluator_v2.3,1.0,40152.1,2,KAFarmTwin-TypedRepair,1.0,1.0,1.0,EXT-DB-035,data_binding,False,4496
1.0,0.0013613599999999998,1.0,False,medium,8b7d4695f32523c96c79e649252f6f7b9f85eab9a7f6973a565553a740c47c5f,evaluator_v2.3,1.0,86157.2,2,KAFarmTwin-TypedRepair,0.2333,0.75,1.0,EXT-AR-039,asset_routing,False,5968
0.0,0.0008121399999999999,1.0,False,medium,8b7d4695f32523c96c79e649252f6f7b9f85eab9a7f6973a565553a740c47c5f,evaluator_v2.3,1.0,37438.6,3,SingleAgent-AllTools,0.0455,0.6,0.875,EXT-AR-039,asset_routing,False,4127
0.0,0.0,1.0,False,medium,8b7d4695f32523c96c79e649252f6f7b9f85eab9a7f6973a565553a740c47c5f,evaluator_v2.3,1.0,0.0,0,SingleAgent-AllTools,1.0,0.0,1.0,EXT-RR-023,rule_repair,False,0
1.0,0.0002639,1.0,True,medium,8b7d4695f32523c96c79e649252f6f7b9f85eab9a7f6973a565553a740c47c5f,evaluator_v2.3,1.0,6975.4,1,KAFarmTwin-TypedRepair,1.0,1.0,1.0,EXT-RR-023,rule_repair,False,1574
0.25,0.0038101000000000003,1.0,False,medium,8b7d4695f32523c96c79e649252f6f7b9f85eab9a7f6973a565553a740c47c5f,evaluator_v2.3,1.0,116341.7,7,KAFarmTwin-TypedRepair,0.7917,0.5714,1.0,EXT-AR-035,asset_routing,False,21816
0.0,0.00047642,0.0,False,medium,8b7d4695f32523c96c79e649252f6f7b9f85eab9a7f6973a565553a740c47c5f,evaluator_v2.3,0.0,29876.1,1,SingleAgent-AllTools,0.0,0.0,0.0,EXT-AR-035,asset_routing,False,2081
0.0,0.0,1.0,True,medium,8b7d4695f32523c96c79e649252f6f7b9f85eab9a7f6973a565553a740c47c5f,evaluator_v2.3,1.0,2.3,0,SingleAgent-AllTools,0.0,0.0,0.0,EXT-MQ-045,memory_query,False,0
0.0,0.0,1.0,True,medium,8b7d4695f32523c96c79e649252f6f7b9f85eab9a7f6973a565553a740c47c5f,evaluator_v2.3,1.0,1.8,0,KAFarmTwin-TypedRepair,0.0,0.0,0.0,EXT-MQ-045,memory_query,False,0
0.0,0.00071148,1.0,True,easy,8b7d4695f32523c96c79e649252f6f7b9f85eab9a7f6973a565553a740c47c5f,evaluator_v2.3,1.0,30804.1,3,KAFarmTwin-TypedRepair,1.0,1.0,1.0,EXT-SC-002,scene_construction,False,3699
0.0,0.00075432,1.0,True,easy,8b7d4695f32523c96c79e649252f6f7b9f85eab9a7f6973a565553a740c47c5f,evaluator_v2.3,1.0,35671.3,3,SingleAgent-AllTools,1.0,1.0,0.8,EXT-SC-002,scene_construction,False,3852
0.6667,0.00031794,1.0,False,medium,8b7d4695f32523c96c79e649252f6f7b9f85eab9a7f6973a565553a740c47c5f,evaluator_v2.3,1.0,14491.5,1,SingleAgent-AllTools,1.0,1.0,0.0,EXT-DB-036,data_binding,False,1570
0.6667,0.00060578,1.0,False,medium,8b7d4695f32523c96c79e649252f6f7b9f85eab9a7f6973a565553a740c47c5f,evaluator_v2.3,1.0,21224.6,2,KAFarmTwin-TypedRepair,1.0,1.0,1.0,EXT-DB-036,data_binding,False,3353
1.0,0.00028672,1.0,True,hard,8b7d4695f32523c96c79e649252f6f7b9f85eab9a7f6973a565553a740c47c5f,evaluator_v2.3,1.0,7641.2,1,KAFarmTwin-TypedRepair,1.0,1.0,1.0,EXT-RR-049,rule_repair,False,1714
0.0,0.0,1.0,False,hard,8b7d4695f32523c96c79e649252f6f7b9f85eab9a7f6973a565553a740c47c5f,evaluator_v2.3,1.0,0.0,0,SingleAgent-AllTools,1.0,0.0,1.0,EXT-RR-049,rule_repair,False,0
0.0,0.0,1.0,True,medium,8b7d4695f32523c96c79e649252f6f7b9f85eab9a7f6973a565553a740c47c5f,evaluator_v2.3,1.0,3.4,0,SingleAgent-AllTools,0.0,0.0,0.0,EXT-MQ-031,memory_query,False,0
0.0,0.0,1.0,True,medium,8b7d4695f32523c96c79e649252f6f7b9f85eab9a7f6973a565553a740c47c5f,evaluator_v2.3,1.0,3.0,0,KAFarmTwin-TypedRepair,0.0,0.0,0.0,EXT-MQ-031,memory_query,False,0
0.0,0.0,1.0,True,medium,8b7d4695f32523c96c79e649252f6f7b9f85eab9a7f6973a565553a740c47c5f,evaluator_v2.3,1.0,3.3,0,KAFarmTwin-TypedRepair,0.0,0.0,0.0,EXT-MQ-035,memory_query,False,0
0.0,0.0,1.0,True,medium,8b7d4695f32523c96c79e649252f6f7b9f85eab9a7f6973a565553a740c47c5f,evaluator_v2.3,1.0,1.2,0,SingleAgent-AllTools,0.0,0.0,0.0,EXT-MQ-035,memory_query,False,0
0.0,0.0,1.0,False,hard,8b7d4695f32523c96c79e649252f6f7b9f85eab9a7f6973a565553a740c47c5f,evaluator_v2.3,1.0,0.0,0,SingleAgent-AllTools,1.0,0.0,1.0,EXT-RR-054,rule_repair,False,0
1.0,0.0002898,1.0,True,hard,8b7d4695f32523c96c79e649252f6f7b9f85eab9a7f6973a565553a740c47c5f,evaluator_v2.3,1.0,6859.4,1,KAFarmTwin-TypedRepair,1.0,1.0,1.0,EXT-RR-054,rule_repair,False,1734
0.0,0.00096236,1.0,True,medium,8b7d4695f32523c96c79e649252f6f7b9f85eab9a7f6973a565553a740c47c5f,evaluator_v2.3,1.0,48027.2,3,KAFarmTwin-TypedRepair,1.0,1.0,1.0,EXT-SC-040,scene_construction,False,4643
0.0,0.00110124,1.0,True,medium,8b7d4695f32523c96c79e649252f6f7b9f85eab9a7f6973a565553a740c47c5f,evaluator_v2.3,1.0,58278.5,3,SingleAgent-AllTools,0.9825,1.0,0.5,EXT-SC-040,scene_construction,False,5144
0.6667,0.00030492,1.0,False,medium,8b7d4695f32523c96c79e649252f6f7b9f85eab9a7f6973a565553a740c47c5f,evaluator_v2.3,1.0,13741.4,1,SingleAgent-AllTools,1.0,1.0,0.0,EXT-DB-018,data_binding,False,1527
1.0,0.0005970999999999999,1.0,True,medium,8b7d4695f32523c96c79e649252f6f7b9f85eab9a7f6973a565553a740c47c5f,evaluator_v2.3,1.0,19950.6,2,KAFarmTwin-TypedRepair,1.0,1.0,1.0,EXT-DB-018,data_binding,False,3336
1.0,0.00024906,1.0,True,easy,8b7d4695f32523c96c79e649252f6f7b9f85eab9a7f6973a565553a740c47c5f,evaluator_v2.3,1.0,6259.0,1,KAFarmTwin-TypedRepair,1.0,1.0,1.0,EXT-RR-008,rule_repair,False,1486
0.0,0.0,1.0,False,easy,8b7d4695f32523c96c79e649252f6f7b9f85eab9a7f6973a565553a740c47c5f,evaluator_v2.3,1.0,0.0,0,SingleAgent-AllTools,1.0,0.0,1.0,EXT-RR-008,rule_repair,False,0
0.0,0.0,1.0,True,easy,8b7d4695f32523c96c79e649252f6f7b9f85eab9a7f6973a565553a740c47c5f,evaluator_v2.3,1.0,0.9,0,SingleAgent-AllTools,0.0,0.0,0.5,EXT-MQ-009,memory_query,False,0
0.0,0.0,1.0,True,easy,8b7d4695f32523c96c79e649252f6f7b9f85eab9a7f6973a565553a740c47c5f,evaluator_v2.3,1.0,0.8,0,KAFarmTwin-TypedRepair,0.0,0.0,0.5,EXT-MQ-009,memory_query,False,0
0.0,0.0,1.0,True,medium,8b7d4695f32523c96c79e649252f6f7b9f85eab9a7f6973a565553a740c47c5f,evaluator_v2.3,1.0,1.1,0,KAFarmTwin-TypedRepair,0.0,0.0,0.0,EXT-MQ-040,memory_query,False,0
0.0,0.0,1.0,True,medium,8b7d4695f32523c96c79e649252f6f7b9f85eab9a7f6973a565553a740c47c5f,evaluator_v2.3,1.0,0.9,0,SingleAgent-AllTools,0.0,0.0,0.0,EXT-MQ-040,memory_query,False,0
0.6667,0.00049084,1.0,False,hard,8b7d4695f32523c96c79e649252f6f7b9f85eab9a7f6973a565553a740c47c5f,evaluator_v2.3,1.0,24261.9,1,SingleAgent-AllTools,1.0,1.0,0.0,EXT-DB-058,data_binding,False,2240
1.0,0.00072954,1.0,True,hard,8b7d4695f32523c96c79e649252f6f7b9f85eab9a7f6973a565553a740c47c5f,evaluator_v2.3,1.0,20314.6,2,KAFarmTwin-TypedRepair,1.0,1.0,1.0,EXT-DB-058,data_binding,False,4197
0.6667,0.00087892,1.0,False,hard,8b7d4695f32523c96c79e649252f6f7b9f85eab9a7f6973a565553a740c47c5f,evaluator_v2.3,1.0,29525.6,2,KAFarmTwin-TypedRepair,1.0,1.0,1.0,EXT-DB-046,data_binding,False,4722
1.0,0.00033782,1.0,True,hard,8b7d4695f32523c96c79e649252f6f7b9f85eab9a7f6973a565553a740c47c5f,evaluator_v2.3,1.0,14361.9,1,SingleAgent-AllTools,1.0,1.0,0.0,EXT-DB-046,data_binding,False,1693
0.5,0.00027342,1.0,False,easy,8b7d4695f32523c96c79e649252f6f7b9f85eab9a7f6973a565553a740c47c5f,evaluator_v2.3,1.0,11849.2,1,SingleAgent-AllTools,1.0,1.0,0.0,EXT-DB-011,data_binding,False,1398
0.5,0.00058758,1.0,False,easy,8b7d4695f32523c96c79e649252f6f7b9f85eab9a7f6973a565553a740c47c5f,evaluator_v2.3,1.0,21481.2,2,KAFarmTwin-TypedRepair,1.0,1.0,1.0,EXT-DB-011,data_binding,False,3189
0.0,0.00122654,1.0,True,medium,8b7d4695f32523c96c79e649252f6f7b9f85eab9a7f6973a565553a740c47c5f,evaluator_v2.3,1.0,65539.2,3,KAFarmTwin-TypedRepair,1.0,0.9091,1.0,EXT-SC-018,scene_construction,False,5588
0.0,0.0012271,1.0,True,medium,8b7d4695f32523c96c79e649252f6f7b9f85eab9a7f6973a565553a740c47c5f,evaluator_v2.3,1.0,62828.3,3,SingleAgent-AllTools,1.0,0.9091,0.5714,EXT-SC-018,scene_construction,False,5594
0.0,0.0015036,1.0,False,hard,8b7d4695f32523c96c79e649252f6f7b9f85eab9a7f6973a565553a740c47c5f,evaluator_v2.3,1.0,82341.3,3,SingleAgent-AllTools,0.15,0.5,0.8462,EXT-AR-056,asset_routing,False,6634
1.0,0.00058058,1.0,False,hard,8b7d4695f32523c96c79e649252f6f7b9f85eab9a7f6973a565553a740c47c5f,evaluator_v2.3,1.0,18943.2,2,KAFarmTwin-TypedRepair,0.4444,1.0,1.0,EXT-AR-056,asset_routing,False,3295
1.0,0.00027398,1.0,True,hard,8b7d4695f32523c96c79e649252f6f7b9f85eab9a7f6973a565553a740c47c5f,evaluator_v2.3,1.0,6857.6,1,KAFarmTwin-TypedRepair,1.0,1.0,1.0,EXT-RR-055,rule_repair,False,1665
0.0,0.0,1.0,False,hard,8b7d4695f32523c96c79e649252f6f7b9f85eab9a7f6973a565553a740c47c5f,evaluator_v2.3,1.0,0.0,0,SingleAgent-AllTools,1.0,0.0,1.0,EXT-RR-055,rule_repair,False,0
0.0,0.0017934000000000001,1.0,False,hard,8b7d4695f32523c96c79e649252f6f7b9f85eab9a7f6973a565553a740c47c5f,evaluator_v2.3,1.0,107812.5,3,SingleAgent-AllTools,0.9905,0.5714,0.7,EXT-SC-058,scene_construction,False,7620
0.0,0.00109536,1.0,False,hard,8b7d4695f32523c96c79e649252f6f7b9f85eab9a7f6973a565553a740c47c5f,evaluator_v2.3,1.0,55005.5,3,KAFarmTwin-TypedRepair,0.9905,0.4706,1.0,EXT-SC-058,scene_construction,False,5169
0.0,0.0,1.0,True,medium,8b7d4695f32523c96c79e649252f6f7b9f85eab9a7f6973a565553a740c47c5f,evaluator_v2.3,1.0,2.1,0,KAFarmTwin-TypedRepair,0.0,0.0,0.0,EXT-MQ-016,memory_query,False,0
0.0,0.0,1.0,True,medium,8b7d4695f32523c96c79e649252f6f7b9f85eab9a7f6973a565553a740c47c5f,evaluator_v2.3,1.0,0.9,0,SingleAgent-AllTools,0.0,0.0,0.0,EXT-MQ-016,memory_query,False,0
0.0,0.0,1.0,True,medium,8b7d4695f32523c96c79e649252f6f7b9f85eab9a7f6973a565553a740c47c5f,evaluator_v2.3,1.0,1.2,0,SingleAgent-AllTools,0.0,0.0,0.0,EXT-MQ-041,memory_query,False,0
0.0,0.0,1.0,True,medium,8b7d4695f32523c96c79e649252f6f7b9f85eab9a7f6973a565553a740c47c5f,evaluator_v2.3,1.0,1.0,0,KAFarmTwin-TypedRepair,0.0,0.0,0.0,EXT-MQ-041,memory_query,False,0
0.0,0.0,1.0,True,easy,8b7d4695f32523c96c79e649252f6f7b9f85eab9a7f6973a565553a740c47c5f,evaluator_v2.3,1.0,1.0,0,KAFarmTwin-TypedRepair,0.0,0.0,0.0,EXT-MQ-007,memory_query,False,0
0.0,0.0,1.0,True,easy,8b7d4695f32523c96c79e649252f6f7b9f85eab9a7f6973a565553a740c47c5f,evaluator_v2.3,1.0,0.8,0,SingleAgent-AllTools,0.0,0.0,0.0,EXT-MQ-007,memory_query,False,0
0.0,0.0008493800000000001,1.0,False,medium,8b7d4695f32523c96c79e649252f6f7b9f85eab9a7f6973a565553a740c47c5f,evaluator_v2.3,1.0,39941.2,3,SingleAgent-AllTools,0.1579,0.5455,0.8889,EXT-AR-036,asset_routing,False,4252
0.75,0.0007750400000000001,1.0,True,medium,8b7d4695f32523c96c79e649252f6f7b9f85eab9a7f6973a565553a740c47c5f,evaluator_v2.3,1.0,28971.9,2,KAFarmTwin-TypedRepair,0.973,0.8889,1.0,EXT-AR-036,asset_routing,False,4000
0.6667,0.00082306,1.0,False,hard,8b7d4695f32523c96c79e649252f6f7b9f85eab9a7f6973a565553a740c47c5f,evaluator_v2.3,1.0,30883.6,2,KAFarmTwin-TypedRepair,1.0,1.0,1.0,EXT-DB-049,data_binding,False,4525
0.6667,0.00036176,1.0,False,hard,8b7d4695f32523c96c79e649252f6f7b9f85eab9a7f6973a565553a740c47c5f,evaluator_v2.3,1.0,16740.9,1,SingleAgent-AllTools,1.0,1.0,0.0,EXT-DB-049,data_binding,False,1781
0.0,0.0,1.0,True,easy,8b7d4695f32523c96c79e649252f6f7b9f85eab9a7f6973a565553a740c47c5f,evaluator_v2.3,1.0,2.7,0,SingleAgent-AllTools,0.0,0.0,0.0,EXT-MQ-005,memory_query,False,0
0.0,0.0,1.0,True,easy,8b7d4695f32523c96c79e649252f6f7b9f85eab9a7f6973a565553a740c47c5f,evaluator_v2.3,1.0,2.2,0,KAFarmTwin-TypedRepair,0.0,0.0,0.0,EXT-MQ-005,memory_query,False,0
0.5,0.00063112,1.0,False,easy,8b7d4695f32523c96c79e649252f6f7b9f85eab9a7f6973a565553a740c47c5f,evaluator_v2.3,1.0,22285.9,2,KAFarmTwin-TypedRepair,1.0,1.0,1.0,EXT-DB-001,data_binding,False,3351
1.0,0.00030842,1.0,True,easy,8b7d4695f32523c96c79e649252f6f7b9f85eab9a7f6973a565553a740c47c5f,evaluator_v2.3,1.0,14138.8,1,SingleAgent-AllTools,1.0,1.0,0.0,EXT-DB-001,data_binding,False,1527
0.0,0.0,1.0,True,easy,8b7d4695f32523c96c79e649252f6f7b9f85eab9a7f6973a565553a740c47c5f,evaluator_v2.3,1.0,1.7,0,SingleAgent-AllTools,0.0,0.0,0.5,EXT-MQ-003,memory_query,False,0
0.0,0.0,1.0,True,easy,8b7d4695f32523c96c79e649252f6f7b9f85eab9a7f6973a565553a740c47c5f,evaluator_v2.3,1.0,1.4,0,KAFarmTwin-TypedRepair,0.0,0.0,0.5,EXT-MQ-003,memory_query,False,0
1.0,0.0014616,1.0,False,hard,8b7d4695f32523c96c79e649252f6f7b9f85eab9a7f6973a565553a740c47c5f,evaluator_v2.3,1.0,84516.0,2,KAFarmTwin-TypedRepair,0.28,0.6,1.0,EXT-AR-051,asset_routing,False,6404
0.0,0.0005628,0.0,False,hard,8b7d4695f32523c96c79e649252f6f7b9f85eab9a7f6973a565553a740c47c5f,evaluator_v2.3,0.0,36366.4,1,SingleAgent-AllTools,0.0,0.0,0.0,EXT-AR-051,asset_routing,False,2390
0.0,0.0,1.0,False,easy,8b7d4695f32523c96c79e649252f6f7b9f85eab9a7f6973a565553a740c47c5f,evaluator_v2.3,1.0,0.1,0,SingleAgent-AllTools,1.0,0.0,1.0,EXT-RR-015,rule_repair,False,0
1.0,0.00019054,1.0,True,easy,8b7d4695f32523c96c79e649252f6f7b9f85eab9a7f6973a565553a740c47c5f,evaluator_v2.3,1.0,2987.8,1,KAFarmTwin-TypedRepair,1.0,1.0,1.0,EXT-RR-015,rule_repair,False,1259
0.0,0.0,1.0,True,easy,8b7d4695f32523c96c79e649252f6f7b9f85eab9a7f6973a565553a740c47c5f,evaluator_v2.3,1.0,0.8,0,KAFarmTwin-TypedRepair,0.0,0.0,0.5,EXT-MQ-015,memory_query,False,0
0.0,0.0,1.0,True,easy,8b7d4695f32523c96c79e649252f6f7b9f85eab9a7f6973a565553a740c47c5f,evaluator_v2.3,1.0,0.7,0,SingleAgent-AllTools,0.0,0.0,0.5,EXT-MQ-015,memory_query,False,0
0.0,0.0008162,1.0,False,easy,8b7d4695f32523c96c79e649252f6f7b9f85eab9a7f6973a565553a740c47c5f,evaluator_v2.3,1.0,38920.0,3,SingleAgent-AllTools,0.1081,0.4444,0.875,EXT-AR-001,asset_routing,False,4114
1.0,0.00049644,1.0,False,easy,8b7d4695f32523c96c79e649252f6f7b9f85eab9a7f6973a565553a740c47c5f,evaluator_v2.3,1.0,16737.8,2,KAFarmTwin-TypedRepair,0.2778,1.0,1.0,EXT-AR-001,asset_routing,False,2808
0.0,0.00200746,1.0,False,medium,8b7d4695f32523c96c79e649252f6f7b9f85eab9a7f6973a565553a740c47c5f,evaluator_v2.3,1.0,95764.9,5,KAFarmTwin-TypedRepair,1.0,0.7273,1.0,EXT-SC-030,scene_construction,False,9996
0.0,0.0015084999999999999,1.0,True,medium,8b7d4695f32523c96c79e649252f6f7b9f85eab9a7f6973a565553a740c47c5f,evaluator_v2.3,1.0,93174.3,3,SingleAgent-AllTools,1.0,0.8333,0.6667,EXT-SC-030,scene_construction,False,6615
0.0,0.0,1.0,False,medium,8b7d4695f32523c96c79e649252f6f7b9f85eab9a7f6973a565553a740c47c5f,evaluator_v2.3,1.0,0.0,0,SingleAgent-AllTools,1.0,0.0,1.0,EXT-RR-019,rule_repair,False,0
1.0,0.00026054,1.0,True,medium,8b7d4695f32523c96c79e649252f6f7b9f85eab9a7f6973a565553a740c47c5f,evaluator_v2.3,1.0,8308.3,1,KAFarmTwin-TypedRepair,1.0,1.0,1.0,EXT-RR-019,rule_repair,False,1561
1.0,0.0006846,1.0,True,medium,8b7d4695f32523c96c79e649252f6f7b9f85eab9a7f6973a565553a740c47c5f,evaluator_v2.3,1.0,27273.8,2,KAFarmTwin-TypedRepair,1.0,1.0,1.0,EXT-DB-041,data_binding,False,3762
0.75,0.00032256,1.0,False,medium,8b7d4695f32523c96c79e649252f6f7b9f85eab9a7f6973a565553a740c47c5f,evaluator_v2.3,1.0,16259.1,1,SingleAgent-AllTools,1.0,1.0,0.0,EXT-DB-041,data_binding,False,1608
0.0,0.00089292,1.0,False,hard,8b7d4695f32523c96c79e649252f6f7b9f85eab9a7f6973a565553a740c47c5f,evaluator_v2.3,1.0,63439.5,1,SingleAgent-AllTools,1.0,1.0,0.0,EXT-DB-047,data_binding,False,3675
0.6667,0.0008309,1.0,False,hard,8b7d4695f32523c96c79e649252f6f7b9f85eab9a7f6973a565553a740c47c5f,evaluator_v2.3,1.0,27553.6,2,KAFarmTwin-TypedRepair,1.0,1.0,1.0,EXT-DB-047,data_binding,False,4550
0.0,0.0,1.0,True,hard,8b7d4695f32523c96c79e649252f6f7b9f85eab9a7f6973a565553a740c47c5f,evaluator_v2.3,1.0,3.9,0,KAFarmTwin-TypedRepair,0.0,0.0,0.0,EXT-MQ-058,memory_query,False,0
0.0,0.0,1.0,True,hard,8b7d4695f32523c96c79e649252f6f7b9f85eab9a7f6973a565553a740c47c5f,evaluator_v2.3,1.0,2.9,0,SingleAgent-AllTools,0.0,0.0,0.0,EXT-MQ-058,memory_query,False,0
0.75,0.00033908,1.0,False,medium,8b7d4695f32523c96c79e649252f6f7b9f85eab9a7f6973a565553a740c47c5f,evaluator_v2.3,1.0,16584.5,1,SingleAgent-AllTools,1.0,1.0,0.0,EXT-DB-033,data_binding,False,1668
0.75,0.0006979,1.0,False,medium,8b7d4695f32523c96c79e649252f6f7b9f85eab9a7f6973a565553a740c47c5f,evaluator_v2.3,1.0,24826.2,2,KAFarmTwin-TypedRepair,1.0,1.0,1.0,EXT-DB-033,data_binding,False,3808
1.0,0.0002772,1.0,True,hard,8b7d4695f32523c96c79e649252f6f7b9f85eab9a7f6973a565553a740c47c5f,evaluator_v2.3,1.0,8470.4,1,KAFarmTwin-TypedRepair,1.0,1.0,1.0,EXT-RR-046,rule_repair,False,1690
0.0,0.0,1.0,False,hard,8b7d4695f32523c96c79e649252f6f7b9f85eab9a7f6973a565553a740c47c5f,evaluator_v2.3,1.0,0.0,0,SingleAgent-AllTools,1.0,0.0,1.0,EXT-RR-046,rule_repair,False,0
0.0,0.0,1.0,True,easy,8b7d4695f32523c96c79e649252f6f7b9f85eab9a7f6973a565553a740c47c5f,evaluator_v2.3,1.0,1.5,0,SingleAgent-AllTools,0.0,0.0,0.5,EXT-MQ-006,memory_query,False,0
0.0,0.0,1.0,True,easy,8b7d4695f32523c96c79e649252f6f7b9f85eab9a7f6973a565553a740c47c5f,evaluator_v2.3,1.0,1.2,0,KAFarmTwin-TypedRepair,0.0,0.0,0.5,EXT-MQ-006,memory_query,False,0
0.0,0.0,1.0,True,hard,8b7d4695f32523c96c79e649252f6f7b9f85eab9a7f6973a565553a740c47c5f,evaluator_v2.3,1.0,2.6,0,KAFarmTwin-TypedRepair,0.0,0.0,0.0,EXT-MQ-056,memory_query,False,0
0.0,0.0,1.0,True,hard,8b7d4695f32523c96c79e649252f6f7b9f85eab9a7f6973a565553a740c47c5f,evaluator_v2.3,1.0,2.1,0,SingleAgent-AllTools,0.0,0.0,0.0,EXT-MQ-056,memory_query,False,0
0.0,0.0007914199999999999,1.0,False,easy,8b7d4695f32523c96c79e649252f6f7b9f85eab9a7f6973a565553a740c47c5f,evaluator_v2.3,1.0,38640.2,3,SingleAgent-AllTools,0.963,0.5714,0.8333,EXT-SC-004,scene_construction,False,3987
0.0,0.00081634,1.0,False,easy,8b7d4695f32523c96c79e649252f6f7b9f85eab9a7f6973a565553a740c47c5f,evaluator_v2.3,1.0,36796.2,3,KAFarmTwin-TypedRepair,1.0,0.8,1.0,EXT-SC-004,scene_construction,False,4069
1.0,0.0005317200000000001,1.0,False,medium,8b7d4695f32523c96c79e649252f6f7b9f85eab9a7f6973a565553a740c47c5f,evaluator_v2.3,1.0,21034.4,2,KAFarmTwin-TypedRepair,0.963,0.75,1.0,EXT-AR-018,asset_routing,False,2987
0.0,0.00092176,1.0,False,medium,8b7d4695f32523c96c79e649252f6f7b9f85eab9a7f6973a565553a740c47c5f,evaluator_v2.3,1.0,49945.2,3,SingleAgent-AllTools,0.0769,0.6,0.875,EXT-AR-018,asset_routing,False,4518
0.0,0.00120554,1.0,True,medium,8b7d4695f32523c96c79e649252f6f7b9f85eab9a7f6973a565553a740c47c5f,evaluator_v2.3,1.0,73642.3,3,SingleAgent-AllTools,1.0,1.0,0.5714,EXT-SC-024,scene_construction,False,5516
0.0,0.00126154,1.0,True,medium,8b7d4695f32523c96c79e649252f6f7b9f85eab9a7f6973a565553a740c47c5f,evaluator_v2.3,1.0,70688.7,3,KAFarmTwin-TypedRepair,1.0,1.0,1.0,EXT-SC-024,scene_construction,False,5716
0.0,0.0,1.0,True,medium,8b7d4695f32523c96c79e649252f6f7b9f85eab9a7f6973a565553a740c47c5f,evaluator_v2.3,1.0,2.0,0,KAFarmTwin-TypedRepair,0.0,0.0,0.0,EXT-MQ-038,memory_query,False,0
0.0,0.0,1.0,True,medium,8b7d4695f32523c96c79e649252f6f7b9f85eab9a7f6973a565553a740c47c5f,evaluator_v2.3,1.0,1.6,0,SingleAgent-AllTools,0.0,0.0,0.0,EXT-MQ-038,memory_query,False,0
0.0,0.00085274,1.0,False,medium,8b7d4695f32523c96c79e649252f6f7b9f85eab9a7f6973a565553a740c47c5f,evaluator_v2.3,1.0,36952.5,3,SingleAgent-AllTools,0.1212,0.8889,0.75,EXT-AR-042,asset_routing,False,4268
1.0,0.0005723200000000001,1.0,False,medium,8b7d4695f32523c96c79e649252f6f7b9f85eab9a7f6973a565553a740c47c5f,evaluator_v2.3,1.0,25935.6,2,KAFarmTwin-TypedRepair,0.2667,0.75,1.0,EXT-AR-042,asset_routing,False,3147
0.0,0.00158634,1.0,False,medium,8b7d4695f32523c96c79e649252f6f7b9f85eab9a7f6973a565553a740c47c5f,evaluator_v2.3,0.0,98441.6,1,KAFarmTwin-TypedRepair,0.0,0.0,0.0,EXT-SC-041,scene_construction,False,6045
0.0,0.0014245,1.0,False,medium,8b7d4695f32523c96c79e649252f6f7b9f85eab9a7f6973a565553a740c47c5f,evaluator_v2.3,0.0,87214.8,1,SingleAgent-AllTools,0.0,0.0,0.0,EXT-SC-041,scene_construction,False,5467
0.0,0.00085162,1.0,False,medium,8b7d4695f32523c96c79e649252f6f7b9f85eab9a7f6973a565553a740c47c5f,evaluator_v2.3,1.0,36373.1,3,SingleAgent-AllTools,0.1972,0.7273,0.625,EXT-SC-043,scene_construction,False,4245
0.0,0.00097958,1.0,False,medium,8b7d4695f32523c96c79e649252f6f7b9f85eab9a7f6973a565553a740c47c5f,evaluator_v2.3,1.0,48722.7,3,KAFarmTwin-TypedRepair,1.0,0.7273,1.0,EXT-SC-043,scene_construction,False,4721
0.0,0.0009681,1.0,True,easy,8b7d4695f32523c96c79e649252f6f7b9f85eab9a7f6973a565553a740c47c5f,evaluator_v2.3,1.0,41324.9,3,KAFarmTwin-TypedRepair,1.0,1.0,1.0,EXT-SC-006,scene_construction,False,4662
0.0,0.00094542,1.0,True,easy,8b7d4695f32523c96c79e649252f6f7b9f85eab9a7f6973a565553a740c47c5f,evaluator_v2.3,1.0,45527.7,3,SingleAgent-AllTools,1.0,1.0,0.6667,EXT-SC-006,scene_construction,False,4577
0.0,0.0,1.0,False,medium,8b7d4695f32523c96c79e649252f6f7b9f85eab9a7f6973a565553a740c47c5f,evaluator_v2.3,1.0,0.4,0,SingleAgent-AllTools,1.0,0.0,1.0,EXT-RR-025,rule_repair,False,0
1.0,0.00026278,1.0,True,medium,8b7d4695f32523c96c79e649252f6f7b9f85eab9a7f6973a565553a740c47c5f,evaluator_v2.3,1.0,6498.4,1,KAFarmTwin-TypedRepair,1.0,1.0,1.0,EXT-RR-025,rule_repair,False,1576
1.0,0.0008257200000000001,1.0,True,hard,8b7d4695f32523c96c79e649252f6f7b9f85eab9a7f6973a565553a740c47c5f,evaluator_v2.3,1.0,26579.0,2,KAFarmTwin-TypedRepair,1.0,1.0,1.0,EXT-DB-055,data_binding,False,4559
1.0,0.0003283,1.0,True,hard,8b7d4695f32523c96c79e649252f6f7b9f85eab9a7f6973a565553a740c47c5f,evaluator_v2.3,1.0,14253.5,1,SingleAgent-AllTools,1.0,1.0,0.0,EXT-DB-055,data_binding,False,1663
0.0,0.0,1.0,True,hard,8b7d4695f32523c96c79e649252f6f7b9f85eab9a7f6973a565553a740c47c5f,evaluator_v2.3,1.0,1.5,0,SingleAgent-AllTools,0.0,0.0,0.0,EXT-MQ-052,memory_query,False,0
0.0,0.0,1.0,True,hard,8b7d4695f32523c96c79e649252f6f7b9f85eab9a7f6973a565553a740c47c5f,evaluator_v2.3,1.0,1.2,0,KAFarmTwin-TypedRepair,0.0,0.0,0.0,EXT-MQ-052,memory_query,False,0
1.0,0.00027706,1.0,True,medium,8b7d4695f32523c96c79e649252f6f7b9f85eab9a7f6973a565553a740c47c5f,evaluator_v2.3,1.0,13012.5,1,KAFarmTwin-TypedRepair,1.0,1.0,1.0,EXT-RR-036,rule_repair,False,1640
0.0,0.0,1.0,False,medium,8b7d4695f32523c96c79e649252f6f7b9f85eab9a7f6973a565553a740c47c5f,evaluator_v2.3,1.0,0.0,0,SingleAgent-AllTools,1.0,0.0,1.0,EXT-RR-036,rule_repair,False,0
0.0,0.00187558,1.0,False,easy,8b7d4695f32523c96c79e649252f6f7b9f85eab9a7f6973a565553a740c47c5f,evaluator_v2.3,1.0,106091.1,3,SingleAgent-AllTools,0.2623,0.3333,0.9091,EXT-AR-004,asset_routing,False,7929
1.0,0.00048622,1.0,False,easy,8b7d4695f32523c96c79e649252f6f7b9f85eab9a7f6973a565553a740c47c5f,evaluator_v2.3,1.0,15919.7,2,KAFarmTwin-TypedRepair,0.2667,1.0,1.0,EXT-AR-004,asset_routing,False,2777
1.0,0.00028574,1.0,True,hard,8b7d4695f32523c96c79e649252f6f7b9f85eab9a7f6973a565553a740c47c5f,evaluator_v2.3,1.0,9346.1,1,KAFarmTwin-TypedRepair,1.0,1.0,1.0,EXT-RR-050,rule_repair,False,1719
0.0,0.0,1.0,False,hard,8b7d4695f32523c96c79e649252f6f7b9f85eab9a7f6973a565553a740c47c5f,evaluator_v2.3,1.0,0.0,0,SingleAgent-AllTools,1.0,0.0,1.0,EXT-RR-050,rule_repair,False,0
0.0,0.00115416,1.0,False,medium,8b7d4695f32523c96c79e649252f6f7b9f85eab9a7f6973a565553a740c47c5f,evaluator_v2.3,1.0,65844.4,3,SingleAgent-AllTools,0.1026,0.7273,0.8889,EXT-AR-043,asset_routing,False,5354
1.0,0.00069748,1.0,False,medium,8b7d4695f32523c96c79e649252f6f7b9f85eab9a7f6973a565553a740c47c5f,evaluator_v2.3,1.0,30060.2,2,KAFarmTwin-TypedRepair,0.3158,1.0,1.0,EXT-AR-043,asset_routing,False,3594
0.0,0.0,1.0,True,easy,8b7d4695f32523c96c79e649252f6f7b9f85eab9a7f6973a565553a740c47c5f,evaluator_v2.3,1.0,1.6,0,KAFarmTwin-TypedRepair,0.0,0.0,0.0,EXT-MQ-014,memory_query,False,0
0.0,0.0,1.0,True,easy,8b7d4695f32523c96c79e649252f6f7b9f85eab9a7f6973a565553a740c47c5f,evaluator_v2.3,1.0,1.3,0,SingleAgent-AllTools,0.0,0.0,0.0,EXT-MQ-014,memory_query,False,0
0.0,0.00079996,1.0,False,medium,8b7d4695f32523c96c79e649252f6f7b9f85eab9a7f6973a565553a740c47c5f,evaluator_v2.3,1.0,40484.3,3,SingleAgent-AllTools,0.0625,0.3636,0.8889,EXT-AR-026,asset_routing,False,4096
1.0,0.0006307,1.0,False,medium,8b7d4695f32523c96c79e649252f6f7b9f85eab9a7f6973a565553a740c47c5f,evaluator_v2.3,1.0,24991.7,2,KAFarmTwin-TypedRepair,0.9688,0.75,1.0,EXT-AR-026,asset_routing,False,3389
1.0,0.0006566,1.0,True,medium,8b7d4695f32523c96c79e649252f6f7b9f85eab9a7f6973a565553a740c47c5f,evaluator_v2.3,1.0,26339.4,2,KAFarmTwin-TypedRepair,1.0,1.0,1.0,EXT-DB-039,data_binding,False,3668
0.75,0.00032368,1.0,False,medium,8b7d4695f32523c96c79e649252f6f7b9f85eab9a7f6973a565553a740c47c5f,evaluator_v2.3,1.0,14669.9,1,SingleAgent-AllTools,1.0,1.0,0.0,EXT-DB-039,data_binding,False,1612
0.0,0.0020293,1.0,False,hard,8b7d4695f32523c96c79e649252f6f7b9f85eab9a7f6973a565553a740c47c5f,evaluator_v2.3,1.0,109577.1,3,SingleAgent-AllTools,0.9897,0.6154,0.5714,EXT-SC-052,scene_construction,False,8454
0.0,0.0010535000000000002,1.0,False,hard,8b7d4695f32523c96c79e649252f6f7b9f85eab9a7f6973a565553a740c47c5f,evaluator_v2.3,1.0,62217.0,3,KAFarmTwin-TypedRepair,0.9897,0.4286,1.0,EXT-SC-052,scene_construction,False,4979
0.0,0.00143864,1.0,False,medium,8b7d4695f32523c96c79e649252f6f7b9f85eab9a7f6973a565553a740c47c5f,evaluator_v2.3,0.0,87413.1,1,KAFarmTwin-TypedRepair,0.0,0.0,0.0,EXT-SC-025,scene_construction,False,5516
0.0,0.00104944,1.0,False,medium,8b7d4695f32523c96c79e649252f6f7b9f85eab9a7f6973a565553a740c47c5f,evaluator_v2.3,1.0,59922.4,3,SingleAgent-AllTools,1.0,0.8,0.5714,EXT-SC-025,scene_construction,False,4977
0.0,0.0,1.0,True,hard,8b7d4695f32523c96c79e649252f6f7b9f85eab9a7f6973a565553a740c47c5f,evaluator_v2.3,1.0,0.9,0,SingleAgent-AllTools,0.0,0.0,0.0,EXT-MQ-050,memory_query,False,0
0.0,0.0,1.0,True,hard,8b7d4695f32523c96c79e649252f6f7b9f85eab9a7f6973a565553a740c47c5f,evaluator_v2.3,1.0,0.7,0,KAFarmTwin-TypedRepair,0.0,0.0,0.0,EXT-MQ-050,memory_query,False,0
1.0,0.0018482799999999999,1.0,False,hard,8b7d4695f32523c96c79e649252f6f7b9f85eab9a7f6973a565553a740c47c5f,evaluator_v2.3,1.0,105741.8,2,KAFarmTwin-TypedRepair,0.2857,0.6,1.0,EXT-AR-050,asset_routing,False,7752
0.0,0.00055986,0.0,False,hard,8b7d4695f32523c96c79e649252f6f7b9f85eab9a7f6973a565553a740c47c5f,evaluator_v2.3,0.0,28532.5,1,SingleAgent-AllTools,0.0,0.0,0.0,EXT-AR-050,asset_routing,False,2381
0.75,0.00032424,1.0,False,medium,8b7d4695f32523c96c79e649252f6f7b9f85eab9a7f6973a565553a740c47c5f,evaluator_v2.3,1.0,16897.8,1,SingleAgent-AllTools,1.0,1.0,0.0,EXT-DB-029,data_binding,False,1614
0.75,0.0006382600000000001,1.0,False,medium,8b7d4695f32523c96c79e649252f6f7b9f85eab9a7f6973a565553a740c47c5f,evaluator_v2.3,1.0,25467.5,2,KAFarmTwin-TypedRepair,1.0,1.0,1.0,EXT-DB-029,data_binding,False,3590
0.0,0.0,1.0,True,easy,8b7d4695f32523c96c79e649252f6f7b9f85eab9a7f6973a565553a740c47c5f,evaluator_v2.3,1.0,1.9,0,KAFarmTwin-TypedRepair,0.0,0.0,0.0,EXT-MQ-011,memory_query,False,0
0.0,0.0,1.0,True,easy,8b7d4695f32523c96c79e649252f6f7b9f85eab9a7f6973a565553a740c47c5f,evaluator_v2.3,1.0,1.5,0,SingleAgent-AllTools,0.0,0.0,0.0,EXT-MQ-011,memory_query,False,0
0.0,0.0009359000000000001,1.0,True,medium,8b7d4695f32523c96c79e649252f6f7b9f85eab9a7f6973a565553a740c47c5f,evaluator_v2.3,1.0,45777.9,3,SingleAgent-AllTools,1.0,1.0,0.5714,EXT-SC-037,scene_construction,False,4548
0.0,0.00241766,1.0,True,medium,8b7d4695f32523c96c79e649252f6f7b9f85eab9a7f6973a565553a740c47c5f,evaluator_v2.3,1.0,304262.7,5,KAFarmTwin-TypedRepair,0.9855,1.0,1.0,EXT-SC-037,scene_construction,False,11473
1.0,0.00026866,1.0,True,medium,8b7d4695f32523c96c79e649252f6f7b9f85eab9a7f6973a565553a740c47c5f,evaluator_v2.3,1.0,7055.5,1,KAFarmTwin-TypedRepair,1.0,1.0,1.0,EXT-RR-043,rule_repair,False,1591
0.0,0.0,1.0,False,medium,8b7d4695f32523c96c79e649252f6f7b9f85eab9a7f6973a565553a740c47c5f,evaluator_v2.3,1.0,0.0,0,SingleAgent-AllTools,1.0,0.0,1.0,EXT-RR-043,rule_repair,False,0
0.0,0.0,1.0,True,medium,8b7d4695f32523c96c79e649252f6f7b9f85eab9a7f6973a565553a740c47c5f,evaluator_v2.3,1.0,2.6,0,SingleAgent-AllTools,0.0,0.0,0.0,EXT-MQ-017,memory_query,False,0
0.0,0.0,1.0,True,medium,8b7d4695f32523c96c79e649252f6f7b9f85eab9a7f6973a565553a740c47c5f,evaluator_v2.3,1.0,2.0,0,KAFarmTwin-TypedRepair,0.0,0.0,0.0,EXT-MQ-017,memory_query,False,0
0.0,0.001057,1.0,True,easy,8b7d4695f32523c96c79e649252f6f7b9f85eab9a7f6973a565553a740c47c5f,evaluator_v2.3,1.0,48926.1,3,KAFarmTwin-TypedRepair,1.0,1.0,1.0,EXT-SC-014,scene_construction,False,4984
0.0,0.0009279199999999999,1.0,True,easy,8b7d4695f32523c96c79e649252f6f7b9f85eab9a7f6973a565553a740c47c5f,evaluator_v2.3,1.0,39689.8,3,SingleAgent-AllTools,1.0,1.0,0.6667,EXT-SC-014,scene_construction,False,4522
0.0,0.00094584,1.0,True,easy,8b7d4695f32523c96c79e649252f6f7b9f85eab9a7f6973a565553a740c47c5f,evaluator_v2.3,1.0,42228.2,3,SingleAgent-AllTools,1.0,1.0,0.6667,EXT-SC-013,scene_construction,False,4584
0.0,0.00085512,1.0,True,easy,8b7d4695f32523c96c79e649252f6f7b9f85eab9a7f6973a565553a740c47c5f,evaluator_v2.3,1.0,35455.0,3,KAFarmTwin-TypedRepair,1.0,1.0,1.0,EXT-SC-013,scene_construction,False,4260
1.0,0.00024626,1.0,True,easy,8b7d4695f32523c96c79e649252f6f7b9f85eab9a7f6973a565553a740c47c5f,evaluator_v2.3,1.0,6011.5,1,KAFarmTwin-TypedRepair,1.0,1.0,1.0,EXT-RR-012,rule_repair,False,1474
0.0,0.0,1.0,False,easy,8b7d4695f32523c96c79e649252f6f7b9f85eab9a7f6973a565553a740c47c5f,evaluator_v2.3,1.0,0.0,0,SingleAgent-AllTools,1.0,0.0,1.0,EXT-RR-012,rule_repair,False,0
0.5,0.00027692,1.0,False,easy,8b7d4695f32523c96c79e649252f6f7b9f85eab9a7f6973a565553a740c47c5f,evaluator_v2.3,1.0,11674.1,1,SingleAgent-AllTools,1.0,1.0,0.0,EXT-DB-012,data_binding,False,1407
0.5,0.00056994,1.0,False,easy,8b7d4695f32523c96c79e649252f6f7b9f85eab9a7f6973a565553a740c47c5f,evaluator_v2.3,1.0,19575.8,2,KAFarmTwin-TypedRepair,1.0,1.0,1.0,EXT-DB-012,data_binding,False,3122
1.0,0.00026558,1.0,True,medium,8b7d4695f32523c96c79e649252f6f7b9f85eab9a7f6973a565553a740c47c5f,evaluator_v2.3,1.0,6161.3,1,KAFarmTwin-TypedRepair,1.0,1.0,1.0,EXT-RR-044,rule_repair,False,1599
0.0,0.0,1.0,False,medium,8b7d4695f32523c96c79e649252f6f7b9f85eab9a7f6973a565553a740c47c5f,evaluator_v2.3,1.0,0.1,0,SingleAgent-AllTools,1.0,0.0,1.0,EXT-RR-044,rule_repair,False,0
0.5,0.0003066,1.0,False,easy,8b7d4695f32523c96c79e649252f6f7b9f85eab9a7f6973a565553a740c47c5f,evaluator_v2.3,1.0,13203.0,1,SingleAgent-AllTools,1.0,1.0,0.0,EXT-DB-004,data_binding,False,1518
0.5,0.00097202,1.0,False,easy,8b7d4695f32523c96c79e649252f6f7b9f85eab9a7f6973a565553a740c47c5f,evaluator_v2.3,1.0,46433.3,2,KAFarmTwin-TypedRepair,1.0,1.0,1.0,EXT-DB-004,data_binding,False,4568
0.0,0.0011193000000000002,1.0,True,hard,8b7d4695f32523c96c79e649252f6f7b9f85eab9a7f6973a565553a740c47c5f,evaluator_v2.3,1.0,53760.6,3,KAFarmTwin-TypedRepair,1.0,1.0,1.0,EXT-SC-047,scene_construction,False,5217
0.0,0.0009241399999999999,1.0,True,hard,8b7d4695f32523c96c79e649252f6f7b9f85eab9a7f6973a565553a740c47c5f,evaluator_v2.3,1.0,39561.2,3,SingleAgent-AllTools,1.0,1.0,0.625,EXT-SC-047,scene_construction,False,4530
0.0,0.0,1.0,False,easy,8b7d4695f32523c96c79e649252f6f7b9f85eab9a7f6973a565553a740c47c5f,evaluator_v2.3,1.0,0.0,0,SingleAgent-AllTools,1.0,0.0,1.0,EXT-RR-005,rule_repair,False,0
1.0,0.00019306,1.0,True,easy,8b7d4695f32523c96c79e649252f6f7b9f85eab9a7f6973a565553a740c47c5f,evaluator_v2.3,1.0,3380.2,1,KAFarmTwin-TypedRepair,1.0,1.0,1.0,EXT-RR-005,rule_repair,False,1273
1.0,0.00102886,1.0,False,hard,8b7d4695f32523c96c79e649252f6f7b9f85eab9a7f6973a565553a740c47c5f,evaluator_v2.3,1.0,46780.2,2,KAFarmTwin-TypedRepair,0.9375,0.6,1.0,EXT-AR-046,asset_routing,False,4872
0.0,0.0011923799999999998,1.0,False,hard,8b7d4695f32523c96c79e649252f6f7b9f85eab9a7f6973a565553a740c47c5f,evaluator_v2.3,1.0,55507.0,3,SingleAgent-AllTools,0.1194,0.4444,0.9333,EXT-AR-046,asset_routing,False,5554
0.0,0.00082208,1.0,False,hard,8b7d4695f32523c96c79e649252f6f7b9f85eab9a7f6973a565553a740c47c5f,evaluator_v2.3,1.0,223691.6,3,SingleAgent-AllTools,0.0635,0.6154,0.9,EXT-AR-057,asset_routing,False,4175
0.75,0.0005663,1.0,False,hard,8b7d4695f32523c96c79e649252f6f7b9f85eab9a7f6973a565553a740c47c5f,evaluator_v2.3,1.0,17719.0,2,KAFarmTwin-TypedRepair,0.9091,0.6,1.0,EXT-AR-057,asset_routing,False,3237
1.0,0.00053242,1.0,True,easy,8b7d4695f32523c96c79e649252f6f7b9f85eab9a7f6973a565553a740c47c5f,evaluator_v2.3,1.0,21347.2,2,KAFarmTwin-TypedRepair,1.0,1.0,1.0,EXT-AR-015,asset_routing,False,2940
0.0,0.00053634,1.0,False,easy,8b7d4695f32523c96c79e649252f6f7b9f85eab9a7f6973a565553a740c47c5f,evaluator_v2.3,0.0,29262.8,1,SingleAgent-AllTools,0.0,0.0,0.0,EXT-AR-015,asset_routing,False,2285
0.0,0.0,1.0,False,medium,8b7d4695f32523c96c79e649252f6f7b9f85eab9a7f6973a565553a740c47c5f,evaluator_v2.3,1.0,0.1,0,SingleAgent-AllTools,1.0,0.0,1.0,EXT-RR-018,rule_repair,False,0
1.0,0.00020818,1.0,True,medium,8b7d4695f32523c96c79e649252f6f7b9f85eab9a7f6973a565553a740c47c5f,evaluator_v2.3,1.0,3033.2,1,KAFarmTwin-TypedRepair,1.0,1.0,1.0,EXT-RR-018,rule_repair,False,1389
0.0,0.0,1.0,True,medium,8b7d4695f32523c96c79e649252f6f7b9f85eab9a7f6973a565553a740c47c5f,evaluator_v2.3,1.0,2.1,0,KAFarmTwin-TypedRepair,0.0,0.0,0.0,EXT-MQ-030,memory_query,False,0
0.0,0.0,1.0,True,medium,8b7d4695f32523c96c79e649252f6f7b9f85eab9a7f6973a565553a740c47c5f,evaluator_v2.3,1.0,1.6,0,SingleAgent-AllTools,0.0,0.0,0.0,EXT-MQ-030,memory_query,False,0
0.0,0.0,1.0,True,medium,8b7d4695f32523c96c79e649252f6f7b9f85eab9a7f6973a565553a740c47c5f,evaluator_v2.3,1.0,2.0,0,SingleAgent-AllTools,0.0,0.0,0.0,EXT-MQ-022,memory_query,False,0
0.0,0.0,1.0,True,medium,8b7d4695f32523c96c79e649252f6f7b9f85eab9a7f6973a565553a740c47c5f,evaluator_v2.3,1.0,1.7,0,KAFarmTwin-TypedRepair,0.0,0.0,0.0,EXT-MQ-022,memory_query,False,0
1.0,0.00028896,1.0,True,hard,8b7d4695f32523c96c79e649252f6f7b9f85eab9a7f6973a565553a740c47c5f,evaluator_v2.3,1.0,7877.0,1,KAFarmTwin-TypedRepair,1.0,1.0,1.0,EXT-RR-053,rule_repair,False,1722
0.0,0.0,1.0,False,hard,8b7d4695f32523c96c79e649252f6f7b9f85eab9a7f6973a565553a740c47c5f,evaluator_v2.3,1.0,0.0,0,SingleAgent-AllTools,1.0,0.0,1.0,EXT-RR-053,rule_repair,False,0
0.0,0.001036,1.0,False,medium,8b7d4695f32523c96c79e649252f6f7b9f85eab9a7f6973a565553a740c47c5f,evaluator_v2.3,1.0,46149.5,3,SingleAgent-AllTools,0.0408,0.8,0.875,EXT-AR-024,asset_routing,False,4942
1.0,0.00055146,1.0,False,medium,8b7d4695f32523c96c79e649252f6f7b9f85eab9a7f6973a565553a740c47c5f,evaluator_v2.3,1.0,18220.6,2,KAFarmTwin-TypedRepair,0.1667,0.75,1.0,EXT-AR-024,asset_routing,False,3079
0.0,0.0,1.0,True,medium,8b7d4695f32523c96c79e649252f6f7b9f85eab9a7f6973a565553a740c47c5f,evaluator_v2.3,1.0,2.2,0,KAFarmTwin-TypedRepair,0.0,0.0,0.0,EXT-MQ-034,memory_query,False,0
0.0,0.0,1.0,True,medium,8b7d4695f32523c96c79e649252f6f7b9f85eab9a7f6973a565553a740c47c5f,evaluator_v2.3,1.0,1.5,0,SingleAgent-AllTools,0.0,0.0,0.0,EXT-MQ-034,memory_query,False,0
0.0,0.00196196,1.0,False,hard,8b7d4695f32523c96c79e649252f6f7b9f85eab9a7f6973a565553a740c47c5f,evaluator_v2.3,1.0,110349.0,3,SingleAgent-AllTools,0.1667,0.7143,0.7273,EXT-AR-049,asset_routing,False,8276
1.0,0.00115444,1.0,False,hard,8b7d4695f32523c96c79e649252f6f7b9f85eab9a7f6973a565553a740c47c5f,evaluator_v2.3,1.0,56297.5,2,KAFarmTwin-TypedRepair,0.2941,0.6,1.0,EXT-AR-049,asset_routing,False,5324
0.0,0.0009858800000000002,1.0,False,medium,8b7d4695f32523c96c79e649252f6f7b9f85eab9a7f6973a565553a740c47c5f,evaluator_v2.3,1.0,46848.8,3,KAFarmTwin-TypedRepair,1.0,0.6667,1.0,EXT-SC-016,scene_construction,False,4727
0.0,0.00117292,1.0,False,medium,8b7d4695f32523c96c79e649252f6f7b9f85eab9a7f6973a565553a740c47c5f,evaluator_v2.3,1.0,56353.0,3,SingleAgent-AllTools,1.0,0.8,0.5714,EXT-SC-016,scene_construction,False,5386
0.6667,0.0002898,1.0,False,medium,8b7d4695f32523c96c79e649252f6f7b9f85eab9a7f6973a565553a740c47c5f,evaluator_v2.3,1.0,11755.6,1,SingleAgent-AllTools,1.0,1.0,0.0,EXT-DB-020,data_binding,False,1469
0.6667,0.00063252,1.0,False,medium,8b7d4695f32523c96c79e649252f6f7b9f85eab9a7f6973a565553a740c47c5f,evaluator_v2.3,1.0,21771.5,2,KAFarmTwin-TypedRepair,1.0,1.0,1.0,EXT-DB-020,data_binding,False,3448
1.0,0.00059654,1.0,False,medium,8b7d4695f32523c96c79e649252f6f7b9f85eab9a7f6973a565553a740c47c5f,evaluator_v2.3,1.0,20241.9,2,KAFarmTwin-TypedRepair,0.9714,0.75,1.0,EXT-AR-020,asset_routing,False,3240
0.0,0.0004872,0.0,False,medium,8b7d4695f32523c96c79e649252f6f7b9f85eab9a7f6973a565553a740c47c5f,evaluator_v2.3,0.0,26786.5,1,SingleAgent-AllTools,0.0,0.0,0.0,EXT-AR-020,asset_routing,False,2121
0.0,0.0,1.0,False,easy,8b7d4695f32523c96c79e649252f6f7b9f85eab9a7f6973a565553a740c47c5f,evaluator_v2.3,1.0,0.0,0,SingleAgent-AllTools,1.0,0.0,1.0,EXT-RR-010,rule_repair,False,0
1.0,0.00019376,1.0,True,easy,8b7d4695f32523c96c79e649252f6f7b9f85eab9a7f6973a565553a740c47c5f,evaluator_v2.3,1.0,2926.0,1,KAFarmTwin-TypedRepair,1.0,1.0,1.0,EXT-RR-010,rule_repair,False,1281
1.0,0.00024864,1.0,True,easy,8b7d4695f32523c96c79e649252f6f7b9f85eab9a7f6973a565553a740c47c5f,evaluator_v2.3,1.0,6268.2,1,KAFarmTwin-TypedRepair,1.0,1.0,1.0,EXT-RR-006,rule_repair,False,1479
0.0,0.0,1.0,False,easy,8b7d4695f32523c96c79e649252f6f7b9f85eab9a7f6973a565553a740c47c5f,evaluator_v2.3,1.0,0.0,0,SingleAgent-AllTools,1.0,0.0,1.0,EXT-RR-006,rule_repair,False,0
0.0,0.0005467,1.0,False,easy,8b7d4695f32523c96c79e649252f6f7b9f85eab9a7f6973a565553a740c47c5f,evaluator_v2.3,0.0,29745.8,1,SingleAgent-AllTools,0.0,0.0,0.0,EXT-AR-010,asset_routing,False,2323
1.0,0.00050456,1.0,True,easy,8b7d4695f32523c96c79e649252f6f7b9f85eab9a7f6973a565553a740c47c5f,evaluator_v2.3,1.0,16996.2,2,KAFarmTwin-TypedRepair,1.0,1.0,1.0,EXT-AR-010,asset_routing,False,2823
0.0,0.00114772,1.0,True,easy,8b7d4695f32523c96c79e649252f6f7b9f85eab9a7f6973a565553a740c47c5f,evaluator_v2.3,1.0,54966.2,3,KAFarmTwin-TypedRepair,1.0,1.0,1.0,EXT-SC-012,scene_construction,False,5305
0.0,0.0011186,1.0,True,easy,8b7d4695f32523c96c79e649252f6f7b9f85eab9a7f6973a565553a740c47c5f,evaluator_v2.3,1.0,50489.2,3,SingleAgent-AllTools,1.0,0.5333,0.8462,EXT-SC-012,scene_construction,False,5234
0.0,0.0,1.0,False,medium,8b7d4695f32523c96c79e649252f6f7b9f85eab9a7f6973a565553a740c47c5f,evaluator_v2.3,1.0,0.0,0,SingleAgent-AllTools,1.0,0.0,1.0,EXT-RR-032,rule_repair,False,0
1.0,0.00027552,1.0,True,medium,8b7d4695f32523c96c79e649252f6f7b9f85eab9a7f6973a565553a740c47c5f,evaluator_v2.3,1.0,6876.0,1,KAFarmTwin-TypedRepair,1.0,1.0,1.0,EXT-RR-032,rule_repair,False,1634
0.0,0.00109648,1.0,True,hard,8b7d4695f32523c96c79e649252f6f7b9f85eab9a7f6973a565553a740c47c5f,evaluator_v2.3,1.0,51979.1,3,KAFarmTwin-TypedRepair,1.0,1.0,1.0,EXT-SC-055,scene_construction,False,5138
0.0,0.0010962,1.0,False,hard,8b7d4695f32523c96c79e649252f6f7b9f85eab9a7f6973a565553a740c47c5f,evaluator_v2.3,1.0,51923.1,3,SingleAgent-AllTools,1.0,0.625,0.75,EXT-SC-055,scene_construction,False,5168
0.0,0.0,1.0,False,medium,8b7d4695f32523c96c79e649252f6f7b9f85eab9a7f6973a565553a740c47c5f,evaluator_v2.3,1.0,0.0,0,SingleAgent-AllTools,1.0,0.0,1.0,EXT-RR-045,rule_repair,False,0
1.0,0.00027286,1.0,True,medium,8b7d4695f32523c96c79e649252f6f7b9f85eab9a7f6973a565553a740c47c5f,evaluator_v2.3,1.0,6782.5,1,KAFarmTwin-TypedRepair,1.0,1.0,1.0,EXT-RR-045,rule_repair,False,1612
0.6667,0.0008097600000000001,1.0,False,hard,8b7d4695f32523c96c79e649252f6f7b9f85eab9a7f6973a565553a740c47c5f,evaluator_v2.3,1.0,26915.0,2,KAFarmTwin-TypedRepair,1.0,1.0,1.0,EXT-DB-051,data_binding,False,4484
0.6667,0.00031066,1.0,False,hard,8b7d4695f32523c96c79e649252f6f7b9f85eab9a7f6973a565553a740c47c5f,evaluator_v2.3,1.0,11880.6,1,SingleAgent-AllTools,1.0,1.0,0.0,EXT-DB-051,data_binding,False,1598
0.6667,0.00029946,1.0,False,medium,8b7d4695f32523c96c79e649252f6f7b9f85eab9a7f6973a565553a740c47c5f,evaluator_v2.3,1.0,12591.3,1,SingleAgent-AllTools,1.0,1.0,0.0,EXT-DB-044,data_binding,False,1508
0.6667,0.00065632,1.0,False,medium,8b7d4695f32523c96c79e649252f6f7b9f85eab9a7f6973a565553a740c47c5f,evaluator_v2.3,1.0,23622.0,2,KAFarmTwin-TypedRepair,1.0,1.0,1.0,EXT-DB-044,data_binding,False,3548
0.6667,0.0006305600000000001,1.0,False,medium,8b7d4695f32523c96c79e649252f6f7b9f85eab9a7f6973a565553a740c47c5f,evaluator_v2.3,1.0,21283.5,2,KAFarmTwin-TypedRepair,1.0,1.0,1.0,EXT-DB-042,data_binding,False,3443
0.6667,0.0002996,1.0,False,medium,8b7d4695f32523c96c79e649252f6f7b9f85eab9a7f6973a565553a740c47c5f,evaluator_v2.3,1.0,11409.4,1,SingleAgent-AllTools,1.0,1.0,0.0,EXT-DB-042,data_binding,False,1506
0.0,0.0009389800000000001,1.0,False,easy,8b7d4695f32523c96c79e649252f6f7b9f85eab9a7f6973a565553a740c47c5f,evaluator_v2.3,1.0,40239.3,3,SingleAgent-AllTools,0.0385,0.6,0.8889,EXT-AR-003,asset_routing,False,4561
1.0,0.00046214,1.0,True,easy,8b7d4695f32523c96c79e649252f6f7b9f85eab9a7f6973a565553a740c47c5f,evaluator_v2.3,1.0,13027.2,2,KAFarmTwin-TypedRepair,1.0,1.0,1.0,EXT-AR-003,asset_routing,False,2689
0.6667,0.0006173999999999999,1.0,False,medium,8b7d4695f32523c96c79e649252f6f7b9f85eab9a7f6973a565553a740c47c5f,evaluator_v2.3,1.0,20786.5,2,KAFarmTwin-TypedRepair,1.0,1.0,1.0,EXT-DB-038,data_binding,False,3405
1.0,0.00030576,1.0,True,medium,8b7d4695f32523c96c79e649252f6f7b9f85eab9a7f6973a565553a740c47c5f,evaluator_v2.3,1.0,13393.5,1,SingleAgent-AllTools,1.0,1.0,0.0,EXT-DB-038,data_binding,False,1530
0.0,0.0,1.0,False,hard,8b7d4695f32523c96c79e649252f6f7b9f85eab9a7f6973a565553a740c47c5f,evaluator_v2.3,1.0,0.0,0,SingleAgent-AllTools,1.0,0.0,1.0,EXT-RR-057,rule_repair,False,0
1.0,0.00026054,1.0,True,hard,8b7d4695f32523c96c79e649252f6f7b9f85eab9a7f6973a565553a740c47c5f,evaluator_v2.3,1.0,5390.2,1,KAFarmTwin-TypedRepair,1.0,1.0,1.0,EXT-RR-057,rule_repair,False,1622
1.0,0.0005709199999999999,1.0,False,medium,8b7d4695f32523c96c79e649252f6f7b9f85eab9a7f6973a565553a740c47c5f,evaluator_v2.3,1.0,18135.6,2,KAFarmTwin-TypedRepair,0.9615,0.75,1.0,EXT-AR-023,asset_routing,False,3175
0.0,0.00111594,1.0,False,medium,8b7d4695f32523c96c79e649252f6f7b9f85eab9a7f6973a565553a740c47c5f,evaluator_v2.3,1.0,52410.4,3,SingleAgent-AllTools,0.1132,1.0,0.8571,EXT-AR-023,asset_routing,False,5209
0.0,0.0,1.0,True,hard,8b7d4695f32523c96c79e649252f6f7b9f85eab9a7f6973a565553a740c47c5f,evaluator_v2.3,1.0,3.2,0,SingleAgent-AllTools,0.0,0.0,0.0,EXT-MQ-053,memory_query,False,0
0.0,0.0,1.0,True,hard,8b7d4695f32523c96c79e649252f6f7b9f85eab9a7f6973a565553a740c47c5f,evaluator_v2.3,1.0,2.1,0,KAFarmTwin-TypedRepair,0.0,0.0,0.0,EXT-MQ-053,memory_query,False,0
1.0,0.00053158,1.0,False,medium,8b7d4695f32523c96c79e649252f6f7b9f85eab9a7f6973a565553a740c47c5f,evaluator_v2.3,1.0,15577.8,2,KAFarmTwin-TypedRepair,0.9697,0.75,1.0,EXT-AR-033,asset_routing,False,3021
0.0,0.00204512,1.0,False,medium,8b7d4695f32523c96c79e649252f6f7b9f85eab9a7f6973a565553a740c47c5f,evaluator_v2.3,1.0,109745.3,3,SingleAgent-AllTools,0.0822,0.3333,0.6471,EXT-AR-033,asset_routing,False,8618
0.0,0.0,1.0,False,hard,8b7d4695f32523c96c79e649252f6f7b9f85eab9a7f6973a565553a740c47c5f,evaluator_v2.3,1.0,0.0,0,SingleAgent-AllTools,1.0,0.0,1.0,EXT-RR-047,rule_repair,False,0
1.0,0.0002877,1.0,True,hard,8b7d4695f32523c96c79e649252f6f7b9f85eab9a7f6973a565553a740c47c5f,evaluator_v2.3,1.0,6320.0,1,KAFarmTwin-TypedRepair,1.0,1.0,1.0,EXT-RR-047,rule_repair,False,1715
0.0,0.0,1.0,True,easy,8b7d4695f32523c96c79e649252f6f7b9f85eab9a7f6973a565553a740c47c5f,evaluator_v2.3,1.0,1.7,0,KAFarmTwin-TypedRepair,0.0,0.0,0.0,EXT-MQ-002,memory_query,False,0
0.0,0.0,1.0,True,easy,8b7d4695f32523c96c79e649252f6f7b9f85eab9a7f6973a565553a740c47c5f,evaluator_v2.3,1.0,1.2,0,SingleAgent-AllTools,0.0,0.0,0.0,EXT-MQ-002,memory_query,False,0
0.0,0.0,1.0,False,medium,8b7d4695f32523c96c79e649252f6f7b9f85eab9a7f6973a565553a740c47c5f,evaluator_v2.3,1.0,0.0,0,SingleAgent-AllTools,1.0,0.0,1.0,EXT-RR-027,rule_repair,False,0
1.0,0.0002723,1.0,True,medium,8b7d4695f32523c96c79e649252f6f7b9f85eab9a7f6973a565553a740c47c5f,evaluator_v2.3,1.0,6522.3,1,KAFarmTwin-TypedRepair,1.0,1.0,1.0,EXT-RR-027,rule_repair,False,1606
1.0,0.00051632,1.0,False,easy,8b7d4695f32523c96c79e649252f6f7b9f85eab9a7f6973a565553a740c47c5f,evaluator_v2.3,1.0,15794.0,2,KAFarmTwin-TypedRepair,0.125,1.0,1.0,EXT-AR-006,asset_routing,False,2859
0.0,0.00145264,1.0,False,easy,8b7d4695f32523c96c79e649252f6f7b9f85eab9a7f6973a565553a740c47c5f,evaluator_v2.3,1.0,76729.4,3,SingleAgent-AllTools,0.0308,0.0,0.5,EXT-AR-006,asset_routing,False,6362
0.0,0.0,1.0,True,medium,8b7d4695f32523c96c79e649252f6f7b9f85eab9a7f6973a565553a740c47c5f,evaluator_v2.3,1.0,1.4,0,SingleAgent-AllTools,0.0,0.0,0.0,EXT-MQ-027,memory_query,False,0
0.0,0.0,1.0,True,medium,8b7d4695f32523c96c79e649252f6f7b9f85eab9a7f6973a565553a740c47c5f,evaluator_v2.3,1.0,1.2,0,KAFarmTwin-TypedRepair,0.0,0.0,0.0,EXT-MQ-027,memory_query,False,0
1.0,0.00054586,1.0,True,medium,8b7d4695f32523c96c79e649252f6f7b9f85eab9a7f6973a565553a740c47c5f,evaluator_v2.3,1.0,15071.7,2,KAFarmTwin-TypedRepair,1.0,1.0,1.0,EXT-DB-034,data_binding,False,3157
0.6667,0.00026488,1.0,False,medium,8b7d4695f32523c96c79e649252f6f7b9f85eab9a7f6973a565553a740c47c5f,evaluator_v2.3,1.0,9339.7,1,SingleAgent-AllTools,1.0,1.0,0.0,EXT-DB-034,data_binding,False,1385
0.0,0.0,1.0,True,hard,8b7d4695f32523c96c79e649252f6f7b9f85eab9a7f6973a565553a740c47c5f,evaluator_v2.3,1.0,2.8,0,SingleAgent-AllTools,0.0,0.0,0.0,EXT-MQ-055,memory_query,False,0
0.0,0.0,1.0,True,hard,8b7d4695f32523c96c79e649252f6f7b9f85eab9a7f6973a565553a740c47c5f,evaluator_v2.3,1.0,2.1,0,KAFarmTwin-TypedRepair,0.0,0.0,0.0,EXT-MQ-055,memory_query,False,0
1.0,0.00046816,1.0,False,easy,8b7d4695f32523c96c79e649252f6f7b9f85eab9a7f6973a565553a740c47c5f,evaluator_v2.3,1.0,13291.5,2,KAFarmTwin-TypedRepair,0.2903,1.0,1.0,EXT-AR-011,asset_routing,False,2707
0.0,0.0022738800000000003,1.0,False,easy,8b7d4695f32523c96c79e649252f6f7b9f85eab9a7f6973a565553a740c47c5f,evaluator_v2.3,1.0,124482.3,3,SingleAgent-AllTools,0.0323,0.5,0.9091,EXT-AR-011,asset_routing,False,9331
0.0,0.0,1.0,False,easy,8b7d4695f32523c96c79e649252f6f7b9f85eab9a7f6973a565553a740c47c5f,evaluator_v2.3,1.0,0.0,0,SingleAgent-AllTools,1.0,0.0,1.0,EXT-RR-007,rule_repair,False,0
1.0,0.00025802,1.0,True,easy,8b7d4695f32523c96c79e649252f6f7b9f85eab9a7f6973a565553a740c47c5f,evaluator_v2.3,1.0,6779.8,1,KAFarmTwin-TypedRepair,1.0,1.0,1.0,EXT-RR-007,rule_repair,False,1500
0.8571,0.00095508,1.0,False,medium,8b7d4695f32523c96c79e649252f6f7b9f85eab9a7f6973a565553a740c47c5f,evaluator_v2.3,1.0,42197.3,2,KAFarmTwin-TypedRepair,0.2162,0.75,1.0,EXT-AR-034,asset_routing,False,4513
0.0,0.0026284999999999998,1.0,False,medium,8b7d4695f32523c96c79e649252f6f7b9f85eab9a7f6973a565553a740c47c5f,evaluator_v2.3,1.0,136520.3,3,SingleAgent-AllTools,0.0759,0.3333,0.75,EXT-AR-034,asset_routing,False,10678
0.0,0.0,1.0,True,medium,8b7d4695f32523c96c79e649252f6f7b9f85eab9a7f6973a565553a740c47c5f,evaluator_v2.3,1.0,2.1,0,SingleAgent-AllTools,0.0,0.0,0.0,EXT-MQ-036,memory_query,False,0
0.0,0.0,1.0,True,medium,8b7d4695f32523c96c79e649252f6f7b9f85eab9a7f6973a565553a740c47c5f,evaluator_v2.3,1.0,1.6,0,KAFarmTwin-TypedRepair,0.0,0.0,0.0,EXT-MQ-036,memory_query,False,0
0.0,0.00092778,1.0,False,medium,8b7d4695f32523c96c79e649252f6f7b9f85eab9a7f6973a565553a740c47c5f,evaluator_v2.3,1.0,37685.0,3,KAFarmTwin-TypedRepair,0.7273,0.6154,1.0,EXT-SC-038,scene_construction,False,4543
0.0,0.00108794,1.0,True,medium,8b7d4695f32523c96c79e649252f6f7b9f85eab9a7f6973a565553a740c47c5f,evaluator_v2.3,1.0,49172.5,3,SingleAgent-AllTools,0.7273,0.625,0.7692,EXT-SC-038,scene_construction,False,5126
0.0,0.0,1.0,True,hard,8b7d4695f32523c96c79e649252f6f7b9f85eab9a7f6973a565553a740c47c5f,evaluator_v2.3,1.0,2.6,0,SingleAgent-AllTools,0.0,0.0,0.0,EXT-MQ-054,memory_query,False,0
0.0,0.0,1.0,True,hard,8b7d4695f32523c96c79e649252f6f7b9f85eab9a7f6973a565553a740c47c5f,evaluator_v2.3,1.0,2.1,0,KAFarmTwin-TypedRepair,0.0,0.0,0.0,EXT-MQ-054,memory_query,False,0
0.0,0.0,1.0,True,hard,8b7d4695f32523c96c79e649252f6f7b9f85eab9a7f6973a565553a740c47c5f,evaluator_v2.3,1.0,2.2,0,KAFarmTwin-TypedRepair,0.0,0.0,0.0,EXT-MQ-046,memory_query,False,0
0.0,0.0,1.0,True,hard,8b7d4695f32523c96c79e649252f6f7b9f85eab9a7f6973a565553a740c47c5f,evaluator_v2.3,1.0,1.3,0,SingleAgent-AllTools,0.0,0.0,0.0,EXT-MQ-046,memory_query,False,0
0.6667,0.00045822,1.0,False,hard,8b7d4695f32523c96c79e649252f6f7b9f85eab9a7f6973a565553a740c47c5f,evaluator_v2.3,1.0,19998.9,1,SingleAgent-AllTools,1.0,1.0,0.0,EXT-DB-053,data_binding,False,2128
0.6667,0.00080248,1.0,False,hard,8b7d4695f32523c96c79e649252f6f7b9f85eab9a7f6973a565553a740c47c5f,evaluator_v2.3,1.0,23360.2,2,KAFarmTwin-TypedRepair,1.0,1.0,1.0,EXT-DB-053,data_binding,False,4452
0.0,0.0,1.0,True,easy,8b7d4695f32523c96c79e649252f6f7b9f85eab9a7f6973a565553a740c47c5f,evaluator_v2.3,1.0,1.5,0,KAFarmTwin-TypedRepair,0.0,0.0,0.5,EXT-MQ-012,memory_query,False,0
0.0,0.0,1.0,True,easy,8b7d4695f32523c96c79e649252f6f7b9f85eab9a7f6973a565553a740c47c5f,evaluator_v2.3,1.0,1.5,0,SingleAgent-AllTools,0.0,0.0,0.5,EXT-MQ-012,memory_query,False,0
0.0,0.00101682,1.0,False,hard,8b7d4695f32523c96c79e649252f6f7b9f85eab9a7f6973a565553a740c47c5f,evaluator_v2.3,1.0,45733.9,3,SingleAgent-AllTools,0.9905,0.7273,0.5714,EXT-SC-048,scene_construction,False,4833
0.0,0.00177576,1.0,False,hard,8b7d4695f32523c96c79e649252f6f7b9f85eab9a7f6973a565553a740c47c5f,evaluator_v2.3,1.0,80282.3,4,KAFarmTwin-TypedRepair,0.9905,0.6667,1.0,EXT-SC-048,scene_construction,False,8301
0.0,0.0011753,1.0,False,medium,8b7d4695f32523c96c79e649252f6f7b9f85eab9a7f6973a565553a740c47c5f,evaluator_v2.3,1.0,57726.5,3,KAFarmTwin-TypedRepair,0.9825,0.7273,1.0,EXT-SC-039,scene_construction,False,5422
0.0,0.00106862,1.0,True,medium,8b7d4695f32523c96c79e649252f6f7b9f85eab9a7f6973a565553a740c47c5f,evaluator_v2.3,1.0,47776.2,3,SingleAgent-AllTools,1.0,0.8333,0.6667,EXT-SC-039,scene_construction,False,5047
0.0,0.00099848,1.0,False,medium,8b7d4695f32523c96c79e649252f6f7b9f85eab9a7f6973a565553a740c47c5f,evaluator_v2.3,1.0,46063.6,3,SingleAgent-AllTools,0.9756,0.7273,0.625,EXT-SC-045,scene_construction,False,4792
0.0,0.00117768,1.0,True,medium,8b7d4695f32523c96c79e649252f6f7b9f85eab9a7f6973a565553a740c47c5f,evaluator_v2.3,1.0,54965.4,3,KAFarmTwin-TypedRepair,1.0,0.4167,1.0,EXT-SC-045,scene_construction,False,5523
0.0,0.0,1.0,True,medium,8b7d4695f32523c96c79e649252f6f7b9f85eab9a7f6973a565553a740c47c5f,evaluator_v2.3,1.0,2.4,0,KAFarmTwin-TypedRepair,0.0,0.0,0.0,EXT-MQ-026,memory_query,False,0
0.0,0.0,1.0,True,medium,8b7d4695f32523c96c79e649252f6f7b9f85eab9a7f6973a565553a740c47c5f,evaluator_v2.3,1.0,1.4,0,SingleAgent-AllTools,0.0,0.0,0.0,EXT-MQ-026,memory_query,False,0
0.5,0.00042,1.0,False,easy,8b7d4695f32523c96c79e649252f6f7b9f85eab9a7f6973a565553a740c47c5f,evaluator_v2.3,1.0,20845.6,1,SingleAgent-AllTools,1.0,1.0,0.0,EXT-DB-010,data_binding,False,1922
0.5,0.00059416,1.0,False,easy,8b7d4695f32523c96c79e649252f6f7b9f85eab9a7f6973a565553a740c47c5f,evaluator_v2.3,1.0,21847.2,2,KAFarmTwin-TypedRepair,1.0,1.0,1.0,EXT-DB-010,data_binding,False,3213
0.0,0.00126154,1.0,False,medium,8b7d4695f32523c96c79e649252f6f7b9f85eab9a7f6973a565553a740c47c5f,evaluator_v2.3,1.0,45572.2,4,KAFarmTwin-TypedRepair,1.0,0.6154,1.0,EXT-SC-028,scene_construction,False,6643
0.0,0.00101304,1.0,True,medium,8b7d4695f32523c96c79e649252f6f7b9f85eab9a7f6973a565553a740c47c5f,evaluator_v2.3,1.0,46595.9,3,SingleAgent-AllTools,1.0,0.8333,0.6667,EXT-SC-028,scene_construction,False,4827
0.0,0.00235074,1.0,False,medium,8b7d4695f32523c96c79e649252f6f7b9f85eab9a7f6973a565553a740c47c5f,evaluator_v2.3,0.0,144739.9,1,SingleAgent-AllTools,0.0,0.0,0.0,EXT-SC-035,scene_construction,False,8776
0.0,0.00127414,1.0,True,medium,8b7d4695f32523c96c79e649252f6f7b9f85eab9a7f6973a565553a740c47c5f,evaluator_v2.3,1.0,65719.7,3,KAFarmTwin-TypedRepair,1.0,1.0,1.0,EXT-SC-035,scene_construction,False,5767
0.0,0.0014119000000000002,1.0,True,hard,8b7d4695f32523c96c79e649252f6f7b9f85eab9a7f6973a565553a740c47c5f,evaluator_v2.3,1.0,55918.0,4,KAFarmTwin-TypedRepair,1.0,0.9231,1.0,EXT-SC-053,scene_construction,False,7070
0.0,0.00087696,1.0,False,hard,8b7d4695f32523c96c79e649252f6f7b9f85eab9a7f6973a565553a740c47c5f,evaluator_v2.3,1.0,38837.6,3,SingleAgent-AllTools,1.0,0.8333,0.625,EXT-SC-053,scene_construction,False,4366
0.0,0.0,1.0,False,easy,8b7d4695f32523c96c79e649252f6f7b9f85eab9a7f6973a565553a740c47c5f,evaluator_v2.3,1.0,0.0,0,SingleAgent-AllTools,1.0,0.0,1.0,EXT-RR-002,rule_repair,False,0
1.0,0.00026488,1.0,True,easy,8b7d4695f32523c96c79e649252f6f7b9f85eab9a7f6973a565553a740c47c5f,evaluator_v2.3,1.0,7588.6,1,KAFarmTwin-TypedRepair,1.0,1.0,1.0,EXT-RR-002,rule_repair,False,1535
0.0,0.0,1.0,True,hard,8b7d4695f32523c96c79e649252f6f7b9f85eab9a7f6973a565553a740c47c5f,evaluator_v2.3,1.0,2.5,0,KAFarmTwin-TypedRepair,0.0,0.0,0.0,EXT-MQ-059,memory_query,False,0
0.0,0.0,1.0,True,hard,8b7d4695f32523c96c79e649252f6f7b9f85eab9a7f6973a565553a740c47c5f,evaluator_v2.3,1.0,2.0,0,SingleAgent-AllTools,0.0,0.0,0.0,EXT-MQ-059,memory_query,False,0
0.0,0.0,1.0,False,medium,8b7d4695f32523c96c79e649252f6f7b9f85eab9a7f6973a565553a740c47c5f,evaluator_v2.3,1.0,0.0,0,SingleAgent-AllTools,1.0,0.0,1.0,EXT-RR-026,rule_repair,False,0
1.0,0.0002744,1.0,True,medium,8b7d4695f32523c96c79e649252f6f7b9f85eab9a7f6973a565553a740c47c5f,evaluator_v2.3,1.0,7055.2,1,KAFarmTwin-TypedRepair,1.0,1.0,1.0,EXT-RR-026,rule_repair,False,1625
1.0,0.00048552,1.0,False,medium,8b7d4695f32523c96c79e649252f6f7b9f85eab9a7f6973a565553a740c47c5f,evaluator_v2.3,1.0,195161.1,2,KAFarmTwin-TypedRepair,0.9615,0.75,1.0,EXT-AR-038,asset_routing,False,2841
0.0,0.0010829,1.0,False,medium,8b7d4695f32523c96c79e649252f6f7b9f85eab9a7f6973a565553a740c47c5f,evaluator_v2.3,1.0,52966.8,3,SingleAgent-AllTools,0.0755,0.6667,0.9,EXT-AR-038,asset_routing,False,5113
0.0,0.00122514,1.0,True,hard,8b7d4695f32523c96c79e649252f6f7b9f85eab9a7f6973a565553a740c47c5f,evaluator_v2.3,1.0,60049.8,3,SingleAgent-AllTools,1.0,1.0,0.625,EXT-SC-056,scene_construction,False,5592
0.0,0.00204666,1.0,True,hard,8b7d4695f32523c96c79e649252f6f7b9f85eab9a7f6973a565553a740c47c5f,evaluator_v2.3,1.0,119230.1,3,KAFarmTwin-TypedRepair,1.0,1.0,1.0,EXT-SC-056,scene_construction,False,8526
1.0,0.00059668,1.0,True,medium,8b7d4695f32523c96c79e649252f6f7b9f85eab9a7f6973a565553a740c47c5f,evaluator_v2.3,1.0,20083.9,2,KAFarmTwin-TypedRepair,1.0,1.0,1.0,EXT-DB-030,data_binding,False,3334
1.0,0.00028126,1.0,True,medium,8b7d4695f32523c96c79e649252f6f7b9f85eab9a7f6973a565553a740c47c5f,evaluator_v2.3,1.0,14103.4,1,SingleAgent-AllTools,1.0,1.0,0.0,EXT-DB-030,data_binding,False,1442
0.0,0.00085666,1.0,False,medium,8b7d4695f32523c96c79e649252f6f7b9f85eab9a7f6973a565553a740c47c5f,evaluator_v2.3,1.0,220436.3,3,SingleAgent-AllTools,0.04,0.4,0.875,EXT-AR-031,asset_routing,False,4287
1.0,0.0011047399999999999,1.0,False,medium,8b7d4695f32523c96c79e649252f6f7b9f85eab9a7f6973a565553a740c47c5f,evaluator_v2.3,1.0,60092.7,2,KAFarmTwin-TypedRepair,0.24,1.0,1.0,EXT-AR-031,asset_routing,False,5054
0.0,0.0,1.0,True,medium,8b7d4695f32523c96c79e649252f6f7b9f85eab9a7f6973a565553a740c47c5f,evaluator_v2.3,1.0,2.6,0,KAFarmTwin-TypedRepair,0.0,0.0,0.0,EXT-MQ-037,memory_query,False,0
0.0,0.0,1.0,True,medium,8b7d4695f32523c96c79e649252f6f7b9f85eab9a7f6973a565553a740c47c5f,evaluator_v2.3,1.0,2.1,0,SingleAgent-AllTools,0.0,0.0,0.0,EXT-MQ-037,memory_query,False,0
0.0,0.0014441,1.0,False,hard,8b7d4695f32523c96c79e649252f6f7b9f85eab9a7f6973a565553a740c47c5f,evaluator_v2.3,1.0,80203.8,3,SingleAgent-AllTools,0.7195,0.3158,0.8,EXT-SC-057,scene_construction,False,6433
0.0,0.00119966,1.0,False,hard,8b7d4695f32523c96c79e649252f6f7b9f85eab9a7f6973a565553a740c47c5f,evaluator_v2.3,1.0,65274.5,3,KAFarmTwin-TypedRepair,0.9916,0.7273,1.0,EXT-SC-057,scene_construction,False,5500
0.0,0.0012612600000000002,1.0,True,medium,8b7d4695f32523c96c79e649252f6f7b9f85eab9a7f6973a565553a740c47c5f,evaluator_v2.3,1.0,252226.1,3,KAFarmTwin-TypedRepair,1.0,1.0,1.0,EXT-SC-020,scene_construction,False,5715
0.0,0.00121646,1.0,False,medium,8b7d4695f32523c96c79e649252f6f7b9f85eab9a7f6973a565553a740c47c5f,evaluator_v2.3,1.0,64969.7,3,SingleAgent-AllTools,1.0,0.375,0.5714,EXT-SC-020,scene_construction,False,5551
0.0,0.0,1.0,True,medium,8b7d4695f32523c96c79e649252f6f7b9f85eab9a7f6973a565553a740c47c5f,evaluator_v2.3,1.0,2.4,0,SingleAgent-AllTools,0.0,0.0,0.0,EXT-MQ-021,memory_query,False,0
0.0,0.0,1.0,True,medium,8b7d4695f32523c96c79e649252f6f7b9f85eab9a7f6973a565553a740c47c5f,evaluator_v2.3,1.0,1.9,0,KAFarmTwin-TypedRepair,0.0,0.0,0.0,EXT-MQ-021,memory_query,False,0
1.0,0.0002191,1.0,True,hard,8b7d4695f32523c96c79e649252f6f7b9f85eab9a7f6973a565553a740c47c5f,evaluator_v2.3,1.0,2648.6,1,KAFarmTwin-TypedRepair,1.0,1.0,1.0,EXT-RR-051,rule_repair,False,1470
0.0,0.0,1.0,False,hard,8b7d4695f32523c96c79e649252f6f7b9f85eab9a7f6973a565553a740c47c5f,evaluator_v2.3,1.0,0.0,0,SingleAgent-AllTools,1.0,0.0,1.0,EXT-RR-051,rule_repair,False,0
0.0,0.00105784,1.0,False,medium,8b7d4695f32523c96c79e649252f6f7b9f85eab9a7f6973a565553a740c47c5f,evaluator_v2.3,1.0,50458.9,3,SingleAgent-AllTools,0.1905,0.5,0.6667,EXT-SC-032,scene_construction,False,5004
0.0,0.0011300799999999999,1.0,True,medium,8b7d4695f32523c96c79e649252f6f7b9f85eab9a7f6973a565553a740c47c5f,evaluator_v2.3,1.0,60393.1,3,KAFarmTwin-TypedRepair,1.0,1.0,1.0,EXT-SC-032,scene_construction,False,5239
0.75,0.0006333599999999999,1.0,False,medium,8b7d4695f32523c96c79e649252f6f7b9f85eab9a7f6973a565553a740c47c5f,evaluator_v2.3,1.0,22890.3,2,KAFarmTwin-TypedRepair,1.0,1.0,1.0,EXT-DB-031,data_binding,False,3568
0.75,0.000371,1.0,False,medium,8b7d4695f32523c96c79e649252f6f7b9f85eab9a7f6973a565553a740c47c5f,evaluator_v2.3,1.0,19150.3,1,SingleAgent-AllTools,1.0,1.0,0.0,EXT-DB-031,data_binding,False,1777
0.0,0.0,1.0,True,medium,8b7d4695f32523c96c79e649252f6f7b9f85eab9a7f6973a565553a740c47c5f,evaluator_v2.3,1.0,2.4,0,SingleAgent-AllTools,0.0,0.0,0.0,EXT-MQ-019,memory_query,False,0
0.0,0.0,1.0,True,medium,8b7d4695f32523c96c79e649252f6f7b9f85eab9a7f6973a565553a740c47c5f,evaluator_v2.3,1.0,1.9,0,KAFarmTwin-TypedRepair,0.0,0.0,0.0,EXT-MQ-019,memory_query,False,0
1.0,0.00026642,1.0,True,medium,8b7d4695f32523c96c79e649252f6f7b9f85eab9a7f6973a565553a740c47c5f,evaluator_v2.3,1.0,6681.5,1,KAFarmTwin-TypedRepair,1.0,1.0,1.0,EXT-RR-035,rule_repair,False,1584
0.0,0.0,1.0,False,medium,8b7d4695f32523c96c79e649252f6f7b9f85eab9a7f6973a565553a740c47c5f,evaluator_v2.3,1.0,0.0,0,SingleAgent-AllTools,1.0,0.0,1.0,EXT-RR-035,rule_repair,False,0
0.0,0.0012766599999999998,1.0,False,medium,8b7d4695f32523c96c79e649252f6f7b9f85eab9a7f6973a565553a740c47c5f,evaluator_v2.3,1.0,68516.4,3,SingleAgent-AllTools,1.0,0.8,0.625,EXT-SC-036,scene_construction,False,5767
0.0,0.00481474,1.0,True,medium,8b7d4695f32523c96c79e649252f6f7b9f85eab9a7f6973a565553a740c47c5f,evaluator_v2.3,1.0,222030.1,9,KAFarmTwin-TypedRepair,1.0,0.9091,1.0,EXT-SC-036,scene_construction,False,23453
1.0,0.00024584,1.0,True,medium,8b7d4695f32523c96c79e649252f6f7b9f85eab9a7f6973a565553a740c47c5f,evaluator_v2.3,1.0,5071.6,1,KAFarmTwin-TypedRepair,1.0,1.0,1.0,EXT-RR-017,rule_repair,False,1515
0.0,0.0,1.0,False,medium,8b7d4695f32523c96c79e649252f6f7b9f85eab9a7f6973a565553a740c47c5f,evaluator_v2.3,1.0,0.0,0,SingleAgent-AllTools,1.0,0.0,1.0,EXT-RR-017,rule_repair,False,0
0.0,0.0,1.0,True,medium,8b7d4695f32523c96c79e649252f6f7b9f85eab9a7f6973a565553a740c47c5f,evaluator_v2.3,1.0,2.4,0,SingleAgent-AllTools,0.0,0.0,0.0,EXT-MQ-023,memory_query,False,0
0.0,0.0,1.0,True,medium,8b7d4695f32523c96c79e649252f6f7b9f85eab9a7f6973a565553a740c47c5f,evaluator_v2.3,1.0,1.9,0,KAFarmTwin-TypedRepair,0.0,0.0,0.0,EXT-MQ-023,memory_query,False,0
1.0,0.0002681,1.0,True,medium,8b7d4695f32523c96c79e649252f6f7b9f85eab9a7f6973a565553a740c47c5f,evaluator_v2.3,1.0,7203.7,1,KAFarmTwin-TypedRepair,1.0,1.0,1.0,EXT-RR-040,rule_repair,False,1606
0.0,0.0,1.0,False,medium,8b7d4695f32523c96c79e649252f6f7b9f85eab9a7f6973a565553a740c47c5f,evaluator_v2.3,1.0,0.0,0,SingleAgent-AllTools,1.0,0.0,1.0,EXT-RR-040,rule_repair,False,0
0.75,0.00032368,1.0,False,medium,8b7d4695f32523c96c79e649252f6f7b9f85eab9a7f6973a565553a740c47c5f,evaluator_v2.3,1.0,14385.1,1,SingleAgent-AllTools,1.0,1.0,0.0,EXT-DB-045,data_binding,False,1611
0.75,0.00081144,1.0,False,medium,8b7d4695f32523c96c79e649252f6f7b9f85eab9a7f6973a565553a740c47c5f,evaluator_v2.3,1.0,34081.0,2,KAFarmTwin-TypedRepair,1.0,1.0,1.0,EXT-DB-045,data_binding,False,4207
1.0,0.00099904,1.0,False,medium,8b7d4695f32523c96c79e649252f6f7b9f85eab9a7f6973a565553a740c47c5f,evaluator_v2.3,1.0,53692.8,2,KAFarmTwin-TypedRepair,0.3913,0.75,1.0,EXT-AR-029,asset_routing,False,4678
0.0,0.00103026,1.0,False,medium,8b7d4695f32523c96c79e649252f6f7b9f85eab9a7f6973a565553a740c47c5f,evaluator_v2.3,1.0,233980.5,3,SingleAgent-AllTools,0.0851,0.8889,0.8571,EXT-AR-029,asset_routing,False,4901
0.0,0.00124166,1.0,False,hard,8b7d4695f32523c96c79e649252f6f7b9f85eab9a7f6973a565553a740c47c5f,evaluator_v2.3,1.0,67680.2,3,SingleAgent-AllTools,0.0274,0.3529,0.9286,EXT-AR-047,asset_routing,False,5717
1.0,0.00078876,1.0,False,hard,8b7d4695f32523c96c79e649252f6f7b9f85eab9a7f6973a565553a740c47c5f,evaluator_v2.3,1.0,31266.8,2,KAFarmTwin-TypedRepair,0.25,0.6,1.0,EXT-AR-047,asset_routing,False,4029
0.6667,0.00053452,1.0,False,medium,8b7d4695f32523c96c79e649252f6f7b9f85eab9a7f6973a565553a740c47c5f,evaluator_v2.3,1.0,16770.8,2,KAFarmTwin-TypedRepair,0.9655,0.75,1.0,EXT-AR-032,asset_routing,False,3042
0.0,0.00137284,1.0,False,medium,8b7d4695f32523c96c79e649252f6f7b9f85eab9a7f6973a565553a740c47c5f,evaluator_v2.3,1.0,67294.3,3,SingleAgent-AllTools,0.0984,0.3636,0.8889,EXT-AR-032,asset_routing,False,6135
0.0,0.00112546,1.0,False,medium,8b7d4695f32523c96c79e649252f6f7b9f85eab9a7f6973a565553a740c47c5f,evaluator_v2.3,1.0,55274.5,3,SingleAgent-AllTools,0.087,0.3636,0.8889,EXT-AR-044,asset_routing,False,5272
1.0,0.00063658,1.0,False,medium,8b7d4695f32523c96c79e649252f6f7b9f85eab9a7f6973a565553a740c47c5f,evaluator_v2.3,1.0,23410.3,2,KAFarmTwin-TypedRepair,0.2609,0.75,1.0,EXT-AR-044,asset_routing,False,3391
1.0,0.00049756,1.0,False,easy,8b7d4695f32523c96c79e649252f6f7b9f85eab9a7f6973a565553a740c47c5f,evaluator_v2.3,1.0,15129.4,2,KAFarmTwin-TypedRepair,0.375,1.0,1.0,EXT-AR-014,asset_routing,False,2813
0.0,0.00083496,1.0,False,easy,8b7d4695f32523c96c79e649252f6f7b9f85eab9a7f6973a565553a740c47c5f,evaluator_v2.3,1.0,218127.9,3,SingleAgent-AllTools,0.3636,0.4,0.8889,EXT-AR-014,asset_routing,False,4188
0.0,0.00166754,1.0,False,medium,8b7d4695f32523c96c79e649252f6f7b9f85eab9a7f6973a565553a740c47c5f,evaluator_v2.3,1.0,86934.0,3,SingleAgent-AllTools,0.0455,0.2,0.875,EXT-AR-037,asset_routing,False,7182
0.6667,0.00057722,1.0,False,medium,8b7d4695f32523c96c79e649252f6f7b9f85eab9a7f6973a565553a740c47c5f,evaluator_v2.3,1.0,19960.8,2,KAFarmTwin-TypedRepair,0.9545,0.75,1.0,EXT-AR-037,asset_routing,False,3158
1.0,0.00103054,1.0,False,medium,8b7d4695f32523c96c79e649252f6f7b9f85eab9a7f6973a565553a740c47c5f,evaluator_v2.3,1.0,50860.0,2,KAFarmTwin-TypedRepair,0.3103,0.75,1.0,EXT-AR-017,asset_routing,False,4766
0.0,0.00114548,1.0,False,medium,8b7d4695f32523c96c79e649252f6f7b9f85eab9a7f6973a565553a740c47c5f,evaluator_v2.3,1.0,53548.6,3,SingleAgent-AllTools,0.058,0.2105,0.5882,EXT-AR-017,asset_routing,False,5388
1.0,0.00026138,1.0,True,easy,8b7d4695f32523c96c79e649252f6f7b9f85eab9a7f6973a565553a740c47c5f,evaluator_v2.3,1.0,9949.4,1,SingleAgent-AllTools,1.0,1.0,0.0,EXT-DB-013,data_binding,False,1358
1.0,0.0006305600000000001,1.0,True,easy,8b7d4695f32523c96c79e649252f6f7b9f85eab9a7f6973a565553a740c47c5f,evaluator_v2.3,1.0,24613.6,2,KAFarmTwin-TypedRepair,1.0,1.0,1.0,EXT-DB-013,data_binding,False,3350
0.0,0.0,1.0,True,hard,8b7d4695f32523c96c79e649252f6f7b9f85eab9a7f6973a565553a740c47c5f,evaluator_v2.3,1.0,2.6,0,KAFarmTwin-TypedRepair,0.0,0.0,0.0,EXT-MQ-057,memory_query,False,0
0.0,0.0,1.0,True,hard,8b7d4695f32523c96c79e649252f6f7b9f85eab9a7f6973a565553a740c47c5f,evaluator_v2.3,1.0,1.8,0,SingleAgent-AllTools,0.0,0.0,0.0,EXT-MQ-057,memory_query,False,0
0.0,0.0,1.0,True,medium,8b7d4695f32523c96c79e649252f6f7b9f85eab9a7f6973a565553a740c47c5f,evaluator_v2.3,1.0,1.7,0,SingleAgent-AllTools,0.0,0.0,0.0,EXT-MQ-044,memory_query,False,0
0.0,0.0,1.0,True,medium,8b7d4695f32523c96c79e649252f6f7b9f85eab9a7f6973a565553a740c47c5f,evaluator_v2.3,1.0,1.4,0,KAFarmTwin-TypedRepair,0.0,0.0,0.0,EXT-MQ-044,memory_query,False,0
0.75,0.00063644,1.0,False,medium,8b7d4695f32523c96c79e649252f6f7b9f85eab9a7f6973a565553a740c47c5f,evaluator_v2.3,1.0,21278.7,2,KAFarmTwin-TypedRepair,1.0,1.0,1.0,EXT-DB-025,data_binding,False,3582
0.75,0.00032844,1.0,False,medium,8b7d4695f32523c96c79e649252f6f7b9f85eab9a7f6973a565553a740c47c5f,evaluator_v2.3,1.0,14854.4,1,SingleAgent-AllTools,1.0,1.0,0.0,EXT-DB-025,data_binding,False,1628
0.0,0.0010942400000000002,1.0,True,easy,8b7d4695f32523c96c79e649252f6f7b9f85eab9a7f6973a565553a740c47c5f,evaluator_v2.3,1.0,55616.3,3,SingleAgent-AllTools,1.0,1.0,0.6667,EXT-SC-009,scene_construction,False,5122
0.0,0.0037646,1.0,True,easy,8b7d4695f32523c96c79e649252f6f7b9f85eab9a7f6973a565553a740c47c5f,evaluator_v2.3,1.0,168130.8,7,KAFarmTwin-TypedRepair,1.0,0.2759,1.0,EXT-SC-009,scene_construction,False,18437
0.5,0.0005564999999999999,1.0,False,easy,8b7d4695f32523c96c79e649252f6f7b9f85eab9a7f6973a565553a740c47c5f,evaluator_v2.3,1.0,21288.0,2,KAFarmTwin-TypedRepair,1.0,1.0,1.0,EXT-AR-012,asset_routing,False,3023
0.0,0.00087892,1.0,False,easy,8b7d4695f32523c96c79e649252f6f7b9f85eab9a7f6973a565553a740c47c5f,evaluator_v2.3,1.0,45674.5,3,SingleAgent-AllTools,0.0,0.0,1.0,EXT-AR-012,asset_routing,False,4308
0.0,0.0,1.0,True,easy,8b7d4695f32523c96c79e649252f6f7b9f85eab9a7f6973a565553a740c47c5f,evaluator_v2.3,1.0,1.8,0,SingleAgent-AllTools,0.0,0.0,0.0,EXT-MQ-001,memory_query,False,0
0.0,0.0,1.0,True,easy,8b7d4695f32523c96c79e649252f6f7b9f85eab9a7f6973a565553a740c47c5f,evaluator_v2.3,1.0,1.5,0,KAFarmTwin-TypedRepair,0.0,0.0,0.0,EXT-MQ-001,memory_query,False,0
1.0,0.0006689199999999999,1.0,False,hard,8b7d4695f32523c96c79e649252f6f7b9f85eab9a7f6973a565553a740c47c5f,evaluator_v2.3,1.0,25988.6,2,KAFarmTwin-TypedRepair,0.9429,0.6,1.0,EXT-AR-055,asset_routing,False,3615
0.0,0.0005544,0.0,False,hard,8b7d4695f32523c96c79e649252f6f7b9f85eab9a7f6973a565553a740c47c5f,evaluator_v2.3,0.0,31188.9,1,SingleAgent-AllTools,0.0,0.0,0.0,EXT-AR-055,asset_routing,False,2362
0.0,0.0,1.0,True,easy,8b7d4695f32523c96c79e649252f6f7b9f85eab9a7f6973a565553a740c47c5f,evaluator_v2.3,1.0,1.6,0,SingleAgent-AllTools,0.0,0.0,0.0,EXT-MQ-010,memory_query,False,0
0.0,0.0,1.0,True,easy,8b7d4695f32523c96c79e649252f6f7b9f85eab9a7f6973a565553a740c47c5f,evaluator_v2.3,1.0,1.3,0,KAFarmTwin-TypedRepair,0.0,0.0,0.0,EXT-MQ-010,memory_query,False,0
0.0,0.0017901800000000002,1.0,True,medium,8b7d4695f32523c96c79e649252f6f7b9f85eab9a7f6973a565553a740c47c5f,evaluator_v2.3,1.0,101680.7,3,KAFarmTwin-TypedRepair,1.0,1.0,1.0,EXT-SC-023,scene_construction,False,7607
0.0,0.00098602,1.0,False,medium,8b7d4695f32523c96c79e649252f6f7b9f85eab9a7f6973a565553a740c47c5f,evaluator_v2.3,1.0,48640.0,3,SingleAgent-AllTools,1.0,0.8,0.5714,EXT-SC-023,scene_construction,False,4729
0.6667,0.0003822,1.0,False,hard,8b7d4695f32523c96c79e649252f6f7b9f85eab9a7f6973a565553a740c47c5f,evaluator_v2.3,1.0,17331.3,1,SingleAgent-AllTools,1.0,1.0,0.0,EXT-DB-050,data_binding,False,1852
0.6667,0.00075194,1.0,False,hard,8b7d4695f32523c96c79e649252f6f7b9f85eab9a7f6973a565553a740c47c5f,evaluator_v2.3,1.0,23208.5,2,KAFarmTwin-TypedRepair,1.0,1.0,1.0,EXT-DB-050,data_binding,False,4271
0.0,0.0,1.0,True,medium,8b7d4695f32523c96c79e649252f6f7b9f85eab9a7f6973a565553a740c47c5f,evaluator_v2.3,1.0,2.3,0,KAFarmTwin-TypedRepair,0.0,0.0,0.0,EXT-MQ-033,memory_query,False,0
0.0,0.0,1.0,True,medium,8b7d4695f32523c96c79e649252f6f7b9f85eab9a7f6973a565553a740c47c5f,evaluator_v2.3,1.0,1.8,0,SingleAgent-AllTools,0.0,0.0,0.0,EXT-MQ-033,memory_query,False,0
0.0,0.0,1.0,False,medium,8b7d4695f32523c96c79e649252f6f7b9f85eab9a7f6973a565553a740c47c5f,evaluator_v2.3,1.0,0.0,0,SingleAgent-AllTools,1.0,0.0,1.0,EXT-RR-024,rule_repair,False,0
1.0,0.00026558,1.0,True,medium,8b7d4695f32523c96c79e649252f6f7b9f85eab9a7f6973a565553a740c47c5f,evaluator_v2.3,1.0,6295.6,1,KAFarmTwin-TypedRepair,1.0,1.0,1.0,EXT-RR-024,rule_repair,False,1599
0.6667,0.00061054,1.0,False,medium,8b7d4695f32523c96c79e649252f6f7b9f85eab9a7f6973a565553a740c47c5f,evaluator_v2.3,1.0,20604.5,2,KAFarmTwin-TypedRepair,1.0,1.0,1.0,EXT-DB-028,data_binding,False,3381
0.6667,0.00029386,1.0,False,medium,8b7d4695f32523c96c79e649252f6f7b9f85eab9a7f6973a565553a740c47c5f,evaluator_v2.3,1.0,16069.4,1,SingleAgent-AllTools,1.0,1.0,0.0,EXT-DB-028,data_binding,False,1486
0.0,0.0,1.0,False,easy,8b7d4695f32523c96c79e649252f6f7b9f85eab9a7f6973a565553a740c47c5f,evaluator_v2.3,1.0,0.0,0,SingleAgent-AllTools,1.0,0.0,1.0,EXT-RR-001,rule_repair,False,0
1.0,0.00018886,1.0,True,easy,8b7d4695f32523c96c79e649252f6f7b9f85eab9a7f6973a565553a740c47c5f,evaluator_v2.3,1.0,3201.1,1,KAFarmTwin-TypedRepair,1.0,1.0,1.0,EXT-RR-001,rule_repair,False,1256
0.0,0.0,1.0,True,medium,8b7d4695f32523c96c79e649252f6f7b9f85eab9a7f6973a565553a740c47c5f,evaluator_v2.3,1.0,2.1,0,KAFarmTwin-TypedRepair,0.0,0.0,0.0,EXT-MQ-028,memory_query,False,0
0.0,0.0,1.0,True,medium,8b7d4695f32523c96c79e649252f6f7b9f85eab9a7f6973a565553a740c47c5f,evaluator_v2.3,1.0,1.6,0,SingleAgent-AllTools,0.0,0.0,0.0,EXT-MQ-028,memory_query,False,0
0.0,0.0,1.0,False,medium,8b7d4695f32523c96c79e649252f6f7b9f85eab9a7f6973a565553a740c47c5f,evaluator_v2.3,1.0,0.0,0,SingleAgent-AllTools,1.0,0.0,1.0,EXT-RR-028,rule_repair,False,0
1.0,0.00021714,1.0,True,medium,8b7d4695f32523c96c79e649252f6f7b9f85eab9a7f6973a565553a740c47c5f,evaluator_v2.3,1.0,3695.8,1,KAFarmTwin-TypedRepair,1.0,1.0,1.0,EXT-RR-028,rule_repair,False,1426
0.6667,0.00080346,1.0,False,hard,8b7d4695f32523c96c79e649252f6f7b9f85eab9a7f6973a565553a740c47c5f,evaluator_v2.3,1.0,30265.8,2,KAFarmTwin-TypedRepair,1.0,1.0,1.0,EXT-DB-054,data_binding,False,4454
1.0,0.00033264,1.0,True,hard,8b7d4695f32523c96c79e649252f6f7b9f85eab9a7f6973a565553a740c47c5f,evaluator_v2.3,1.0,15883.0,1,SingleAgent-AllTools,1.0,1.0,0.0,EXT-DB-054,data_binding,False,1677
0.0,0.00117628,1.0,False,hard,8b7d4695f32523c96c79e649252f6f7b9f85eab9a7f6973a565553a740c47c5f,evaluator_v2.3,1.0,56229.3,3,SingleAgent-AllTools,0.0377,0.375,0.9231,EXT-AR-058,asset_routing,False,5487
1.0,0.00111034,1.0,False,hard,8b7d4695f32523c96c79e649252f6f7b9f85eab9a7f6973a565553a740c47c5f,evaluator_v2.3,1.0,58371.5,2,KAFarmTwin-TypedRepair,0.9231,0.6,1.0,EXT-AR-058,asset_routing,False,5163
